has_anonymous_profile_picture,is_possible_bad_actor,full_name,is_verified,username,datetime_inserted,_id,profile_pic_id,pk,is_private,profile_pic_url,is_favorite,strong_id__,pk_id,third_party_downloads_enabled,account_badges,latest_reel_media,is_possible_scammer,fbid_v2
false,"{""is_possible_scammer"": false, ""is_possible_impersonator"": {""is_unconnected_impersonator"": false, ""connected_similar_user_id"": null}, ""is_possible_impersonator_threads"": {""is_unconnected_impersonator"": false, ""connected_similar_user_id"": null}}","""Mathias Racicot""",false,"""math.racicot""","""""","""""","""2338233203448264130_6255640631""","""6255640631""",true,"""https://scontent-yyz1-1.cdninstagram.com/v/t51.2885-19/103985699_269860980993753_1074291856252613736_n.jpg?stp=dst-jpg_s150x150&_nc_ht=scontent-yyz1-1.cdninstagram.com&_nc_cat=109&_nc_ohc=V7aAXFvaoaMAX_4kVza&edm=ALB854YBAAAA&ccb=7-5&oh=00_AfABjFma08oMzCm8QIdeAFNbjowRCcuNRo7o3c81TmH6ew&oe=6537CF94&_nc_sid=ce9561""",false,"""6255640631""","""6255640631""",0,[],0,false,"""17841406258931955"""
false,"{""is_possible_scammer"": false, ""is_possible_impersonator"": {""is_unconnected_impersonator"": false, ""connected_similar_user_id"": null}, ""is_possible_impersonator_threads"": {""is_unconnected_impersonator"": false, ""connected_similar_user_id"": null}}","""Ismaiel Abd""",false,"""ismaielabd""","""""","""""","""2969478067392144643_8123533400""","""8123533400""",false,"""https://scontent-yyz1-1.cdninstagram.com/v/t51.2885-19/314932709_3217867555143748_7461216602165599683_n.jpg?stp=dst-jpg_s150x150&_nc_ht=scontent-yyz1-1.cdninstagram.com&_nc_cat=104&_nc_ohc=wQtIXtUr_vUAX9lg4vz&edm=ALB854YBAAAA&ccb=7-5&oh=00_AfDZckietP3BQGIdESGsA1If33QSbjAEZGhDomd80Yu9vQ&oe=65361BD8&_nc_sid=ce9561""",false,"""8123533400""","""8123533400""",0,[],0,false,"""17841408082025441"""
false,"{""is_possible_scammer"": false, ""is_possible_impersonator"": {""is_unconnected_impersonator"": false, ""connected_similar_user_id"": null}, ""is_possible_impersonator_threads"": {""is_unconnected_impersonator"": false, ""connected_similar_user_id"": null}}","""Steven""",false,"""5tevenvo""","""""","""""","""3209302800302915243_12189365645""","""12189365645""",true,"""https://scontent-yyz1-1.cdninstagram.com/v/t51.2885-19/387266044_1359025348303617_7035009463343785966_n.jpg?stp=dst-jpg_s150x150&_nc_ht=scontent-yyz1-1.cdninstagram.com&_nc_cat=109&_nc_ohc=3XYN2QVG4FoAX8JXzkP&edm=ALB854YBAAAA&ccb=7-5&oh=00_AfAJXTRDFZzypuSrhscCNT0ghdvQreClpYWPQ85hOyrfKQ&oe=6537AD86&_nc_sid=ce9561""",false,"""12189365645""","""12189365645""",0,[],0,false,"""17841412169373670"""
false,"{""is_possible_scammer"": false, ""is_possible_impersonator"": {""is_unconnected_impersonator"": false, ""connected_similar_user_id"": null}, ""is_possible_impersonator_threads"": {""is_unconnected_impersonator"": false, ""connected_similar_user_id"": null}}","""Sacha Paquette""",false,"""sachapaquette""","""""","""""","""3195365838194574268_4025752585""","""4025752585""",false,"""https://scontent-yyz1-1.cdninstagram.com/v/t51.2885-19/381266691_1331569327461583_5812497227116022483_n.jpg?stp=dst-jpg_s150x150&_nc_ht=scontent-yyz1-1.cdninstagram.com&_nc_cat=107&_nc_ohc=KySfCr1gE8sAX-8qPyU&edm=ALB854YBAAAA&ccb=7-5&oh=00_AfBTpyh1V5AEk7yyPUm042EHbokJVdGd--GiCLWYFTO7VQ&oe=6535FE87&_nc_sid=ce9561""",false,"""4025752585""","""4025752585""",0,[],0,false,"""17841403857573219"""
false,"{""is_possible_scammer"": false, ""is_possible_impersonator"": {""is_unconnected_impersonator"": false, ""connected_similar_user_id"": null}, ""is_possible_impersonator_threads"": {""is_unconnected_impersonator"": false, ""connected_similar_user_id"": null}}","""Adriana""",false,"""adriana.olivares.hdz""","""""","""""","""2654110581814932857_49236729947""","""49236729947""",false,"""https://scontent-yyz1-1.cdninstagram.com/v/t51.2885-19/241223134_275126761088877_8952593906517808889_n.jpg?stp=dst-jpg_s150x150&_nc_ht=scontent-yyz1-1.cdninstagram.com&_nc_cat=109&_nc_ohc=6WCXotoHIkEAX-_SmNd&edm=ALB854YBAAAA&ccb=7-5&oh=00_AfDhqH5mNi_Mukd6wfownrV95S828LcDBJSDTTjDlcQh9A&oe=6536DBA8&_nc_sid=ce9561""",false,"""49236729947""","""49236729947""",0,[],0,false,"""17841449258414591"""
false,"{""is_possible_scammer"": false, ""is_possible_impersonator"": {""is_unconnected_impersonator"": false, ""connected_similar_user_id"": null}, ""is_possible_impersonator_threads"": {""is_unconnected_impersonator"": false, ""connected_similar_user_id"": null}}","""Adriana Olivares H.""",false,"""adriana.olivares.h""","""""","""""","""3172511662082776803_317823002""","""317823002""",false,"""https://scontent-yyz1-1.cdninstagram.com/v/t51.2885-19/368131204_615377574055952_8277377151778136842_n.jpg?stp=dst-jpg_s150x150&_nc_ht=scontent-yyz1-1.cdninstagram.com&_nc_cat=108&_nc_ohc=ytOvg0oqYr8AX97tJig&edm=ALB854YBAAAA&ccb=7-5&oh=00_AfB0-KGI6QxKyPBqgkeE9G8BDRm_ARdk6loXbiPlAbZAFQ&oe=65376F54&_nc_sid=ce9561""",false,"""317823002""","""317823002""",0,[],0,false,"""17841401890064965"""
false,"{""is_possible_scammer"": false, ""is_possible_impersonator"": {""is_unconnected_impersonator"": false, ""connected_similar_user_id"": null}, ""is_possible_impersonator_threads"": {""is_unconnected_impersonator"": false, ""connected_similar_user_id"": null}}","""The New York Times""",true,"""nytimes""","""""","""""","""1714674654309986162_1624593034""","""1624593034""",false,"""https://scontent-yyz1-1.cdninstagram.com/v/t51.2885-19/27575653_434411333664606_8937069671522238464_n.jpg?stp=dst-jpg_s150x150&_nc_ht=scontent-yyz1-1.cdninstagram.com&_nc_cat=1&_nc_ohc=MtQLFKmp9VoAX8jfL9x&edm=ALB854YBAAAA&ccb=7-5&oh=00_AfAIZn9s9u4zOhJNiq71mFQSqCSfOiB_-7VxqsuAWRlsvg&oe=6536F0A2&_nc_sid=ce9561""",false,"""1624593034""","""1624593034""",1,[],1697754190,false,"""17841400511045384"""
false,"{""is_possible_scammer"": false, ""is_possible_impersonator"": {""is_unconnected_impersonator"": false, ""connected_similar_user_id"": null}, ""is_possible_impersonator_threads"": {""is_unconnected_impersonator"": false, ""connected_similar_user_id"": null}}","""Tom Gaillard""",false,"""tom_gaillard_""","""""","""""","""3167290858071977017_3609105746""","""3609105746""",true,"""https://scontent-yyz1-1.cdninstagram.com/v/t51.2885-19/366409325_820121269764098_8967083281283458211_n.jpg?stp=dst-jpg_s150x150&_nc_ht=scontent-yyz1-1.cdninstagram.com&_nc_cat=102&_nc_ohc=iLN8odUNdgYAX-WuAjc&edm=ALB854YBAAAA&ccb=7-5&oh=00_AfAMAS__rf8BNZNqZtTrIUn1tT0pxbSlVYdFXrRJgRU3Jg&oe=65373A88&_nc_sid=ce9561""",false,"""3609105746""","""3609105746""",0,[],0,false,"""17841403652381138"""
true,"{""is_possible_scammer"": false, ""is_possible_impersonator"": {""is_unconnected_impersonator"": false, ""connected_similar_user_id"": null}, ""is_possible_impersonator_threads"": {""is_unconnected_impersonator"": false, ""connected_similar_user_id"": null}}","""Matthieu Parayre""",false,"""matth_par""","""""","""""","""""","""4776725858""",false,"""https://instagram.fntr6-3.fna.fbcdn.net/v/t51.2885-19/44884218_345707102882519_2446069589734326272_n.jpg?_nc_ht=instagram.fntr6-3.fna.fbcdn.net&_nc_cat=1&_nc_ohc=RL4se8fak_MAX93JQRN&edm=ABFeTR8BAAAA&ccb=7-5&ig_cache_key=YW5vbnltb3VzX3Byb2ZpbGVfcGlj.2-ccb7-5&oh=00_AfD8H8c7Zw7B6QfoVy8WkEwuiUHOiuJxbSuGTbYJmat-BQ&oe=6537D14F&_nc_sid=8ad95d""",false,"""4776725858""","""4776725858""",0,[],0,false,"""17841404735767090"""
false,"{""is_possible_scammer"": false, ""is_possible_impersonator"": {""is_unconnected_impersonator"": false, ""connected_similar_user_id"": null}, ""is_possible_impersonator_threads"": {""is_unconnected_impersonator"": false, ""connected_similar_user_id"": null}}","""Harry Potter Film""",true,"""harrypotterfilm""","""""","""""","""3074230631104983734_1315934698""","""1315934698""",false,"""https://scontent-yyz1-1.cdninstagram.com/v/t51.2885-19/339651366_754113913026729_5334827707531976097_n.jpg?stp=dst-jpg_s150x150&_nc_ht=scontent-yyz1-1.cdninstagram.com&_nc_cat=1&_nc_ohc=_coSQERENHAAX-3JG_D&edm=ALB854YBAAAA&ccb=7-5&oh=00_AfCJ-Fh7ymJYPxP7lqDE7PvWqk_95hPKNB1gxmiOTD492A&oe=6536E82C&_nc_sid=ce9561""",false,"""1315934698""","""1315934698""",1,[],1697728299,false,"""17841400920960561"""
false,"{""is_possible_scammer"": false, ""is_possible_impersonator"": {""is_unconnected_impersonator"": false, ""connected_similar_user_id"": null}, ""is_possible_impersonator_threads"": {""is_unconnected_impersonator"": false, ""connected_similar_user_id"": null}}","""Hollywood Reporter""",true,"""hollywoodreporter""","""""","""""","""""","""182589350""",false,"""https://scontent-yyz1-1.cdninstagram.com/v/t51.2885-19/11849942_824797340975161_17478963_a.jpg?stp=dst-jpg_s150x150&_nc_ht=scontent-yyz1-1.cdninstagram.com&_nc_cat=1&_nc_ohc=0pKHJbFByL8AX-y6oLr&edm=ALB854YBAAAA&ccb=7-5&oh=00_AfClWV6iMQug_BLAx8IEmKpyaoo-1McFymilqV7H_QxzGA&oe=6537BF51&_nc_sid=ce9561""",false,"""182589350""","""182589350""",1,[],0,false,"""17841401840502852"""
false,"{""is_possible_scammer"": false, ""is_possible_impersonator"": {""is_unconnected_impersonator"": false, ""connected_similar_user_id"": null}, ""is_possible_impersonator_threads"": {""is_unconnected_impersonator"": false, ""connected_similar_user_id"": null}}","""Jay Shetty""",true,"""jayshetty""","""""","""""","""3006271965464548268_1536880036""","""1536880036""",false,"""https://scontent-yyz1-1.cdninstagram.com/v/t51.2885-19/323002335_853609115742824_9161181648683660279_n.jpg?stp=dst-jpg_s150x150&_nc_ht=scontent-yyz1-1.cdninstagram.com&_nc_cat=1&_nc_ohc=Tb4eUuLdLqwAX_pFxz2&edm=ALB854YBAAAA&ccb=7-5&oh=00_AfBXA9dCTYLacHYnAxPoo2XG7g1zcOLFxojEuAGqWAdBgA&oe=653690B2&_nc_sid=ce9561""",false,"""1536880036""","""1536880036""",1,[],1697746835,false,"""17841401441104013"""
false,"{""is_possible_scammer"": false, ""is_possible_impersonator"": {""is_unconnected_impersonator"": false, ""connected_similar_user_id"": null}, ""is_possible_impersonator_threads"": {""is_unconnected_impersonator"": false, ""connected_similar_user_id"": null}}","""BEAUTIFUL DESTINATIONS""",true,"""beautifuldestinations""","""""","""""","""2129301664010987096_276192188""","""276192188""",false,"""https://scontent-yyz1-1.cdninstagram.com/v/t51.2885-19/70407954_391397441514568_6341081271908696064_n.jpg?stp=dst-jpg_s150x150&_nc_ht=scontent-yyz1-1.cdninstagram.com&_nc_cat=1&_nc_ohc=Gp_g3nkPdioAX8Md9p9&edm=ALB854YBAAAA&ccb=7-5&oh=00_AfDZrSCn9ote0vau82vsird3fntD6z_51obYqiDYa1Rv5g&oe=653635C3&_nc_sid=ce9561""",false,"""276192188""","""276192188""",1,[],0,false,"""17841400965644315"""
false,"{""is_possible_scammer"": false, ""is_possible_impersonator"": {""is_unconnected_impersonator"": false, ""connected_similar_user_id"": null}, ""is_possible_impersonator_threads"": {""is_unconnected_impersonator"": false, ""connected_similar_user_id"": null}}","""Vanity Fair""",true,"""vanityfair""","""""","""""","""3151109252416343458_11206038""","""11206038""",false,"""https://scontent-yyz1-1.cdninstagram.com/v/t51.2885-19/361932125_2886452891485507_6371508146739431196_n.jpg?stp=dst-jpg_s150x150&_nc_ht=scontent-yyz1-1.cdninstagram.com&_nc_cat=1&_nc_ohc=4W-msVZ2DmYAX9ZdZ6K&edm=ALB854YBAAAA&ccb=7-5&oh=00_AfAo6vSSdCfM07KVJgeeqyKLb2qrkAV4Ir4i5sywCgdxsQ&oe=6536BF7C&_nc_sid=ce9561""",false,"""11206038""","""11206038""",2,[],1697713734,false,"""17841400181140175"""
false,"{""is_possible_scammer"": false, ""is_possible_impersonator"": {""is_unconnected_impersonator"": false, ""connected_similar_user_id"": null}, ""is_possible_impersonator_threads"": {""is_unconnected_impersonator"": false, ""connected_similar_user_id"": null}}","""Theo Gaillard""",false,"""theo.gaillard2000""","""""","""""","""3059001771217766791_9767036411""","""9767036411""",false,"""https://scontent-yyz1-1.cdninstagram.com/v/t51.2885-19/335708365_479300667625441_8511772370704041755_n.jpg?stp=dst-jpg_s150x150&_nc_ht=scontent-yyz1-1.cdninstagram.com&_nc_cat=101&_nc_ohc=hUNCHTWBwPMAX_iO00B&edm=ALB854YBAAAA&ccb=7-5&oh=00_AfC9TxeB1abGh5PeR5t3FRIeiPh6rb9d84efXwBO4cme8g&oe=6537C2B5&_nc_sid=ce9561""",false,"""9767036411""","""9767036411""",0,[],0,false,"""17841409732350879"""
false,"{""is_possible_scammer"": false, ""is_possible_impersonator"": {""is_unconnected_impersonator"": false, ""connected_similar_user_id"": null}, ""is_possible_impersonator_threads"": {""is_unconnected_impersonator"": false, ""connected_similar_user_id"": null}}","""Laurence Yvon""",false,"""laurenceyvon""","""""","""""","""2938647023436966457_26888121667""","""26888121667""",false,"""https://scontent-yyz1-1.cdninstagram.com/v/t51.2885-19/309676626_194940836306536_3946668151756856159_n.jpg?stp=dst-jpg_s150x150&_nc_ht=scontent-yyz1-1.cdninstagram.com&_nc_cat=104&_nc_ohc=yJVaevwWh2MAX_6DbIo&edm=ALB854YBAAAA&ccb=7-5&oh=00_AfCI41FktLNqUeT0YVJ6J9VJiDdNjGAfVsVaHLWpAHI81A&oe=65362B7E&_nc_sid=ce9561""",false,"""26888121667""","""26888121667""",0,[],0,false,"""17841426930011015"""
false,"{""is_possible_scammer"": false, ""is_possible_impersonator"": {""is_unconnected_impersonator"": false, ""connected_similar_user_id"": null}, ""is_possible_impersonator_threads"": {""is_unconnected_impersonator"": false, ""connected_similar_user_id"": null}}","""UN Women""",true,"""unwomen""","""""","""""","""2590995771814279002_510480630""","""510480630""",false,"""https://scontent-yyz1-1.cdninstagram.com/v/t51.2885-19/197437895_558574065552256_8259366109468394648_n.jpg?stp=dst-jpg_s150x150&_nc_ht=scontent-yyz1-1.cdninstagram.com&_nc_cat=104&_nc_ohc=KUXecJ2_EncAX8pM22J&edm=ALB854YBAAAA&ccb=7-5&oh=00_AfC-iDgsnHNVn_j-5bn3Dd9DCkXojCN5m-y9_xiPb8Ey2w&oe=653778AD&_nc_sid=ce9561""",false,"""510480630""","""510480630""",1,[],0,false,"""17841400498907976"""
false,"{""is_possible_scammer"": false, ""is_possible_impersonator"": {""is_unconnected_impersonator"": false, ""connected_similar_user_id"": null}, ""is_possible_impersonator_threads"": {""is_unconnected_impersonator"": false, ""connected_similar_user_id"": null}}","""Zoé 🏋🏻‍♀️""",false,"""coach.zevolve""","""""","""""","""3207705729120818488_51931375386""","""51931375386""",false,"""https://scontent-yyz1-1.cdninstagram.com/v/t51.2885-19/386387801_304317092304568_3400277436315628883_n.jpg?stp=dst-jpg_s150x150&_nc_ht=scontent-yyz1-1.cdninstagram.com&_nc_cat=104&_nc_ohc=zdYL3vw46qoAX9myctM&edm=ALB854YBAAAA&ccb=7-5&oh=00_AfCw4h1l9cKS3q46QE0tx4umN_Kx52xrVjsRfbxFkUSDsA&oe=65372EF2&_nc_sid=ce9561""",false,"""51931375386""","""51931375386""",0,[],1697724589,false,"""17841452061591421"""
false,"{""is_possible_scammer"": false, ""is_possible_impersonator"": {""is_unconnected_impersonator"": false, ""connected_similar_user_id"": null}, ""is_possible_impersonator_threads"": {""is_unconnected_impersonator"": false, ""connected_similar_user_id"": null}}","""Muslim""",true,"""muslim""","""""","""""","""1683254176223795992_6581059420""","""6581059420""",false,"""https://scontent-yyz1-1.cdninstagram.com/v/t51.2885-19/51786082_968461920025055_8406676897349500928_n.jpg?stp=dst-jpg_s150x150&_nc_ht=scontent-yyz1-1.cdninstagram.com&_nc_cat=1&_nc_ohc=XDRNecTiVJ4AX9sRxy1&edm=ALB854YBAAAA&ccb=7-5&oh=00_AfDUTGPOz4XuXLf29RdOotq1ejYAfPlM76Ar8CARfimCaQ&oe=65373515&_nc_sid=ce9561""",false,"""6581059420""","""6581059420""",1,[],1697759811,false,"""17841406582612632"""
false,"{""is_possible_scammer"": false, ""is_possible_impersonator"": {""is_unconnected_impersonator"": false, ""connected_similar_user_id"": null}, ""is_possible_impersonator_threads"": {""is_unconnected_impersonator"": false, ""connected_similar_user_id"": null}}","""Al Jazeera English""",true,"""aljazeeraenglish""","""""","""""","""2922069620026314111_37149867""","""37149867""",false,"""https://scontent-yyz1-1.cdninstagram.com/v/t51.2885-19/305264078_119958190822524_1361119432734251675_n.jpg?stp=dst-jpg_s150x150&_nc_ht=scontent-yyz1-1.cdninstagram.com&_nc_cat=1&_nc_ohc=iMYbMRxVYgUAX9J1TA4&edm=ALB854YBAAAA&ccb=7-5&oh=00_AfDX3djWCgl_QqlZxnljP0I4b2i4XtnF2ZszLWPgtrwuMw&oe=65366335&_nc_sid=ce9561""",false,"""37149867""","""37149867""",1,[],1697737786,false,"""17841400896010580"""
false,"{""is_possible_scammer"": false, ""is_possible_impersonator"": {""is_unconnected_impersonator"": false, ""connected_similar_user_id"": null}, ""is_possible_impersonator_threads"": {""is_unconnected_impersonator"": false, ""connected_similar_user_id"": null}}","""Sara-Maude Albert""",false,"""sara__maude""","""""","""""","""2591963727237312325_403380507""","""403380507""",false,"""https://scontent-yyz1-1.cdninstagram.com/v/t51.2885-19/199089969_827569488172436_8886076544498102457_n.jpg?stp=dst-jpg_s150x150&_nc_ht=scontent-yyz1-1.cdninstagram.com&_nc_cat=108&_nc_ohc=4DfFYp0xhzgAX_EwBJr&edm=ALB854YBAAAA&ccb=7-5&oh=00_AfDpZIm_clW3ZgFJRxUC1GXEPzK6I7GWMWKSCbXSZdJJ9g&oe=6535FF21&_nc_sid=ce9561""",false,"""403380507""","""403380507""",0,[],0,false,"""17841401575216302"""
false,"{""is_possible_scammer"": false, ""is_possible_impersonator"": {""is_unconnected_impersonator"": false, ""connected_similar_user_id"": null}, ""is_possible_impersonator_threads"": {""is_unconnected_impersonator"": false, ""connected_similar_user_id"": null}}","""éloue’s art stuff""",false,"""mushroomdoily""","""""","""""","""3099177336335692975_46181926482""","""46181926482""",false,"""https://scontent-yyz1-1.cdninstagram.com/v/t51.2885-19/345691405_1243020083274524_2434985782433385059_n.jpg?stp=dst-jpg_s150x150&_nc_ht=scontent-yyz1-1.cdninstagram.com&_nc_cat=108&_nc_ohc=aei8W1W5FQYAX_LVwS7&edm=ALB854YBAAAA&ccb=7-5&oh=00_AfDIHW5oizIovTEFi0RNsyqTveV7ziUrWJo-7fgMU-DIHA&oe=65363F04&_nc_sid=ce9561""",false,"""46181926482""","""46181926482""",0,[],0,false,"""17841446274472740"""
false,"{""is_possible_scammer"": false, ""is_possible_impersonator"": {""is_unconnected_impersonator"": false, ""connected_similar_user_id"": null}, ""is_possible_impersonator_threads"": {""is_unconnected_impersonator"": false, ""connected_similar_user_id"": null}}","""badgalriri""",true,"""badgalriri""","""""","""""","""""","""25945306""",false,"""https://scontent-yyz1-1.cdninstagram.com/v/t51.2885-19/11032926_1049846535031474_260957621_a.jpg?_nc_ht=scontent-yyz1-1.cdninstagram.com&_nc_cat=1&_nc_ohc=U3ayg9qh0y8AX8psAfE&edm=ALB854YBAAAA&ccb=7-5&oh=00_AfAgf_7ZNqSmrAEv5ymBI9JLJlZmiiroeiidfCRwisorvQ&oe=65369A7A&_nc_sid=ce9561""",false,"""25945306""","""25945306""",1,[],0,false,"""17841400759180405"""
false,"{""is_possible_scammer"": false, ""is_possible_impersonator"": {""is_unconnected_impersonator"": false, ""connected_similar_user_id"": null}, ""is_possible_impersonator_threads"": {""is_unconnected_impersonator"": false, ""connected_similar_user_id"": null}}","""Vogue Arabia""",true,"""voguearabia""","""""","""""","""1571840852313874019_3518148025""","""3518148025""",false,"""https://scontent-yyz1-1.cdninstagram.com/v/t51.2885-19/20481920_449845855401384_1908829267597197312_a.jpg?stp=dst-jpg_s150x150&_nc_ht=scontent-yyz1-1.cdninstagram.com&_nc_cat=100&_nc_ohc=Fh7gFMWUe7QAX-cW8Is&edm=ALB854YBAAAA&ccb=7-5&oh=00_AfDqWWzSQ-zbniAEOLcuTxdExOegFk2paPXeViSwNhCnag&oe=653778F4&_nc_sid=ce9561""",false,"""3518148025""","""3518148025""",1,[],0,false,"""17841403480769768"""
false,"{""is_possible_scammer"": false, ""is_possible_impersonator"": {""is_unconnected_impersonator"": false, ""connected_similar_user_id"": null}, ""is_possible_impersonator_threads"": {""is_unconnected_impersonator"": false, ""connected_similar_user_id"": null}}","""Anne-Sarah Charbonneau""",false,"""annesarahcharbonneau""","""""","""""","""3023157195227140368_5503341226""","""5503341226""",false,"""https://scontent-yyz1-1.cdninstagram.com/v/t51.2885-19/327059861_1262382471362653_7623466123222415737_n.jpg?stp=dst-jpg_s150x150&_nc_ht=scontent-yyz1-1.cdninstagram.com&_nc_cat=101&_nc_ohc=TpE591HHuq0AX8I7N_j&edm=ALB854YBAAAA&ccb=7-5&oh=00_AfAAPaeQZ9-uFOdX5xSMmNG2KnBJPeuVlw9os-2NFi1OAQ&oe=65364068&_nc_sid=ce9561""",false,"""5503341226""","""5503341226""",0,[],1697771522,false,"""17841405436807917"""
false,"{""is_possible_scammer"": false, ""is_possible_impersonator"": {""is_unconnected_impersonator"": false, ""connected_similar_user_id"": null}, ""is_possible_impersonator_threads"": {""is_unconnected_impersonator"": false, ""connected_similar_user_id"": null}}","""Hoest""",false,"""hoest""","""""","""""","""2105505692466216781_2303352058""","""2303352058""",false,"""https://scontent-yyz1-1.cdninstagram.com/v/t51.2885-19/66365590_404671946830430_5884804377541083136_n.jpg?stp=dst-jpg_s150x150&_nc_ht=scontent-yyz1-1.cdninstagram.com&_nc_cat=1&_nc_ohc=L4UFTO_j3ZIAX-9k7Gh&edm=ALB854YBAAAA&ccb=7-5&oh=00_AfAh9aLKOUm6aWPbWVaNNn84fMqMJLqdPkGG_aW-ttHjXw&oe=6537A1BD&_nc_sid=ce9561""",false,"""2303352058""","""2303352058""",1,[],0,false,"""17841402161757919"""
false,"{""is_possible_scammer"": false, ""is_possible_impersonator"": {""is_unconnected_impersonator"": false, ""connected_similar_user_id"": null}, ""is_possible_impersonator_threads"": {""is_unconnected_impersonator"": false, ""connected_similar_user_id"": null}}","""Par Myriam Pelletier""",false,"""liberte.detre.podcast""","""""","""""","""2929319460935921976_55178386161""","""55178386161""",false,"""https://scontent-yyz1-1.cdninstagram.com/v/t51.2885-19/307099861_3329469437334410_2828082592317475824_n.jpg?stp=dst-jpg_s150x150&_nc_ht=scontent-yyz1-1.cdninstagram.com&_nc_cat=102&_nc_ohc=xbALoD3vUI8AX9xW7JU&edm=ALB854YBAAAA&ccb=7-5&oh=00_AfATBP7Z4xpKYBU8uNDJQ7nHxb_U7AjdvubUW7QsnrvQLg&oe=6536E4F2&_nc_sid=ce9561""",false,"""55178386161""","""55178386161""",1,[],1697721444,false,"""17841455024857298"""
false,"{""is_possible_scammer"": false, ""is_possible_impersonator"": {""is_unconnected_impersonator"": false, ""connected_similar_user_id"": null}, ""is_possible_impersonator_threads"": {""is_unconnected_impersonator"": false, ""connected_similar_user_id"": null}}","""𝕭𝖗𝖊𝖓 ♟""",false,"""viva_hysteria""","""""","""""","""3212440545946785502_5418298000""","""5418298000""",false,"""https://scontent-yyz1-1.cdninstagram.com/v/t51.2885-19/387781119_1472623106913033_3132629723594374068_n.jpg?stp=dst-jpg_s150x150&_nc_ht=scontent-yyz1-1.cdninstagram.com&_nc_cat=109&_nc_ohc=MfEwd0hUmZUAX8KU5gP&edm=ALB854YBAAAA&ccb=7-5&oh=00_AfDV5p-VntV1Iph6Eum6Z29YQyA35wtQmbVsysgPAQB9pQ&oe=6536F1F4&_nc_sid=ce9561""",false,"""5418298000""","""5418298000""",0,[],1697773040,false,"""17841405340017287"""
false,"{""is_possible_scammer"": false, ""is_possible_impersonator"": {""is_unconnected_impersonator"": false, ""connected_similar_user_id"": null}, ""is_possible_impersonator_threads"": {""is_unconnected_impersonator"": false, ""connected_similar_user_id"": null}}","""Tammy 🐚""",true,"""tammyhembrow""","""""","""""","""2937557362279916434_320914629""","""320914629""",false,"""https://scontent-yyz1-1.cdninstagram.com/v/t51.2885-19/308797947_506268977967818_6688692020992052311_n.jpg?stp=dst-jpg_s150x150&_nc_ht=scontent-yyz1-1.cdninstagram.com&_nc_cat=1&_nc_ohc=G3e1V1Ai9TAAX934-nm&edm=ALB854YBAAAA&ccb=7-5&oh=00_AfA2WRnUa5DL5_9ZE-21v_nVSJ96giFW_KjV8vqWsHNZ8A&oe=653671F5&_nc_sid=ce9561""",false,"""320914629""","""320914629""",0,[],0,false,"""17841400558875014"""
false,"{""is_possible_scammer"": false, ""is_possible_impersonator"": {""is_unconnected_impersonator"": false, ""connected_similar_user_id"": null}, ""is_possible_impersonator_threads"": {""is_unconnected_impersonator"": false, ""connected_similar_user_id"": null}}","""Fafou""",false,"""aitnourifouad""","""""","""""","""3177815986891509711_5673990209""","""5673990209""",true,"""https://scontent-yyz1-1.cdninstagram.com/v/t51.2885-19/370330557_1472753293516769_5933384295819397439_n.jpg?stp=dst-jpg_s150x150&_nc_ht=scontent-yyz1-1.cdninstagram.com&_nc_cat=105&_nc_ohc=KahTSMyPk-EAX_7NE71&edm=ALB854YBAAAA&ccb=7-5&oh=00_AfCgEchSB4Gh_hhC72GjvNaSAVl5gUYeE9RBVlAL3C0MrA&oe=65365024&_nc_sid=ce9561""",false,"""5673990209""","""5673990209""",0,[],0,false,"""17841405706289248"""
false,"{""is_possible_scammer"": false, ""is_possible_impersonator"": {""is_unconnected_impersonator"": false, ""connected_similar_user_id"": null}, ""is_possible_impersonator_threads"": {""is_unconnected_impersonator"": false, ""connected_similar_user_id"": null}}","""One Interior Magazine""",false,"""one.interior.mag""","""""","""""","""2672601906678861255_49595977275""","""49595977275""",false,"""https://scontent-yyz1-1.cdninstagram.com/v/t51.2885-19/243091447_1064070781096728_82984611279965754_n.jpg?stp=dst-jpg_s150x150&_nc_ht=scontent-yyz1-1.cdninstagram.com&_nc_cat=1&_nc_ohc=L4vLIQ9KrNAAX9Lrt3n&edm=ALB854YBAAAA&ccb=7-5&oh=00_AfBSNhqAo4xRwr2bqsncR2KKJzKvVSoSDSDKOBTpX_Jgsw&oe=6535FB30&_nc_sid=ce9561""",false,"""49595977275""","""49595977275""",0,[],1697747602,false,"""17841449478269497"""
false,"{""is_possible_scammer"": false, ""is_possible_impersonator"": {""is_unconnected_impersonator"": false, ""connected_similar_user_id"": null}, ""is_possible_impersonator_threads"": {""is_unconnected_impersonator"": false, ""connected_similar_user_id"": null}}","""Anne-Marie Bédard""",false,"""annemariebedard""","""""","""""","""2873743953649805464_300051773""","""300051773""",false,"""https://scontent-yyz1-1.cdninstagram.com/v/t51.2885-19/291765572_1012340292770490_477515501014338211_n.jpg?stp=dst-jpg_s150x150&_nc_ht=scontent-yyz1-1.cdninstagram.com&_nc_cat=106&_nc_ohc=jmZuJ1wYSxkAX_eKa5r&edm=ALB854YBAAAA&ccb=7-5&oh=00_AfAGpg0o3V680P9jdrU4NfoeyJfLnmyLPPX94kIotQdldg&oe=65374B24&_nc_sid=ce9561""",false,"""300051773""","""300051773""",0,[],0,false,"""17841400593194688"""
false,"{""is_possible_scammer"": false, ""is_possible_impersonator"": {""is_unconnected_impersonator"": false, ""connected_similar_user_id"": null}, ""is_possible_impersonator_threads"": {""is_unconnected_impersonator"": false, ""connected_similar_user_id"": null}}","""NA-KD.com""",true,"""nakdfashion""","""""","""""","""3073383306334044740_1620454925""","""1620454925""",false,"""https://scontent-yyz1-1.cdninstagram.com/v/t51.2885-19/339793633_186640570829176_8373063239828215747_n.jpg?stp=dst-jpg_s150x150&_nc_ht=scontent-yyz1-1.cdninstagram.com&_nc_cat=1&_nc_ohc=mAlkmCZZtycAX-elpG3&edm=ALB854YBAAAA&ccb=7-5&oh=00_AfBg8zaY8gANXitOHVDWygBZjVffSc2i146o5jERs8d9Sg&oe=6537B2A9&_nc_sid=ce9561""",false,"""1620454925""","""1620454925""",0,[],1697717830,false,"""17841401167775319"""
false,"{""is_possible_scammer"": false, ""is_possible_impersonator"": {""is_unconnected_impersonator"": false, ""connected_similar_user_id"": null}, ""is_possible_impersonator_threads"": {""is_unconnected_impersonator"": false, ""connected_similar_user_id"": null}}","""UNHCR, the UN Refugee Agency""",true,"""refugees""","""""","""""","""1469492447619932228_181146053""","""181146053""",false,"""https://scontent-yyz1-1.cdninstagram.com/v/t51.2885-19/17126575_699769326862305_1816301447109672960_a.jpg?stp=dst-jpg_s150x150&_nc_ht=scontent-yyz1-1.cdninstagram.com&_nc_cat=1&_nc_ohc=6tedX4a29NIAX-UGo4g&edm=ALB854YBAAAA&ccb=7-5&oh=00_AfCcltE4tn56NM2dEWA7D3E9HvYxBNqUr7t16XFeBgrLcg&oe=6537CDA2&_nc_sid=ce9561""",false,"""181146053""","""181146053""",1,[],0,false,"""17841400781592830"""
false,"{""is_possible_scammer"": false, ""is_possible_impersonator"": {""is_unconnected_impersonator"": false, ""connected_similar_user_id"": null}, ""is_possible_impersonator_threads"": {""is_unconnected_impersonator"": false, ""connected_similar_user_id"": null}}","""OOTD Magazine""",true,"""ootdmagazine""","""""","""""","""1279677728153393640_222356238""","""222356238""",false,"""https://scontent-yyz1-1.cdninstagram.com/v/t51.2885-19/13402306_289692731365993_687490215_a.jpg?stp=dst-jpg_s150x150&_nc_ht=scontent-yyz1-1.cdninstagram.com&_nc_cat=1&_nc_ohc=4JmoiXFeCgEAX_jmDDJ&edm=ALB854YBAAAA&ccb=7-5&oh=00_AfDjaSQda-fe_IzVPJkHBSlEJwQn_FxR7stZbo6LQoBh9A&oe=65373737&_nc_sid=ce9561""",false,"""222356238""","""222356238""",0,[],1697740763,false,"""17841400607143474"""
false,"{""is_possible_scammer"": false, ""is_possible_impersonator"": {""is_unconnected_impersonator"": false, ""connected_similar_user_id"": null}, ""is_possible_impersonator_threads"": {""is_unconnected_impersonator"": false, ""connected_similar_user_id"": null}}","""Iman Gadzhi""",true,"""imangadzhi""","""""","""""","""2953251434363265256_2287914339""","""2287914339""",false,"""https://scontent-yyz1-1.cdninstagram.com/v/t51.2885-19/312002874_1295939837887476_5433550829364309003_n.jpg?stp=dst-jpg_s150x150&_nc_ht=scontent-yyz1-1.cdninstagram.com&_nc_cat=1&_nc_ohc=3GjqToQljXUAX9lbHdl&edm=ALB854YBAAAA&ccb=7-5&oh=00_AfBhwOnlFtBsqcVbo6-ZvvTUPur2Zh9rbXWxUxzUYbVcTA&oe=6537061A&_nc_sid=ce9561""",false,"""2287914339""","""2287914339""",0,[],0,false,"""17841402230185989"""
false,"{""is_possible_scammer"": false, ""is_possible_impersonator"": {""is_unconnected_impersonator"": false, ""connected_similar_user_id"": null}, ""is_possible_impersonator_threads"": {""is_unconnected_impersonator"": false, ""connected_similar_user_id"": null}}","""Tieghan Gerard""",true,"""halfbakedharvest""","""""","""""","""3012851028337764062_252840057""","""252840057""",false,"""https://scontent-yyz1-1.cdninstagram.com/v/t51.2885-19/324380292_113450791522381_1737682047043609595_n.jpg?stp=dst-jpg_s150x150&_nc_ht=scontent-yyz1-1.cdninstagram.com&_nc_cat=1&_nc_ohc=9ptLh2BEjcIAX9UuP9Q&edm=ALB854YBAAAA&ccb=7-5&oh=00_AfAbRC__QbF2pn6JUfWZuEQ2zn24uQ9jMGLE78O6uLFM-A&oe=653690E6&_nc_sid=ce9561""",false,"""252840057""","""252840057""",1,[],1697749302,false,"""17841401201713950"""
false,"{""is_possible_scammer"": false, ""is_possible_impersonator"": {""is_unconnected_impersonator"": false, ""connected_similar_user_id"": null}, ""is_possible_impersonator_threads"": {""is_unconnected_impersonator"": false, ""connected_similar_user_id"": null}}","""Selena Gomez""",true,"""selenagomez""","""""","""""","""3171439155052733315_460563723""","""460563723""",false,"""https://scontent-yyz1-1.cdninstagram.com/v/t51.2885-19/367980133_252043217728414_4166703995571461365_n.jpg?stp=dst-jpg_s150x150&_nc_ht=scontent-yyz1-1.cdninstagram.com&_nc_cat=1&_nc_ohc=Ncp1RiqKKf8AX9fuxw-&edm=ALB854YBAAAA&ccb=7-5&oh=00_AfB8A0oJe8aX3yLMfH_YbIh3vfxWN0SiuKKyKp_itfA_qg&oe=65373DAD&_nc_sid=ce9561""",false,"""460563723""","""460563723""",1,[],0,false,"""17841400591697196"""
false,"{""is_possible_scammer"": false, ""is_possible_impersonator"": {""is_unconnected_impersonator"": false, ""connected_similar_user_id"": null}, ""is_possible_impersonator_threads"": {""is_unconnected_impersonator"": false, ""connected_similar_user_id"": null}}","""MUBI""",true,"""mubi""","""""","""""","""2244256848936921252_789424687""","""789424687""",false,"""https://scontent-yyz1-1.cdninstagram.com/v/t51.2885-19/83135246_498154714465557_8324846491776581632_n.jpg?stp=dst-jpg_s150x150&_nc_ht=scontent-yyz1-1.cdninstagram.com&_nc_cat=1&_nc_ohc=pRI18K3eUlkAX_pasS5&edm=ALB854YBAAAA&ccb=7-5&oh=00_AfB_u1TlfpcvD4NEvTkdwEwAPnyepAcxK4WRkh61cy2Y5A&oe=6536B013&_nc_sid=ce9561""",false,"""789424687""","""789424687""",0,[],1697729687,false,"""17841401460622334"""
false,"{""is_possible_scammer"": false, ""is_possible_impersonator"": {""is_unconnected_impersonator"": false, ""connected_similar_user_id"": null}, ""is_possible_impersonator_threads"": {""is_unconnected_impersonator"": false, ""connected_similar_user_id"": null}}","""Leïla Talbot""",false,"""_leila_talbot_""","""""","""""","""3209459028815577842_7883518298""","""7883518298""",false,"""https://scontent-yyz1-1.cdninstagram.com/v/t51.2885-19/386866176_842159720730247_7434864346435402613_n.jpg?stp=dst-jpg_s150x150&_nc_ht=scontent-yyz1-1.cdninstagram.com&_nc_cat=107&_nc_ohc=2KiUlJ2U5esAX_MvF7_&edm=ALB854YBAAAA&ccb=7-5&oh=00_AfBguq2GOtQTjtk-s6yvxCutYUkXWU2m8IMVPvEV4PEyhw&oe=6537DE4A&_nc_sid=ce9561""",false,"""7883518298""","""7883518298""",0,[],0,false,"""17841407868965439"""
false,"{""is_possible_scammer"": false, ""is_possible_impersonator"": {""is_unconnected_impersonator"": false, ""connected_similar_user_id"": null}, ""is_possible_impersonator_threads"": {""is_unconnected_impersonator"": false, ""connected_similar_user_id"": null}}","""Rapunchline""",true,"""rapunchline""","""""","""""","""2925615243724758119_1713277378""","""1713277378""",false,"""https://scontent-yyz1-1.cdninstagram.com/v/t51.2885-19/306797097_1820015255057044_173122581570152408_n.jpg?stp=dst-jpg_s150x150&_nc_ht=scontent-yyz1-1.cdninstagram.com&_nc_cat=1&_nc_ohc=4AuMp4SWnVQAX8X0ovA&edm=ALB854YBAAAA&ccb=7-5&oh=00_AfDKdmVb1zNUotfmDQmkooow_8cw1Ekh0Z4zMl4AAGUwKw&oe=653605A5&_nc_sid=ce9561""",false,"""1713277378""","""1713277378""",0,[],1697757970,false,"""17841401841366769"""
false,"{""is_possible_scammer"": false, ""is_possible_impersonator"": {""is_unconnected_impersonator"": false, ""connected_similar_user_id"": null}, ""is_possible_impersonator_threads"": {""is_unconnected_impersonator"": false, ""connected_similar_user_id"": null}}","""Lena Situations""",true,"""lenamahfouf""","""""","""""","""2952451499699554123_260991768""","""260991768""",false,"""https://scontent-yyz1-1.cdninstagram.com/v/t51.2885-19/308692462_643283327290056_400117097477593602_n.jpg?stp=dst-jpg_s150x150&_nc_ht=scontent-yyz1-1.cdninstagram.com&_nc_cat=1&_nc_ohc=9iJH3cRM1VsAX9s8GIi&edm=ALB854YBAAAA&ccb=7-5&oh=00_AfBsKNkR0AcnBcJa_jMsJ1t97acqSx7WAkpX18tCGGtoQg&oe=6537755A&_nc_sid=ce9561""",false,"""260991768""","""260991768""",1,[],1697744504,false,"""17841401913044077"""
false,"{""is_possible_scammer"": false, ""is_possible_impersonator"": {""is_unconnected_impersonator"": false, ""connected_similar_user_id"": null}, ""is_possible_impersonator_threads"": {""is_unconnected_impersonator"": false, ""connected_similar_user_id"": null}}","""laurie b""",false,"""lauriee.bo""","""""","""""","""3019660377072565159_3145416514""","""3145416514""",false,"""https://scontent-yyz1-1.cdninstagram.com/v/t51.2885-19/326279944_663217155582373_3160318402814939117_n.jpg?stp=dst-jpg_s150x150&_nc_ht=scontent-yyz1-1.cdninstagram.com&_nc_cat=101&_nc_ohc=I8XQB7At_McAX-NRJqE&edm=ALB854YBAAAA&ccb=7-5&oh=00_AfCnZrM_xx1utLDLzIE_ZgWdIepbdFpLTVqWdD8lFibo8A&oe=65377C1A&_nc_sid=ce9561""",false,"""3145416514""","""3145416514""",0,[],0,false,"""17841403135423177"""
false,"{""is_possible_scammer"": false, ""is_possible_impersonator"": {""is_unconnected_impersonator"": false, ""connected_similar_user_id"": null}, ""is_possible_impersonator_threads"": {""is_unconnected_impersonator"": false, ""connected_similar_user_id"": null}}","""Nada Essefar""",false,"""nad_esse""","""""","""""","""2815125236665346723_4031197727""","""4031197727""",true,"""https://scontent-yyz1-1.cdninstagram.com/v/t51.2885-19/278210509_288088033501715_1703852936304394117_n.jpg?stp=dst-jpg_s150x150&_nc_ht=scontent-yyz1-1.cdninstagram.com&_nc_cat=111&_nc_ohc=4-yIdL0CQXkAX_bM8SS&edm=ALB854YBAAAA&ccb=7-5&oh=00_AfDHNR4NADERZ5EbI2oKlYFSPjqu5GGnNg89easXQm7daA&oe=6535FF54&_nc_sid=ce9561""",false,"""4031197727""","""4031197727""",0,[],0,false,"""17841404011833899"""
false,"{""is_possible_scammer"": false, ""is_possible_impersonator"": {""is_unconnected_impersonator"": false, ""connected_similar_user_id"": null}, ""is_possible_impersonator_threads"": {""is_unconnected_impersonator"": false, ""connected_similar_user_id"": null}}","""Siham Azouggagh""",false,"""sisiazou""","""""","""""","""2963378083792433965_23283837384""","""23283837384""",false,"""https://scontent-yyz1-1.cdninstagram.com/v/t51.2885-19/313795806_631003045483504_6952230831943000054_n.jpg?stp=dst-jpg_s150x150&_nc_ht=scontent-yyz1-1.cdninstagram.com&_nc_cat=104&_nc_ohc=OSD7OquzDuwAX_d7cTC&edm=ALB854YBAAAA&ccb=7-5&oh=00_AfAhG4gnRSd-Gqo5JDKJqwyi9Odwtj3Cx3oZXpkh8i9ozg&oe=6536CF03&_nc_sid=ce9561""",false,"""23283837384""","""23283837384""",0,[],1697756279,false,"""17841423441520479"""
false,"{""is_possible_scammer"": false, ""is_possible_impersonator"": {""is_unconnected_impersonator"": false, ""connected_similar_user_id"": null}, ""is_possible_impersonator_threads"": {""is_unconnected_impersonator"": false, ""connected_similar_user_id"": null}}","""Sam""",false,"""boisvertsami""","""""","""""","""3213758252046682897_500582076""","""500582076""",false,"""https://scontent-yyz1-1.cdninstagram.com/v/t51.2885-19/391067850_6616556891795321_6705343438218989055_n.jpg?stp=dst-jpg_s150x150&_nc_ht=scontent-yyz1-1.cdninstagram.com&_nc_cat=105&_nc_ohc=yapDtUe3rwYAX-lMRT6&edm=ALB854YBAAAA&ccb=7-5&oh=00_AfB3qW1C2vPIW7ws756riOszUakqvXEFpBa7hDw4MgAcOA&oe=65365F15&_nc_sid=ce9561""",false,"""500582076""","""500582076""",0,[],0,false,"""17841401142287821"""
false,"{""is_possible_scammer"": false, ""is_possible_impersonator"": {""is_unconnected_impersonator"": false, ""connected_similar_user_id"": null}, ""is_possible_impersonator_threads"": {""is_unconnected_impersonator"": false, ""connected_similar_user_id"": null}}","""United Nations""",true,"""unitednations""","""""","""""","""2434554935237804905_8629875""","""8629875""",false,"""https://scontent-yyz1-1.cdninstagram.com/v/t51.2885-19/123597911_202189451344845_5886031037902599200_n.jpg?stp=dst-jpg_s150x150&_nc_ht=scontent-yyz1-1.cdninstagram.com&_nc_cat=1&_nc_ohc=ybP9RewW1AkAX_01N3i&edm=ALB854YBAAAA&ccb=7-5&oh=00_AfC3J0yJnhtQtp_G3jU5d2l7uZ38Ibuggqmq23nok12q1g&oe=653706F9&_nc_sid=ce9561""",false,"""8629875""","""8629875""",1,[],0,false,"""17841401616250134"""
false,"{""is_possible_scammer"": false, ""is_possible_impersonator"": {""is_unconnected_impersonator"": false, ""connected_similar_user_id"": null}, ""is_possible_impersonator_threads"": {""is_unconnected_impersonator"": false, ""connected_similar_user_id"": null}}","""MINDSET THERAPY™""",false,"""mindset.therapy""","""""","""""","""3209382426308528099_8214885229""","""8214885229""",false,"""https://scontent-yyz1-1.cdninstagram.com/v/t51.2885-19/387267284_256244960238235_4842458791396455071_n.jpg?stp=dst-jpg_s150x150&_nc_ht=scontent-yyz1-1.cdninstagram.com&_nc_cat=1&_nc_ohc=AsfcgSSE9pUAX-MOusC&edm=ALB854YBAAAA&ccb=7-5&oh=00_AfDyRhJEjorgh0XzGqHzGYEbbwni0rI52w5eeLHYCYCErA&oe=6537EE47&_nc_sid=ce9561""",false,"""8214885229""","""8214885229""",0,[],1697775677,false,"""17841408316876860"""
false,"{""is_possible_scammer"": false, ""is_possible_impersonator"": {""is_unconnected_impersonator"": false, ""connected_similar_user_id"": null}, ""is_possible_impersonator_threads"": {""is_unconnected_impersonator"": false, ""connected_similar_user_id"": null}}","""𝓪𝓯𝓯𝓲𝓻𝓶𝓪𝓽𝓲𝓸𝓷𝓼""",false,"""sherbrooke.affirmations""","""""","""""","""3071793996183921378_49657295470""","""49657295470""",false,"""https://scontent-yyz1-1.cdninstagram.com/v/t51.2885-19/338919089_741775670987678_6062391635710292348_n.jpg?stp=dst-jpg_s150x150&_nc_ht=scontent-yyz1-1.cdninstagram.com&_nc_cat=102&_nc_ohc=NyrIOglUbgkAX_Ebw0u&edm=ALB854YBAAAA&ccb=7-5&oh=00_AfA9Z6kG7zSOzmEwKizTWpkSln-O6yOa492oHu2pHVUQBA&oe=65374AF6&_nc_sid=ce9561""",false,"""49657295470""","""49657295470""",0,[],0,false,"""17841449664127161"""
false,"{""is_possible_scammer"": false, ""is_possible_impersonator"": {""is_unconnected_impersonator"": false, ""connected_similar_user_id"": null}, ""is_possible_impersonator_threads"": {""is_unconnected_impersonator"": false, ""connected_similar_user_id"": null}}","""Sofia Saada""",false,"""sofia.saada""","""""","""""","""3164373645778403299_3522393106""","""3522393106""",true,"""https://scontent-yyz1-1.cdninstagram.com/v/t51.2885-19/366157750_285153754104615_562481115595402376_n.jpg?stp=dst-jpg_s150x150&_nc_ht=scontent-yyz1-1.cdninstagram.com&_nc_cat=103&_nc_ohc=ykrzgra_NsYAX81Nqw8&edm=ALB854YBAAAA&ccb=7-5&oh=00_AfADx7vlciuh7Ghyj7XdS0lsSQKZF7WNixyDV88KqicFbw&oe=6536C119&_nc_sid=ce9561""",false,"""3522393106""","""3522393106""",0,[],0,false,"""17841403393200299"""
false,"{""is_possible_scammer"": false, ""is_possible_impersonator"": {""is_unconnected_impersonator"": false, ""connected_similar_user_id"": null}, ""is_possible_impersonator_threads"": {""is_unconnected_impersonator"": false, ""connected_similar_user_id"": null}}","""David Langlois""",false,"""tidavlang""","""""","""""","""3124649298658678914_332915434""","""332915434""",false,"""https://scontent-yyz1-1.cdninstagram.com/v/t51.2885-19/353401028_718755593386448_8244408371290709721_n.jpg?stp=dst-jpg_s150x150&_nc_ht=scontent-yyz1-1.cdninstagram.com&_nc_cat=108&_nc_ohc=wQZhhMWJiKgAX-eFH-_&edm=ALB854YBAAAA&ccb=7-5&oh=00_AfDnqhia8R91zu5UuIF2zSyTBKga9eSYQP8ylPlLa56nsg&oe=6535FFA4&_nc_sid=ce9561""",false,"""332915434""","""332915434""",0,[],0,false,"""17841401543025201"""
false,"{""is_possible_scammer"": false, ""is_possible_impersonator"": {""is_unconnected_impersonator"": false, ""connected_similar_user_id"": null}, ""is_possible_impersonator_threads"": {""is_unconnected_impersonator"": false, ""connected_similar_user_id"": null}}","""ConneriesQc.com""",false,"""conneriesqc""","""""","""""","""1885778056090894639_319956798""","""319956798""",false,"""https://scontent-yyz1-1.cdninstagram.com/v/t51.2885-19/42168348_2010893345868115_4302052746497884160_n.jpg?stp=dst-jpg_s150x150&_nc_ht=scontent-yyz1-1.cdninstagram.com&_nc_cat=107&_nc_ohc=1hY5S1MTreUAX9z5BGm&edm=ALB854YBAAAA&ccb=7-5&oh=00_AfDzgMj89p-RxOEhxuimKyZHM6pktDVraOgzewzCL4zl9w&oe=6537B795&_nc_sid=ce9561""",false,"""319956798""","""319956798""",0,[],0,false,"""17841400623944999"""
false,"{""is_possible_scammer"": false, ""is_possible_impersonator"": {""is_unconnected_impersonator"": false, ""connected_similar_user_id"": null}, ""is_possible_impersonator_threads"": {""is_unconnected_impersonator"": false, ""connected_similar_user_id"": null}}","""Jason Capital""",true,"""jasoncapital""","""""","""""","""3152707901118643931_1252803728""","""1252803728""",false,"""https://scontent-yyz1-1.cdninstagram.com/v/t51.2885-19/362608093_3482685805319531_3559085399864107798_n.jpg?stp=dst-jpg_s150x150&_nc_ht=scontent-yyz1-1.cdninstagram.com&_nc_cat=111&_nc_ohc=9tyufE0xfG8AX95oAFX&edm=ALB854YBAAAA&ccb=7-5&oh=00_AfDmCZT1mTsC1JVFuWKSo3XhK8Cy6GP09N7t-B2zdLiqhg&oe=65367411&_nc_sid=ce9561""",false,"""1252803728""","""1252803728""",1,[],0,false,"""17841400111859575"""
false,"{""is_possible_scammer"": false, ""is_possible_impersonator"": {""is_unconnected_impersonator"": false, ""connected_similar_user_id"": null}, ""is_possible_impersonator_threads"": {""is_unconnected_impersonator"": false, ""connected_similar_user_id"": null}}","""TED Talks""",true,"""ted""","""""","""""","""2699060843276828826_374099""","""374099""",false,"""https://scontent-yyz1-1.cdninstagram.com/v/t51.2885-19/252624699_2414287775369087_7815323086913122312_n.jpg?stp=dst-jpg_s150x150&_nc_ht=scontent-yyz1-1.cdninstagram.com&_nc_cat=1&_nc_ohc=BqzT33MbZtEAX9OlbXB&edm=ALB854YBAAAA&ccb=7-5&oh=00_AfBiLav18q0yB55APctFPjKZoP91B0gTROg4kA33t7QzOg&oe=65364BDF&_nc_sid=ce9561""",false,"""374099""","""374099""",1,[],0,false,"""17841401622970005"""
false,"{""is_possible_scammer"": false, ""is_possible_impersonator"": {""is_unconnected_impersonator"": false, ""connected_similar_user_id"": null}, ""is_possible_impersonator_threads"": {""is_unconnected_impersonator"": false, ""connected_similar_user_id"": null}}","""Laurianne Albert""",false,"""lau_albert4""","""""","""""","""2952259718614655778_3997422497""","""3997422497""",false,"""https://scontent-yyz1-1.cdninstagram.com/v/t51.2885-19/311998608_1356098828531225_7344086865638476952_n.jpg?stp=dst-jpg_s150x150&_nc_ht=scontent-yyz1-1.cdninstagram.com&_nc_cat=105&_nc_ohc=ZHnCYhaiwycAX_kh-4a&edm=ALB854YBAAAA&ccb=7-5&oh=00_AfDNbZoIXCbn7JvaJlKxqbREQzn4xaHy7HJsjejGlfR0YA&oe=65367C1B&_nc_sid=ce9561""",false,"""3997422497""","""3997422497""",0,[],0,false,"""17841404034929677"""
false,"{""is_possible_scammer"": false, ""is_possible_impersonator"": {""is_unconnected_impersonator"": false, ""connected_similar_user_id"": null}, ""is_possible_impersonator_threads"": {""is_unconnected_impersonator"": false, ""connected_similar_user_id"": null}}","""La Cantine""",false,"""lacantinedascot""","""""","""""","""2446091656026815039_44699306519""","""44699306519""",false,"""https://scontent-yyz1-1.cdninstagram.com/v/t51.2885-19/126095909_362239131738921_5731440250208143542_n.jpg?stp=dst-jpg_s150x150&_nc_ht=scontent-yyz1-1.cdninstagram.com&_nc_cat=109&_nc_ohc=OUopYsyr-hYAX-JwyY6&edm=ALB854YBAAAA&ccb=7-5&oh=00_AfCHx1_Yfp-u5bggM0r2Qx4hvQU67nlXG7jrbM94DLSjeA&oe=65371DBE&_nc_sid=ce9561""",false,"""44699306519""","""44699306519""",0,[],0,false,"""17841444715577413"""
false,"{""is_possible_scammer"": false, ""is_possible_impersonator"": {""is_unconnected_impersonator"": false, ""connected_similar_user_id"": null}, ""is_possible_impersonator_threads"": {""is_unconnected_impersonator"": false, ""connected_similar_user_id"": null}}","""charli""",true,"""charlidamelio""","""""","""""","""3119063268488597458_183250726""","""183250726""",false,"""https://scontent-yyz1-1.cdninstagram.com/v/t51.2885-19/351238301_274028115036849_2141492520458627281_n.jpg?stp=dst-jpg_s150x150&_nc_ht=scontent-yyz1-1.cdninstagram.com&_nc_cat=1&_nc_ohc=2EnVmUb_C4kAX-SjmjU&edm=ALB854YBAAAA&ccb=7-5&oh=00_AfAHoEinH8cW-w6vLAfMTTfCTO0_erZVeyNyZQkGXe_OMQ&oe=65371561&_nc_sid=ce9561""",false,"""183250726""","""183250726""",1,[],0,false,"""17841400561782863"""
false,"{""is_possible_scammer"": false, ""is_possible_impersonator"": {""is_unconnected_impersonator"": false, ""connected_similar_user_id"": null}, ""is_possible_impersonator_threads"": {""is_unconnected_impersonator"": false, ""connected_similar_user_id"": null}}","""Yoga Daily Practice""",false,"""yogadailypractice""","""""","""""","""1937843920348151513_9744665103""","""9744665103""",false,"""https://scontent-yyz1-1.cdninstagram.com/v/t51.2885-19/47582972_520758325076682_8432238189053214720_n.jpg?stp=dst-jpg_s150x150&_nc_ht=scontent-yyz1-1.cdninstagram.com&_nc_cat=1&_nc_ohc=shQJWjMQ0DkAX9uajtG&edm=ALB854YBAAAA&ccb=7-5&oh=00_AfDpbyg06zOy4F6t5LmEqIT486FSMtTTsBMS0bLyep-zyg&oe=65373CD4&_nc_sid=ce9561""",false,"""9744665103""","""9744665103""",1,[],0,false,"""17841409633108083"""
false,"{""is_possible_scammer"": false, ""is_possible_impersonator"": {""is_unconnected_impersonator"": false, ""connected_similar_user_id"": null}, ""is_possible_impersonator_threads"": {""is_unconnected_impersonator"": false, ""connected_similar_user_id"": null}}","""437""",true,"""437""","""""","""""","""3057794227512838456_3521728007""","""3521728007""",false,"""https://scontent-yyz1-1.cdninstagram.com/v/t51.2885-19/335774989_6247658125329996_7569387715665849093_n.jpg?stp=dst-jpg_s150x150&_nc_ht=scontent-yyz1-1.cdninstagram.com&_nc_cat=100&_nc_ohc=nC1eGGdq3CcAX9GChA4&edm=ALB854YBAAAA&ccb=7-5&oh=00_AfB9hHn7NziuXIzWC0gm3T4_jKpoYE5TsKY63zggJfCGrg&oe=653709AD&_nc_sid=ce9561""",false,"""3521728007""","""3521728007""",1,[],0,false,"""17841403360230216"""
false,"{""is_possible_scammer"": false, ""is_possible_impersonator"": {""is_unconnected_impersonator"": false, ""connected_similar_user_id"": null}, ""is_possible_impersonator_threads"": {""is_unconnected_impersonator"": false, ""connected_similar_user_id"": null}}","""Alexandra Galarneau""",false,"""alexegala""","""""","""""","""2909995598812578692_1563392030""","""1563392030""",false,"""https://scontent-yyz1-1.cdninstagram.com/v/t51.2885-19/300609666_801361574558514_3626952542566229521_n.jpg?stp=dst-jpg_s150x150&_nc_ht=scontent-yyz1-1.cdninstagram.com&_nc_cat=106&_nc_ohc=MpRrllUN2VYAX_LemV9&edm=ALB854YBAAAA&ccb=7-5&oh=00_AfBrlh4QM1UkLGZy6tCI9_hEoSo3Blnhz35CkWbNC5suCw&oe=65373D32&_nc_sid=ce9561""",false,"""1563392030""","""1563392030""",0,[],0,false,"""17841400000924428"""
false,"{""is_possible_scammer"": false, ""is_possible_impersonator"": {""is_unconnected_impersonator"": false, ""connected_similar_user_id"": null}, ""is_possible_impersonator_threads"": {""is_unconnected_impersonator"": false, ""connected_similar_user_id"": null}}","""Konbini""",true,"""konbini""","""""","""""","""2332211158406918856_15692771""","""15692771""",false,"""https://scontent-yyz1-1.cdninstagram.com/v/t51.2885-19/103663016_939089386561782_6367522332498792559_n.jpg?stp=dst-jpg_s150x150&_nc_ht=scontent-yyz1-1.cdninstagram.com&_nc_cat=1&_nc_ohc=Fbehj3qAamsAX-pl_T4&edm=ALB854YBAAAA&ccb=7-5&oh=00_AfACb9-o462rnOKlIHAKvia6d4KBbU_hkW8s0TEovoySog&oe=6537B7CC&_nc_sid=ce9561""",false,"""15692771""","""15692771""",1,[],0,false,"""17841400383130245"""
false,"{""is_possible_scammer"": false, ""is_possible_impersonator"": {""is_unconnected_impersonator"": false, ""connected_similar_user_id"": null}, ""is_possible_impersonator_threads"": {""is_unconnected_impersonator"": false, ""connected_similar_user_id"": null}}","""Miley Cyrus""",true,"""mileycyrus""","""""","""""","""3171466094673062706_325734299""","""325734299""",false,"""https://scontent-yyz1-1.cdninstagram.com/v/t51.2885-19/367653022_1516867585728100_2577327564439415213_n.jpg?stp=dst-jpg_s150x150&_nc_ht=scontent-yyz1-1.cdninstagram.com&_nc_cat=1&_nc_ohc=NvvNh9rm270AX-K-wD8&edm=ALB854YBAAAA&ccb=7-5&oh=00_AfCPib5T6AcGtCEefLmVW79a8N45I2KJg9tMMfQpt3ZX_A&oe=653690D4&_nc_sid=ce9561""",false,"""325734299""","""325734299""",1,[],0,false,"""17841401148975089"""
false,"{""is_possible_scammer"": false, ""is_possible_impersonator"": {""is_unconnected_impersonator"": false, ""connected_similar_user_id"": null}, ""is_possible_impersonator_threads"": {""is_unconnected_impersonator"": false, ""connected_similar_user_id"": null}}","""Lena Alexandre""",false,"""lenaalexandre_""","""""","""""","""2699987238840696824_1327484821""","""1327484821""",false,"""https://scontent-yyz1-1.cdninstagram.com/v/t51.2885-19/252534021_1378896252529707_2824595657578063936_n.jpg?stp=dst-jpg_s150x150&_nc_ht=scontent-yyz1-1.cdninstagram.com&_nc_cat=103&_nc_ohc=VV2wCCilusAAX_xiiCn&edm=ALB854YBAAAA&ccb=7-5&oh=00_AfAsWqcOoEWfgOLdujfQ9EwkKVHG4iPyC3jdkuLl7xhtJw&oe=65366E4F&_nc_sid=ce9561""",false,"""1327484821""","""1327484821""",0,[],0,false,"""17841401824650741"""
false,"{""is_possible_scammer"": false, ""is_possible_impersonator"": {""is_unconnected_impersonator"": false, ""connected_similar_user_id"": null}, ""is_possible_impersonator_threads"": {""is_unconnected_impersonator"": false, ""connected_similar_user_id"": null}}","""National Geographic Travel""",true,"""natgeotravel""","""""","""""","""2200997370934942723_23947096""","""23947096""",false,"""https://scontent-yyz1-1.cdninstagram.com/v/t51.2885-19/75328498_1674845792651317_2836767341423886336_n.jpg?stp=dst-jpg_s150x150&_nc_ht=scontent-yyz1-1.cdninstagram.com&_nc_cat=1&_nc_ohc=h0XXoXrzoyEAX94hooL&edm=ALB854YBAAAA&ccb=7-5&oh=00_AfDpsySZPb1e00k8fTO0cmUUIEMu1m6NAToY5GyyTay6nA&oe=6536E415&_nc_sid=ce9561""",false,"""23947096""","""23947096""",1,[],0,false,"""17841400332880374"""
false,"{""is_possible_scammer"": false, ""is_possible_impersonator"": {""is_unconnected_impersonator"": false, ""connected_similar_user_id"": null}, ""is_possible_impersonator_threads"": {""is_unconnected_impersonator"": false, ""connected_similar_user_id"": null}}","""Gary Vay-Ner-Chuk""",true,"""garyvee""","""""","""""","""3101875421637759693_1697296""","""1697296""",false,"""https://scontent-yyz1-1.cdninstagram.com/v/t51.2885-19/346500680_258645706571727_371771566653563346_n.jpg?stp=dst-jpg_s150x150&_nc_ht=scontent-yyz1-1.cdninstagram.com&_nc_cat=1&_nc_ohc=oi3_q-_ag1AAX-wGdJP&edm=ALB854YBAAAA&ccb=7-5&oh=00_AfA46toL1ZtLWXKJGVxf1eh1x8VoYOcrp_8smhoRNACqVw&oe=6536D630&_nc_sid=ce9561""",false,"""1697296""","""1697296""",1,[],0,false,"""17841400998880026"""
false,"{""is_possible_scammer"": false, ""is_possible_impersonator"": {""is_unconnected_impersonator"": false, ""connected_similar_user_id"": null}, ""is_possible_impersonator_threads"": {""is_unconnected_impersonator"": false, ""connected_similar_user_id"": null}}","""Humans of New York""",true,"""humansofny""","""""","""""","""2394632623706910004_242598499""","""242598499""",false,"""https://scontent-yyz1-1.cdninstagram.com/v/t51.2885-19/118982623_353024589077161_7490638455124782637_n.jpg?stp=dst-jpg_s150x150&_nc_ht=scontent-yyz1-1.cdninstagram.com&_nc_cat=1&_nc_ohc=Qopz1JRqAXUAX-mxRKo&edm=ALB854YBAAAA&ccb=7-5&oh=00_AfC7bJrcM_pwUN4oQZsDeiwVD0b0DdU9lZnc-9DhApUmaw&oe=653797A8&_nc_sid=ce9561""",false,"""242598499""","""242598499""",0,[],0,false,"""17841401154973790"""
false,"{""is_possible_scammer"": false, ""is_possible_impersonator"": {""is_unconnected_impersonator"": false, ""connected_similar_user_id"": null}, ""is_possible_impersonator_threads"": {""is_unconnected_impersonator"": false, ""connected_similar_user_id"": null}}","""Festival du Thé aux Perles""",false,"""festival.the.aux.perles""","""""","""""","""3159714237291647400_52960119676""","""52960119676""",false,"""https://scontent-yyz1-1.cdninstagram.com/v/t51.2885-19/364263697_302350492179409_1349733115911125946_n.jpg?stp=dst-jpg_s150x150&_nc_ht=scontent-yyz1-1.cdninstagram.com&_nc_cat=101&_nc_ohc=4pWfLUtqRqAAX8NYmwP&edm=ALB854YBAAAA&ccb=7-5&oh=00_AfBJkZ7zVPT--axFoEk3d5lANs2p_zhsabxxAFTx5gdhTg&oe=65362380&_nc_sid=ce9561""",false,"""52960119676""","""52960119676""",0,[],0,false,"""17841453030300014"""
false,"{""is_possible_scammer"": false, ""is_possible_impersonator"": {""is_unconnected_impersonator"": false, ""connected_similar_user_id"": null}, ""is_possible_impersonator_threads"": {""is_unconnected_impersonator"": false, ""connected_similar_user_id"": null}}","""Paul Mirabel""",true,"""paulmirabel""","""""","""""","""2476229036064906296_190286863""","""190286863""",false,"""https://scontent-yyz1-1.cdninstagram.com/v/t51.2885-19/133849715_174743934399419_1075207190911116012_n.jpg?stp=dst-jpg_s150x150&_nc_ht=scontent-yyz1-1.cdninstagram.com&_nc_cat=1&_nc_ohc=1Y9CbsMJbeEAX_vPxEH&edm=ALB854YBAAAA&ccb=7-5&oh=00_AfCQoD9MdjrfM5KEZH7QFvzSJ6mrkO37hWKEnMJX6iTSDA&oe=6537B799&_nc_sid=ce9561""",false,"""190286863""","""190286863""",0,[],0,false,"""17841400445892973"""
false,"{""is_possible_scammer"": false, ""is_possible_impersonator"": {""is_unconnected_impersonator"": false, ""connected_similar_user_id"": null}, ""is_possible_impersonator_threads"": {""is_unconnected_impersonator"": false, ""connected_similar_user_id"": null}}","""Studio Danielle""",true,"""lestudiodanielle""","""""","""""","""2210287412541148767_2238487197""","""2238487197""",false,"""https://scontent-yyz1-1.cdninstagram.com/v/t51.2885-19/79808976_1311414135730589_5380065799509639168_n.jpg?stp=dst-jpg_s150x150&_nc_ht=scontent-yyz1-1.cdninstagram.com&_nc_cat=1&_nc_ohc=hYQKCtud7LYAX9ThSQN&edm=ALB854YBAAAA&ccb=7-5&oh=00_AfDoF-vYotEi3rFgh_LwHk_pEI83IGApGCvOpbIDmvMcdg&oe=6537F3C7&_nc_sid=ce9561""",false,"""2238487197""","""2238487197""",0,[],0,false,"""17841402375919810"""
false,"{""is_possible_scammer"": false, ""is_possible_impersonator"": {""is_unconnected_impersonator"": false, ""connected_similar_user_id"": null}, ""is_possible_impersonator_threads"": {""is_unconnected_impersonator"": false, ""connected_similar_user_id"": null}}","""FUCKJERRY""",true,"""fuckjerry""","""""","""""","""2695252402367818889_11762801""","""11762801""",false,"""https://scontent-yyz1-1.cdninstagram.com/v/t51.2885-19/250228721_319408102851130_8652187690437350672_n.jpg?stp=dst-jpg_s150x150&_nc_ht=scontent-yyz1-1.cdninstagram.com&_nc_cat=1&_nc_ohc=hwTbilXfqpEAX8uEHMI&edm=ALB854YBAAAA&ccb=7-5&oh=00_AfB4Yt6nLHJCiyYjZIF6fj8ZlLbbxaMXmUl8wWpagyAa8g&oe=65363BB8&_nc_sid=ce9561""",false,"""11762801""","""11762801""",1,[],0,false,"""17841401524030183"""
false,"{""is_possible_scammer"": false, ""is_possible_impersonator"": {""is_unconnected_impersonator"": false, ""connected_similar_user_id"": null}, ""is_possible_impersonator_threads"": {""is_unconnected_impersonator"": false, ""connected_similar_user_id"": null}}","""ASSIA""",false,"""assiaivi""","""""","""""","""3211218548604731905_1399457319""","""1399457319""",false,"""https://scontent-yyz1-1.cdninstagram.com/v/t51.2885-19/387637476_186924591111253_8446251861469502263_n.jpg?stp=dst-jpg_s150x150&_nc_ht=scontent-yyz1-1.cdninstagram.com&_nc_cat=101&_nc_ohc=95ZzOyaHPJwAX8iLBES&edm=ALB854YBAAAA&ccb=7-5&oh=00_AfA-wpnAUAVCjHYpRzmbE-2_j4bLA84lZAiuDjEHykhw5g&oe=6537D21D&_nc_sid=ce9561""",false,"""1399457319""","""1399457319""",0,[],0,false,"""17841400999591866"""
false,"{""is_possible_scammer"": false, ""is_possible_impersonator"": {""is_unconnected_impersonator"": false, ""connected_similar_user_id"": null}, ""is_possible_impersonator_threads"": {""is_unconnected_impersonator"": false, ""connected_similar_user_id"": null}}","""Maygen Viens""",false,"""maygen_viens""","""""","""""","""3160835433860610417_1171160281""","""1171160281""",true,"""https://scontent-yyz1-1.cdninstagram.com/v/t51.2885-19/363830273_298499952664966_4620594632381748619_n.jpg?stp=dst-jpg_s150x150&_nc_ht=scontent-yyz1-1.cdninstagram.com&_nc_cat=110&_nc_ohc=qb0MFOde4-kAX_xxkAU&edm=ALB854YBAAAA&ccb=7-5&oh=00_AfDyJZmdxEgh4UDC431sxLv3dVaqVumgPkvav3DlF6MMDg&oe=65360044&_nc_sid=ce9561""",false,"""1171160281""","""1171160281""",0,[],0,false,"""17841400728448299"""
false,"{""is_possible_scammer"": false, ""is_possible_impersonator"": {""is_unconnected_impersonator"": false, ""connected_similar_user_id"": null}, ""is_possible_impersonator_threads"": {""is_unconnected_impersonator"": false, ""connected_similar_user_id"": null}}","""the biggest mind. Ⓜ️""",false,"""shelovescedd""","""""","""""","""2009637075650228733_194898704""","""194898704""",false,"""https://scontent-yyz1-1.cdninstagram.com/v/t51.2885-19/54513173_2611046108937857_3988267190380920832_n.jpg?stp=dst-jpg_s150x150&_nc_ht=scontent-yyz1-1.cdninstagram.com&_nc_cat=105&_nc_ohc=kCaYwx7YhZ0AX_ufTE2&edm=ALB854YBAAAA&ccb=7-5&oh=00_AfA6mVErzMFIjjb77eTkiZTAYKGrXoAdJatIye-tY1jB0A&oe=653616F5&_nc_sid=ce9561""",false,"""194898704""","""194898704""",1,[],0,false,"""17841400561123045"""
false,"{""is_possible_scammer"": false, ""is_possible_impersonator"": {""is_unconnected_impersonator"": false, ""connected_similar_user_id"": null}, ""is_possible_impersonator_threads"": {""is_unconnected_impersonator"": false, ""connected_similar_user_id"": null}}","""Abraham Cournoyer""",false,"""abraham.cournoyer""","""""","""""","""2941289803334440464_8061651238""","""8061651238""",true,"""https://scontent-yyz1-1.cdninstagram.com/v/t51.2885-19/310270387_623788525859310_3012212232842894950_n.jpg?stp=dst-jpg_s150x150&_nc_ht=scontent-yyz1-1.cdninstagram.com&_nc_cat=106&_nc_ohc=PF7p1QBNy3UAX_nxiFh&edm=ALB854YBAAAA&ccb=7-5&oh=00_AfBPCS9VlhugKnS3wJ-xM1LpuqqfNEWvyT5MyxN2PmybMQ&oe=65369289&_nc_sid=ce9561""",false,"""8061651238""","""8061651238""",0,[],0,false,"""17841408017157706"""
false,"{""is_possible_scammer"": false, ""is_possible_impersonator"": {""is_unconnected_impersonator"": false, ""connected_similar_user_id"": null}, ""is_possible_impersonator_threads"": {""is_unconnected_impersonator"": false, ""connected_similar_user_id"": null}}","""JACQUEMUS""",true,"""jacquemus""","""""","""""","""2461223596480924783_242323665""","""242323665""",false,"""https://scontent-yyz1-1.cdninstagram.com/v/t51.2885-19/130673451_723374258601107_2386433008409211207_n.jpg?stp=dst-jpg_s150x150&_nc_ht=scontent-yyz1-1.cdninstagram.com&_nc_cat=1&_nc_ohc=YWygIfe6-3MAX_MehB6&edm=ALB854YBAAAA&ccb=7-5&oh=00_AfAygze7nZ9vUP5V1Tk2hv_nejuuScXRWG8po_u-QeKz7Q&oe=6535FAE9&_nc_sid=ce9561""",false,"""242323665""","""242323665""",1,[],0,false,"""17841400589953786"""
false,"{""is_possible_scammer"": false, ""is_possible_impersonator"": {""is_unconnected_impersonator"": false, ""connected_similar_user_id"": null}, ""is_possible_impersonator_threads"": {""is_unconnected_impersonator"": false, ""connected_similar_user_id"": null}}","""NICKY ALISON SWIMWEAR""",false,"""nickyalisonswimwear2""","""""","""""","""3165712879889998633_59201445928""","""59201445928""",false,"""https://scontent-yyz1-1.cdninstagram.com/v/t51.2885-19/366413720_300343692667285_5863372118025579431_n.jpg?stp=dst-jpg_s150x150&_nc_ht=scontent-yyz1-1.cdninstagram.com&_nc_cat=101&_nc_ohc=aGYguYaFrpsAX-fTL7D&edm=ALB854YBAAAA&ccb=7-5&oh=00_AfCfDjWj7-NqTKZalqyN_MYVPSObvkCVSjrGEUj9cCpP_A&oe=6536CFEF&_nc_sid=ce9561""",false,"""59201445928""","""59201445928""",0,[],0,false,"""17841459217860180"""
false,"{""is_possible_scammer"": false, ""is_possible_impersonator"": {""is_unconnected_impersonator"": false, ""connected_similar_user_id"": null}, ""is_possible_impersonator_threads"": {""is_unconnected_impersonator"": false, ""connected_similar_user_id"": null}}","""Caroline Receveur 🦂""",true,"""carolinereceveur""","""""","""""","""2989268788387884807_671139752""","""671139752""",false,"""https://scontent-yyz1-1.cdninstagram.com/v/t51.2885-19/318517827_118779207558637_8082523878963499797_n.jpg?stp=dst-jpg_s150x150&_nc_ht=scontent-yyz1-1.cdninstagram.com&_nc_cat=1&_nc_ohc=GrtnPiaiDRcAX9ktAiJ&edm=ALB854YBAAAA&ccb=7-5&oh=00_AfCE9femswnUU-0aNIPVgc9-ENSh7TPU9VcYQer7Dsdflw&oe=65368F1D&_nc_sid=ce9561""",false,"""671139752""","""671139752""",0,[],0,false,"""17841401072570486"""
false,"{""is_possible_scammer"": false, ""is_possible_impersonator"": {""is_unconnected_impersonator"": false, ""connected_similar_user_id"": null}, ""is_possible_impersonator_threads"": {""is_unconnected_impersonator"": false, ""connected_similar_user_id"": null}}","""hey shlu !""",false,"""heyshlu""","""""","""""","""3170848442480285669_3059135052""","""3059135052""",false,"""https://scontent-yyz1-1.cdninstagram.com/v/t51.2885-19/367999358_607093208271738_9078444892846135434_n.jpg?stp=dst-jpg_s150x150&_nc_ht=scontent-yyz1-1.cdninstagram.com&_nc_cat=106&_nc_ohc=mSGgdqyCngQAX_L38fi&edm=ALB854YBAAAA&ccb=7-5&oh=00_AfCc30YOKLfqcypplavM_3euJToW29rypl8hUopkJTknvA&oe=65366F57&_nc_sid=ce9561""",false,"""3059135052""","""3059135052""",0,[],0,false,"""17841403091582391"""
false,"{""is_possible_scammer"": false, ""is_possible_impersonator"": {""is_unconnected_impersonator"": false, ""connected_similar_user_id"": null}, ""is_possible_impersonator_threads"": {""is_unconnected_impersonator"": false, ""connected_similar_user_id"": null}}","""Maude Coulombe""",false,"""maudecoulombay""","""""","""""","""2732948020418986717_24797787689""","""24797787689""",false,"""https://scontent-yyz1-1.cdninstagram.com/v/t51.2885-19/269212697_2396548533815724_5209996757259409908_n.jpg?stp=dst-jpg_s150x150&_nc_ht=scontent-yyz1-1.cdninstagram.com&_nc_cat=100&_nc_ohc=Z8VASen_ZUYAX-pNbqz&edm=ALB854YBAAAA&ccb=7-5&oh=00_AfAoFdIkMMbPzqJ0lFVvekYS2x2RxI00PHRMGyUTI1UOOQ&oe=65378674&_nc_sid=ce9561""",false,"""24797787689""","""24797787689""",0,[],0,false,"""17841424830679723"""
false,"{""is_possible_scammer"": false, ""is_possible_impersonator"": {""is_unconnected_impersonator"": false, ""connected_similar_user_id"": null}, ""is_possible_impersonator_threads"": {""is_unconnected_impersonator"": false, ""connected_similar_user_id"": null}}","""""",true,"""victoria_mehault""","""""","""""","""3125685299841311898_29225303648""","""29225303648""",false,"""https://scontent-yyz1-1.cdninstagram.com/v/t51.2885-19/353782144_1225297874839873_1094177570868770475_n.jpg?stp=dst-jpg_s150x150&_nc_ht=scontent-yyz1-1.cdninstagram.com&_nc_cat=1&_nc_ohc=dG7r-S4T6hAAX9YB_Dn&edm=ALB854YBAAAA&ccb=7-5&oh=00_AfDRmog-ikCiy-pFKHDlL3ZpX3mQ3jBClBo6zF62ZI5Dng&oe=6536A038&_nc_sid=ce9561""",false,"""29225303648""","""29225303648""",0,[],0,false,"""17841429269463162"""
false,"{""is_possible_scammer"": false, ""is_possible_impersonator"": {""is_unconnected_impersonator"": false, ""connected_similar_user_id"": null}, ""is_possible_impersonator_threads"": {""is_unconnected_impersonator"": false, ""connected_similar_user_id"": null}}","""Filmthusiast""",false,"""filmthusiast""","""""","""""","""2724914995907333455_5862604133""","""5862604133""",false,"""https://scontent-yyz1-1.cdninstagram.com/v/t51.2885-19/264931790_227628522848041_8715769961245716250_n.jpg?stp=dst-jpg_s150x150&_nc_ht=scontent-yyz1-1.cdninstagram.com&_nc_cat=1&_nc_ohc=AaIiPkz3UxkAX9UUWgE&edm=ALB854YBAAAA&ccb=7-5&oh=00_AfAV-9pTiESz0omvaXHSdRs_ifMlCIH6fKYIlrOo5e1Hvw&oe=65377375&_nc_sid=ce9561""",false,"""5862604133""","""5862604133""",2,[],0,false,"""17841405884002825"""
false,"{""is_possible_scammer"": false, ""is_possible_impersonator"": {""is_unconnected_impersonator"": false, ""connected_similar_user_id"": null}, ""is_possible_impersonator_threads"": {""is_unconnected_impersonator"": false, ""connected_similar_user_id"": null}}","""SOS Villages d'Enfants Maroc""",false,"""sosvillagesdenfantsmaroc""","""""","""""","""2132152467595796349_2229343849""","""2229343849""",false,"""https://scontent-yyz1-1.cdninstagram.com/v/t51.2885-19/68745794_888675151517364_4014997834175610880_n.jpg?stp=dst-jpg_s150x150&_nc_ht=scontent-yyz1-1.cdninstagram.com&_nc_cat=100&_nc_ohc=965C3JHaVPQAX9UwSQd&edm=ALB854YBAAAA&ccb=7-5&oh=00_AfBVX1OACHfYkyVx7R9te_exWHMCsiptJ1eKssbVPYAMJw&oe=65366391&_nc_sid=ce9561""",false,"""2229343849""","""2229343849""",1,[],0,false,"""17841402395478667"""
false,"{""is_possible_scammer"": false, ""is_possible_impersonator"": {""is_unconnected_impersonator"": false, ""connected_similar_user_id"": null}, ""is_possible_impersonator_threads"": {""is_unconnected_impersonator"": false, ""connected_similar_user_id"": null}}","""Josee Paulin""",false,"""joseepaulin""","""""","""""","""1567958459333185162_5789983514""","""5789983514""",false,"""https://scontent-yyz1-1.cdninstagram.com/v/t51.2885-19/20347308_120548668576303_1035445576306524160_a.jpg?stp=dst-jpg_s150x150&_nc_ht=scontent-yyz1-1.cdninstagram.com&_nc_cat=107&_nc_ohc=InDyePDXgDwAX-sZZYq&edm=ALB854YBAAAA&ccb=7-5&oh=00_AfCD1Via7Ii1ykivLLt23rcFnO71q9zOFvVKrTJPOilq6A&oe=6536A0C2&_nc_sid=ce9561""",false,"""5789983514""","""5789983514""",0,[],0,false,"""17841405985423747"""
false,"{""is_possible_scammer"": false, ""is_possible_impersonator"": {""is_unconnected_impersonator"": false, ""connected_similar_user_id"": null}, ""is_possible_impersonator_threads"": {""is_unconnected_impersonator"": false, ""connected_similar_user_id"": null}}","""𝔛""",true,"""xeniaadonts""","""""","""""","""3139613611949290262_11676849""","""11676849""",false,"""https://scontent-yyz1-1.cdninstagram.com/v/t51.2885-19/357644900_1752977161813842_7154423197125996076_n.jpg?stp=dst-jpg_s150x150&_nc_ht=scontent-yyz1-1.cdninstagram.com&_nc_cat=1&_nc_ohc=PGaOzRsaLXUAX-qB_ow&edm=ALB854YBAAAA&ccb=7-5&oh=00_AfAt8bg30TkyuJE5spZsb87CVbXcDoEL-JrE2FTTeEPhWw&oe=65360D72&_nc_sid=ce9561""",false,"""11676849""","""11676849""",0,[],0,false,"""17841400865470182"""
false,"{""is_possible_scammer"": false, ""is_possible_impersonator"": {""is_unconnected_impersonator"": false, ""connected_similar_user_id"": null}, ""is_possible_impersonator_threads"": {""is_unconnected_impersonator"": false, ""connected_similar_user_id"": null}}","""belinda becerra martel""",false,"""baylynne__dita""","""""","""""","""3112680408496155302_432014934""","""432014934""",false,"""https://scontent-yyz1-1.cdninstagram.com/v/t51.2885-19/349226364_238373672167813_6233699359026064627_n.jpg?stp=dst-jpg_s150x150&_nc_ht=scontent-yyz1-1.cdninstagram.com&_nc_cat=101&_nc_ohc=6TU-XV6dVk4AX-X1Sys&edm=ALB854YBAAAA&ccb=7-5&oh=00_AfAGxBxZSEQKrSIVPqaBzr-FVOuoChIhQJ5PrPBvMsIp-Q&oe=6536CDD8&_nc_sid=ce9561""",false,"""432014934""","""432014934""",1,[],0,false,"""17841400448026750"""
false,"{""is_possible_scammer"": false, ""is_possible_impersonator"": {""is_unconnected_impersonator"": false, ""connected_similar_user_id"": null}, ""is_possible_impersonator_threads"": {""is_unconnected_impersonator"": false, ""connected_similar_user_id"": null}}","""Paradise Montreal""",false,"""paradise.montreal""","""""","""""","""2455407040904561238_8443664962""","""8443664962""",false,"""https://scontent-yyz1-1.cdninstagram.com/v/t51.2885-19/128723537_330795778114185_5609478082366814068_n.jpg?stp=dst-jpg_s150x150&_nc_ht=scontent-yyz1-1.cdninstagram.com&_nc_cat=109&_nc_ohc=_JlOtorRhOoAX_kjy8k&edm=ALB854YBAAAA&ccb=7-5&oh=00_AfBaY-ylxO9QKzD8lYJ59u0ITUWPyKmJI4PWYnNroFCNtg&oe=65378A90&_nc_sid=ce9561""",false,"""8443664962""","""8443664962""",1,[],0,false,"""17841408428865458"""
false,"{""is_possible_scammer"": false, ""is_possible_impersonator"": {""is_unconnected_impersonator"": false, ""connected_similar_user_id"": null}, ""is_possible_impersonator_threads"": {""is_unconnected_impersonator"": false, ""connected_similar_user_id"": null}}","""Jannik""",true,"""jaadiee""","""""","""""","""2906059902469130307_225359222""","""225359222""",false,"""https://scontent-yyz1-1.cdninstagram.com/v/t51.2885-19/299320010_205730888457707_1552781165014472441_n.jpg?stp=dst-jpg_s150x150&_nc_ht=scontent-yyz1-1.cdninstagram.com&_nc_cat=111&_nc_ohc=a52V30tqPEEAX8W0tWf&edm=ALB854YBAAAA&ccb=7-5&oh=00_AfCyb_uk-Hy_-oLKsrr8ZC2zBVEGS0RynKrpzOQMty7iNw&oe=6536F3F3&_nc_sid=ce9561""",false,"""225359222""","""225359222""",1,[],0,false,"""17841400456663521"""
false,"{""is_possible_scammer"": false, ""is_possible_impersonator"": {""is_unconnected_impersonator"": false, ""connected_similar_user_id"": null}, ""is_possible_impersonator_threads"": {""is_unconnected_impersonator"": false, ""connected_similar_user_id"": null}}","""Lavanda""",false,"""lavandamode""","""""","""""","""3117228214913509777_7390536960""","""7390536960""",false,"""https://scontent-yyz1-1.cdninstagram.com/v/t51.2885-19/351375735_280865477713985_7401823002838298856_n.jpg?stp=dst-jpg_s150x150&_nc_ht=scontent-yyz1-1.cdninstagram.com&_nc_cat=105&_nc_ohc=LRjVSP-rq84AX9LLpo7&edm=ALB854YBAAAA&ccb=7-5&oh=00_AfD-3IZhwfBm9L0k9DHR9XX_TPimMMpEPFJDarGFTYLT7g&oe=65379E59&_nc_sid=ce9561""",false,"""7390536960""","""7390536960""",0,[],0,false,"""17841407228823817"""
false,"{""is_possible_scammer"": false, ""is_possible_impersonator"": {""is_unconnected_impersonator"": false, ""connected_similar_user_id"": null}, ""is_possible_impersonator_threads"": {""is_unconnected_impersonator"": false, ""connected_similar_user_id"": null}}","""Haus Mode Maison""",false,"""hausmodemaison""","""""","""""","""1577818808710050977_5058048382""","""5058048382""",false,"""https://scontent-yyz1-1.cdninstagram.com/v/t51.2885-19/20686808_118999908751555_8842519823381430272_a.jpg?stp=dst-jpg_s150x150&_nc_ht=scontent-yyz1-1.cdninstagram.com&_nc_cat=107&_nc_ohc=D-UMDSU53y4AX_7mSju&edm=ALB854YBAAAA&ccb=7-5&oh=00_AfDQoXGoSNFS_TR-tL6TAz9X0wWeET2Dolb6zmOQRTrFpA&oe=653769A4&_nc_sid=ce9561""",false,"""5058048382""","""5058048382""",0,[],0,false,"""17841405051462256"""
false,"{""is_possible_scammer"": false, ""is_possible_impersonator"": {""is_unconnected_impersonator"": false, ""connected_similar_user_id"": null}, ""is_possible_impersonator_threads"": {""is_unconnected_impersonator"": false, ""connected_similar_user_id"": null}}","""C L U E""",false,"""cluesevillano""","""""","""""","""3146008595736174405_30294827""","""30294827""",false,"""https://scontent-yyz1-1.cdninstagram.com/v/t51.2885-19/361026384_1755194321576221_9009029356508981264_n.jpg?stp=dst-jpg_s150x150&_nc_ht=scontent-yyz1-1.cdninstagram.com&_nc_cat=101&_nc_ohc=Xmdh1rrk-jsAX_1hhSj&edm=ALB854YBAAAA&ccb=7-5&oh=00_AfAed_liv-uOYWCnP3PJrAllNeS6bFqLRnYeJNY0jUmzTA&oe=6537C522&_nc_sid=ce9561""",false,"""30294827""","""30294827""",0,[],0,false,"""17841400684810473"""
false,"{""is_possible_scammer"": false, ""is_possible_impersonator"": {""is_unconnected_impersonator"": false, ""connected_similar_user_id"": null}, ""is_possible_impersonator_threads"": {""is_unconnected_impersonator"": false, ""connected_similar_user_id"": null}}","""Positive & Motivational Quotes""",false,"""thegoodquote""","""""","""""","""2332873970997338673_192151340""","""192151340""",false,"""https://scontent-yyz1-1.cdninstagram.com/v/t51.2885-19/103649318_649904242534100_5775310368121173844_n.jpg?stp=dst-jpg_s150x150&_nc_ht=scontent-yyz1-1.cdninstagram.com&_nc_cat=1&_nc_ohc=L4m4Ss4t9k0AX8bNWKk&edm=ALB854YBAAAA&ccb=7-5&oh=00_AfDS2g2r6DW6BxtZueEftT6h6V1mljmJ5G7fvIJt5IISlw&oe=6537BEC9&_nc_sid=ce9561""",false,"""192151340""","""192151340""",1,[],0,false,"""17841400700203002"""
false,"{""is_possible_scammer"": false, ""is_possible_impersonator"": {""is_unconnected_impersonator"": false, ""connected_similar_user_id"": null}, ""is_possible_impersonator_threads"": {""is_unconnected_impersonator"": false, ""connected_similar_user_id"": null}}","""Néva""",false,"""nevadowntown""","""""","""""","""3155540509736828951_446279650""","""446279650""",false,"""https://scontent-yyz1-1.cdninstagram.com/v/t51.2885-19/363267545_1684589371965407_6939622114328783349_n.jpg?stp=dst-jpg_s150x150&_nc_ht=scontent-yyz1-1.cdninstagram.com&_nc_cat=111&_nc_ohc=p2JYPl95nM8AX_dZXeR&edm=ALB854YBAAAA&ccb=7-5&oh=00_AfC7yBuLa_odQXxEIMVtfZMhT_N92_47GYYSBg27WdycLA&oe=6536C3FC&_nc_sid=ce9561""",false,"""446279650""","""446279650""",0,[],0,false,"""17841400229506973"""
false,"{""is_possible_scammer"": false, ""is_possible_impersonator"": {""is_unconnected_impersonator"": false, ""connected_similar_user_id"": null}, ""is_possible_impersonator_threads"": {""is_unconnected_impersonator"": false, ""connected_similar_user_id"": null}}","""Eros et Compagnie""",false,"""erosetcompagnie""","""""","""""","""2878646605256157956_3547213223""","""3547213223""",false,"""https://scontent-yyz1-1.cdninstagram.com/v/t51.2885-19/292443201_1235851010533495_8808848589210072504_n.jpg?stp=dst-jpg_s150x150&_nc_ht=scontent-yyz1-1.cdninstagram.com&_nc_cat=107&_nc_ohc=UnE_Sms9XTEAX8X2Po7&edm=ALB854YBAAAA&ccb=7-5&oh=00_AfAdlEJ8JXckHvtzSNl-0lSofpsf911KmpUYc35xqmyk1A&oe=65366183&_nc_sid=ce9561""",false,"""3547213223""","""3547213223""",1,[],0,false,"""17841403516713401"""
false,"{""is_possible_scammer"": false, ""is_possible_impersonator"": {""is_unconnected_impersonator"": false, ""connected_similar_user_id"": null}, ""is_possible_impersonator_threads"": {""is_unconnected_impersonator"": false, ""connected_similar_user_id"": null}}","""Lysa Langlois""",false,"""lysalanglois""","""""","""""","""3123133970040671071_40648777""","""40648777""",false,"""https://scontent-yyz1-1.cdninstagram.com/v/t51.2885-19/353765982_785501969734089_7654712099541060965_n.jpg?stp=dst-jpg_s150x150&_nc_ht=scontent-yyz1-1.cdninstagram.com&_nc_cat=109&_nc_ohc=2giGbdnlL_MAX9TbGk7&edm=ALB854YBAAAA&ccb=7-5&oh=00_AfBX23ojLbHXaLepsriDrpPOy2AXr60HNBQ39EwbmbEneA&oe=653691EB&_nc_sid=ce9561""",false,"""40648777""","""40648777""",0,[],0,false,"""17841400263310635"""
false,"{""is_possible_scammer"": false, ""is_possible_impersonator"": {""is_unconnected_impersonator"": false, ""connected_similar_user_id"": null}, ""is_possible_impersonator_threads"": {""is_unconnected_impersonator"": false, ""connected_similar_user_id"": null}}","""subhi صبحي""",true,"""sbeih.jpg""","""""","""""","""3211097674450822595_23380730""","""23380730""",false,"""https://scontent-yyz1-1.cdninstagram.com/v/t51.2885-19/391012525_1052479476198453_8566618355172704755_n.jpg?stp=dst-jpg_s150x150&_nc_ht=scontent-yyz1-1.cdninstagram.com&_nc_cat=1&_nc_ohc=u0eabrjJqLUAX8TQ1JA&edm=ALB854YBAAAA&ccb=7-5&oh=00_AfDxHcD-xJYpqb7Yj7nqKTq7sXCGiR9Ccurj8GreLspH8w&oe=65361759&_nc_sid=ce9561""",false,"""23380730""","""23380730""",1,[],0,false,"""17841400621900365"""
false,"{""is_possible_scammer"": false, ""is_possible_impersonator"": {""is_unconnected_impersonator"": false, ""connected_similar_user_id"": null}, ""is_possible_impersonator_threads"": {""is_unconnected_impersonator"": false, ""connected_similar_user_id"": null}}","""Giuseppa""",true,"""giuseppacrl""","""""","""""","""3158261589543682240_3218931168""","""3218931168""",false,"""https://scontent-yyz1-1.cdninstagram.com/v/t51.2885-19/363506095_1473554306714578_7412248432481822872_n.jpg?stp=dst-jpg_s150x150&_nc_ht=scontent-yyz1-1.cdninstagram.com&_nc_cat=1&_nc_ohc=a96Ws3jcjWAAX_BZD_h&edm=ALB854YBAAAA&ccb=7-5&oh=00_AfBAMXmsev5AN25pf6Pzu3hjuVps84MTmJGQO9lYPriq0A&oe=6536A7C2&_nc_sid=ce9561""",false,"""3218931168""","""3218931168""",1,[],0,false,"""17841403215052366"""
false,"{""is_possible_scammer"": false, ""is_possible_impersonator"": {""is_unconnected_impersonator"": false, ""connected_similar_user_id"": null}, ""is_possible_impersonator_threads"": {""is_unconnected_impersonator"": false, ""connected_similar_user_id"": null}}","""The Pilates Class""",false,"""thepilatesclass""","""""","""""","""3214643719173515665_32510409""","""32510409""",false,"""https://scontent-yyz1-1.cdninstagram.com/v/t51.2885-19/391307740_637631848263064_950040602012989404_n.jpg?stp=dst-jpg_s150x150&_nc_ht=scontent-yyz1-1.cdninstagram.com&_nc_cat=104&_nc_ohc=8PRWrQUc8aUAX_RUAO0&edm=ALB854YBAAAA&ccb=7-5&oh=00_AfAoso1xz2A-cnnD_vB_OrtebUanY_UQZpITbOOGVk0Osw&oe=65362688&_nc_sid=ce9561""",false,"""32510409""","""32510409""",1,[],0,false,"""17841401872270507"""
false,"{""is_possible_scammer"": false, ""is_possible_impersonator"": {""is_unconnected_impersonator"": false, ""connected_similar_user_id"": null}, ""is_possible_impersonator_threads"": {""is_unconnected_impersonator"": false, ""connected_similar_user_id"": null}}","""Feminist""",false,"""feminist""","""""","""""","""3048599902724596428_4520233910""","""4520233910""",false,"""https://scontent-yyz1-1.cdninstagram.com/v/t51.2885-19/333835795_131130659884678_5901129705092552625_n.jpg?stp=dst-jpg_s150x150&_nc_ht=scontent-yyz1-1.cdninstagram.com&_nc_cat=1&_nc_ohc=f_QkUBomJcQAX9YOg2V&edm=ALB854YBAAAA&ccb=7-5&oh=00_AfBVRASKb4Gd7zTvqt27eT4jYLFjOqGDB77tRTJpJcHSrA&oe=6536894C&_nc_sid=ce9561""",false,"""4520233910""","""4520233910""",1,[],0,false,"""17841404377325029"""
false,"{""is_possible_scammer"": false, ""is_possible_impersonator"": {""is_unconnected_impersonator"": false, ""connected_similar_user_id"": null}, ""is_possible_impersonator_threads"": {""is_unconnected_impersonator"": false, ""connected_similar_user_id"": null}}","""Film Aesthete""",false,"""filmaesthete""","""""","""""","""2611250804869392333_32091360946""","""32091360946""",false,"""https://scontent-yyz1-1.cdninstagram.com/v/t51.2885-19/210260662_968398533972962_7718557981111320644_n.jpg?stp=dst-jpg_s150x150&_nc_ht=scontent-yyz1-1.cdninstagram.com&_nc_cat=1&_nc_ohc=7eoMpdKiux8AX_IB9YJ&edm=ALB854YBAAAA&ccb=7-5&oh=00_AfCEA7A2-QhhkC9kgwYy_vjnjfTWdE_oaL7YzQGqzwDx-w&oe=653720BF&_nc_sid=ce9561""",false,"""32091360946""","""32091360946""",0,[],0,false,"""17841431948401420"""
false,"{""is_possible_scammer"": false, ""is_possible_impersonator"": {""is_unconnected_impersonator"": false, ""connected_similar_user_id"": null}, ""is_possible_impersonator_threads"": {""is_unconnected_impersonator"": false, ""connected_similar_user_id"": null}}","""Architectural Digest""",true,"""archdigest""","""""","""""","""2132157195358071353_239180867""","""239180867""",false,"""https://scontent-yyz1-1.cdninstagram.com/v/t51.2885-19/69851379_423997108225258_2171229650301222912_n.jpg?stp=dst-jpg_s150x150&_nc_ht=scontent-yyz1-1.cdninstagram.com&_nc_cat=1&_nc_ohc=cdbspTtaKssAX-jueKu&edm=ALB854YBAAAA&ccb=7-5&oh=00_AfDYsm8xsYxLNsV7yqwmG0e6qSdd58H40VpKtuXQ4YKirA&oe=6536C066&_nc_sid=ce9561""",false,"""239180867""","""239180867""",1,[],0,false,"""17841400386013737"""
false,"{""is_possible_scammer"": false, ""is_possible_impersonator"": {""is_unconnected_impersonator"": false, ""connected_similar_user_id"": null}, ""is_possible_impersonator_threads"": {""is_unconnected_impersonator"": false, ""connected_similar_user_id"": null}}","""Najwa Zebian""",true,"""najwazebian""","""""","""""","""3189136636800464142_404625612""","""404625612""",false,"""https://scontent-yyz1-1.cdninstagram.com/v/t51.2885-19/375380066_7397197766974515_1234815735354523040_n.jpg?stp=dst-jpg_s150x150&_nc_ht=scontent-yyz1-1.cdninstagram.com&_nc_cat=1&_nc_ohc=Z1FI8cTT03AAX_SMZDb&edm=ALB854YBAAAA&ccb=7-5&oh=00_AfCPORn5LHQ-a6xl2nFisUf3a79To8meWPijwRd8SvhSxw&oe=65379314&_nc_sid=ce9561""",false,"""404625612""","""404625612""",0,[],0,false,"""17841400528366322"""
false,"{""is_possible_scammer"": false, ""is_possible_impersonator"": {""is_unconnected_impersonator"": false, ""connected_similar_user_id"": null}, ""is_possible_impersonator_threads"": {""is_unconnected_impersonator"": false, ""connected_similar_user_id"": null}}","""r.h. Sin""",true,"""r.h.sin""","""""","""""","""3212292991639356760_30663487""","""30663487""",false,"""https://scontent-yyz1-1.cdninstagram.com/v/t51.2885-19/391204149_688333236593080_3491055976758397094_n.jpg?stp=dst-jpg_s150x150&_nc_ht=scontent-yyz1-1.cdninstagram.com&_nc_cat=1&_nc_ohc=EC1NvRW6BcUAX-nqR30&edm=ALB854YBAAAA&ccb=7-5&oh=00_AfCqveKZSmeiYbabMtFLVMXg4pfexHGqopfKzAuHkTJqMQ&oe=65360459&_nc_sid=ce9561""",false,"""30663487""","""30663487""",1,[],0,false,"""17841400224610479"""
false,"{""is_possible_scammer"": false, ""is_possible_impersonator"": {""is_unconnected_impersonator"": false, ""connected_similar_user_id"": null}, ""is_possible_impersonator_threads"": {""is_unconnected_impersonator"": false, ""connected_similar_user_id"": null}}","""THE GOOD FILMS.""",false,"""the_goodfilms""","""""","""""","""2594545213696267213_2119656664""","""2119656664""",false,"""https://scontent-yyz1-1.cdninstagram.com/v/t51.2885-19/201138586_1636227196588418_3413118543697070966_n.jpg?stp=dst-jpg_s150x150&_nc_ht=scontent-yyz1-1.cdninstagram.com&_nc_cat=1&_nc_ohc=OKriyfjW3WIAX-fLgvS&edm=ALB854YBAAAA&ccb=7-5&oh=00_AfAxC-4gNVFLfhR6giQsw79DB0Tk3obSUZXqf-gqg1xf0g&oe=65363F6A&_nc_sid=ce9561""",false,"""2119656664""","""2119656664""",0,[],0,false,"""17841401939944957"""
false,"{""is_possible_scammer"": false, ""is_possible_impersonator"": {""is_unconnected_impersonator"": false, ""connected_similar_user_id"": null}, ""is_possible_impersonator_threads"": {""is_unconnected_impersonator"": false, ""connected_similar_user_id"": null}}","""C’est qui La Boss ?""",true,"""cestquilaboss""","""""","""""","""3053256638370741208_2092490382""","""2092490382""",false,"""https://scontent-yyz1-1.cdninstagram.com/v/t51.2885-19/333254585_734505278371467_3685891634183004068_n.jpg?stp=dst-jpg_s150x150&_nc_ht=scontent-yyz1-1.cdninstagram.com&_nc_cat=103&_nc_ohc=h4lwNHtpRWMAX9VbHy_&edm=ALB854YBAAAA&ccb=7-5&oh=00_AfBszxryQkn9_eeOxNxQSXihMOpVikihgx_dJf42gertOQ&oe=6536764C&_nc_sid=ce9561""",false,"""2092490382""","""2092490382""",0,[],0,false,"""17841401991481561"""
false,"{""is_possible_scammer"": false, ""is_possible_impersonator"": {""is_unconnected_impersonator"": false, ""connected_similar_user_id"": null}, ""is_possible_impersonator_threads"": {""is_unconnected_impersonator"": false, ""connected_similar_user_id"": null}}","""Hunter""",true,"""hunterschafer""","""""","""""","""2768007340408854109_292275809""","""292275809""",false,"""https://scontent-yyz1-1.cdninstagram.com/v/t51.2885-19/273569086_647499629783865_3359163004118002150_n.jpg?stp=dst-jpg_s150x150&_nc_ht=scontent-yyz1-1.cdninstagram.com&_nc_cat=1&_nc_ohc=3QztRjDieXsAX8Fl3hj&edm=ALB854YBAAAA&ccb=7-5&oh=00_AfDhFsqRDTQlaYbBY5YY_GFWwBzevGys8XgJVNvoC07smA&oe=653620EE&_nc_sid=ce9561""",false,"""292275809""","""292275809""",0,[],0,false,"""17841401554274566"""
false,"{""is_possible_scammer"": false, ""is_possible_impersonator"": {""is_unconnected_impersonator"": false, ""connected_similar_user_id"": null}, ""is_possible_impersonator_threads"": {""is_unconnected_impersonator"": false, ""connected_similar_user_id"": null}}","""florence breton""",false,"""_florencebreton_""","""""","""""","""2890943725662045998_2070718351""","""2070718351""",false,"""https://scontent-yyz1-1.cdninstagram.com/v/t51.2885-19/295596391_5704704799554255_7211786727771338641_n.jpg?stp=dst-jpg_s150x150&_nc_ht=scontent-yyz1-1.cdninstagram.com&_nc_cat=103&_nc_ohc=6m1OFnelH3IAX9RZEdU&edm=ALB854YBAAAA&ccb=7-5&oh=00_AfCnbnTl4mhFYObt_nnzg3SIHzkYb2EJKG-TndFEhqy3ew&oe=65362CDD&_nc_sid=ce9561""",false,"""2070718351""","""2070718351""",0,[],0,false,"""17841402110548839"""
false,"{""is_possible_scammer"": false, ""is_possible_impersonator"": {""is_unconnected_impersonator"": false, ""connected_similar_user_id"": null}, ""is_possible_impersonator_threads"": {""is_unconnected_impersonator"": false, ""connected_similar_user_id"": null}}","""Michelle, MD colorée""",false,"""lamdcoloree""","""""","""""","""2953493668690787598_52609507739""","""52609507739""",false,"""https://scontent-yyz1-1.cdninstagram.com/v/t51.2885-19/312439659_851709095986381_5237621882388171041_n.jpg?stp=dst-jpg_s150x150&_nc_ht=scontent-yyz1-1.cdninstagram.com&_nc_cat=101&_nc_ohc=VFhOQ_wP9ooAX_JB1WM&edm=ALB854YBAAAA&ccb=7-5&oh=00_AfBqjdYNQMe4tMIexlTE7E2vcL42f-8pEaCAgzcOWbxbWw&oe=653628BA&_nc_sid=ce9561""",false,"""52609507739""","""52609507739""",0,[],0,false,"""17841452672176188"""
false,"{""is_possible_scammer"": false, ""is_possible_impersonator"": {""is_unconnected_impersonator"": false, ""connected_similar_user_id"": null}, ""is_possible_impersonator_threads"": {""is_unconnected_impersonator"": false, ""connected_similar_user_id"": null}}","""Bellesa""",true,"""bellesaco""","""""","""""","""2847453639935127189_3112025993""","""3112025993""",false,"""https://scontent-yyz1-1.cdninstagram.com/v/t51.2885-19/284469299_124365806726027_8452108611553096621_n.jpg?stp=dst-jpg_s150x150&_nc_ht=scontent-yyz1-1.cdninstagram.com&_nc_cat=1&_nc_ohc=WyqJmiPD9oYAX_MQMoG&edm=ALB854YBAAAA&ccb=7-5&oh=00_AfC6EvV4u9Jt4wp4UmKHmrGXIvC1yQfZtIm4VLRdo8tBlg&oe=6537C9DD&_nc_sid=ce9561""",false,"""3112025993""","""3112025993""",0,[],0,false,"""17841402939819003"""
false,"{""is_possible_scammer"": false, ""is_possible_impersonator"": {""is_unconnected_impersonator"": false, ""connected_similar_user_id"": null}, ""is_possible_impersonator_threads"": {""is_unconnected_impersonator"": false, ""connected_similar_user_id"": null}}","""Angèle""",true,"""angele_vl""","""""","""""","""2953832404254487997_1540792116""","""1540792116""",false,"""https://scontent-yyz1-1.cdninstagram.com/v/t51.2885-19/312000873_198974789177228_8035263728928852979_n.jpg?stp=dst-jpg_s150x150&_nc_ht=scontent-yyz1-1.cdninstagram.com&_nc_cat=1&_nc_ohc=WcD1dSnmXmIAX8iggX5&edm=ALB854YBAAAA&ccb=7-5&oh=00_AfCpSjqYl6RaIHhyO3qtxT3q6ehBjNkzV_fxO2ssVgyx0A&oe=65378C4C&_nc_sid=ce9561""",false,"""1540792116""","""1540792116""",1,[],0,false,"""17841401683504074"""
false,"{""is_possible_scammer"": false, ""is_possible_impersonator"": {""is_unconnected_impersonator"": false, ""connected_similar_user_id"": null}, ""is_possible_impersonator_threads"": {""is_unconnected_impersonator"": false, ""connected_similar_user_id"": null}}","""Måneskin""",true,"""maneskinofficial""","""""","""""","""3170741642959266515_5453625996""","""5453625996""",false,"""https://scontent-yyz1-1.cdninstagram.com/v/t51.2885-19/367671273_9923224531082236_5449619299789851288_n.jpg?stp=dst-jpg_s150x150&_nc_ht=scontent-yyz1-1.cdninstagram.com&_nc_cat=1&_nc_ohc=vaxNpjD6NycAX-PCsqp&edm=ALB854YBAAAA&ccb=7-5&oh=00_AfAk09hamVYCFSLFfRW9zYmhrVhDwhUzMMeI8jIKYY2dSA&oe=65362F6C&_nc_sid=ce9561""",false,"""5453625996""","""5453625996""",1,[],0,false,"""17841405339901703"""
false,"{""is_possible_scammer"": false, ""is_possible_impersonator"": {""is_unconnected_impersonator"": false, ""connected_similar_user_id"": null}, ""is_possible_impersonator_threads"": {""is_unconnected_impersonator"": false, ""connected_similar_user_id"": null}}","""Lady Gaga""",true,"""ladygaga""","""""","""""","""2884170279095370610_184692323""","""184692323""",false,"""https://scontent-yyz1-1.cdninstagram.com/v/t51.2885-19/293629365_168179639073520_26498734685539637_n.jpg?stp=dst-jpg_s150x150&_nc_ht=scontent-yyz1-1.cdninstagram.com&_nc_cat=1&_nc_ohc=hpl6vIUvdbwAX_QMNyY&edm=ALB854YBAAAA&ccb=7-5&oh=00_AfCApxpifWWD3VUvLaYl0gg7GPfC2o7xe6AYoOXBC8TvCA&oe=653755B1&_nc_sid=ce9561""",false,"""184692323""","""184692323""",0,[],0,false,"""17841401569692885"""
false,"{""is_possible_scammer"": false, ""is_possible_impersonator"": {""is_unconnected_impersonator"": false, ""connected_similar_user_id"": null}, ""is_possible_impersonator_threads"": {""is_unconnected_impersonator"": false, ""connected_similar_user_id"": null}}","""United Nations Geneva""",true,"""ungeneva""","""""","""""","""""","""414093602""",false,"""https://scontent-yyz1-1.cdninstagram.com/v/t51.2885-19/12930707_228916607497541_1196591278_a.jpg?stp=dst-jpg_s150x150&_nc_ht=scontent-yyz1-1.cdninstagram.com&_nc_cat=105&_nc_ohc=72J_RH4aJXIAX_Pg9ld&edm=ALB854YBAAAA&ccb=7-5&oh=00_AfBcBfx-cFPCRc8jeQyCoxVs0wqh9mEql5190y_bAaJgqg&oe=65375F5C&_nc_sid=ce9561""",false,"""414093602""","""414093602""",0,[],0,false,"""17841400408066470"""
false,"{""is_possible_scammer"": false, ""is_possible_impersonator"": {""is_unconnected_impersonator"": false, ""connected_similar_user_id"": null}, ""is_possible_impersonator_threads"": {""is_unconnected_impersonator"": false, ""connected_similar_user_id"": null}}","""Rosalie""",false,"""_rosaliegravel""","""""","""""","""3206981081894742548_1341338849""","""1341338849""",false,"""https://scontent-yyz1-1.cdninstagram.com/v/t51.2885-19/386833006_332291889276436_6039307801059695896_n.jpg?stp=dst-jpg_s150x150&_nc_ht=scontent-yyz1-1.cdninstagram.com&_nc_cat=104&_nc_ohc=jIpUgg22evEAX9-vKrX&edm=ALB854YBAAAA&ccb=7-5&oh=00_AfDsIGdCO4YSm7ydxRKMFkw9TlRszmgvNvzujwAY_GzFTQ&oe=65371F24&_nc_sid=ce9561""",false,"""1341338849""","""1341338849""",0,[],0,false,"""17841400805490958"""
false,"{""is_possible_scammer"": false, ""is_possible_impersonator"": {""is_unconnected_impersonator"": false, ""connected_similar_user_id"": null}, ""is_possible_impersonator_threads"": {""is_unconnected_impersonator"": false, ""connected_similar_user_id"": null}}","""Greg Williams""",true,"""gregwilliamsphotography""","""""","""""","""""","""979481763""",false,"""https://scontent-yyz1-1.cdninstagram.com/v/t51.2885-19/11312500_1487638924863131_929554182_a.jpg?_nc_ht=scontent-yyz1-1.cdninstagram.com&_nc_cat=1&_nc_ohc=9fA810D9n7gAX8oR7IG&edm=ALB854YBAAAA&ccb=7-5&oh=00_AfAFdItjmr-OpSI0A8YA266nFbWVoHIL0m636wFklQgTsg&oe=6537529E&_nc_sid=ce9561""",false,"""979481763""","""979481763""",1,[],0,false,"""17841400772905304"""
false,"{""is_possible_scammer"": false, ""is_possible_impersonator"": {""is_unconnected_impersonator"": false, ""connected_similar_user_id"": null}, ""is_possible_impersonator_threads"": {""is_unconnected_impersonator"": false, ""connected_similar_user_id"": null}}","""Dr. Simon Ourian - Epione""",true,"""simonourianmd1""","""""","""""","""1251189013180887452_598385299""","""598385299""",false,"""https://scontent-yyz1-1.cdninstagram.com/v/t51.2885-19/13183491_1734296203515737_1620204358_a.jpg?stp=dst-jpg_s150x150&_nc_ht=scontent-yyz1-1.cdninstagram.com&_nc_cat=1&_nc_ohc=3FMyoT9dPnwAX-OMFR3&edm=ALB854YBAAAA&ccb=7-5&oh=00_AfC65Dn-dx7f1NE5q6TfYw0BM2tH-tLlyRC8i8n7q9G3pA&oe=6536D928&_nc_sid=ce9561""",false,"""598385299""","""598385299""",1,[],0,false,"""17841401478979349"""
false,"{""is_possible_scammer"": false, ""is_possible_impersonator"": {""is_unconnected_impersonator"": false, ""connected_similar_user_id"": null}, ""is_possible_impersonator_threads"": {""is_unconnected_impersonator"": false, ""connected_similar_user_id"": null}}","""Barbara Palvin""",true,"""realbarbarapalvin""","""""","""""","""3201794542065991290_210746792""","""210746792""",false,"""https://scontent-yyz1-1.cdninstagram.com/v/t51.2885-19/383948947_1307038149922871_995298197958799483_n.jpg?stp=dst-jpg_s150x150&_nc_ht=scontent-yyz1-1.cdninstagram.com&_nc_cat=1&_nc_ohc=w094J2ot_lwAX-j4-tu&edm=ALB854YBAAAA&ccb=7-5&oh=00_AfDsrxk8YcshRuBQj1Dwd9GUQgPTAjUxP7xLoVgKRjg5nQ&oe=653698CD&_nc_sid=ce9561""",false,"""210746792""","""210746792""",1,[],0,false,"""17841401763763292"""
false,"{""is_possible_scammer"": false, ""is_possible_impersonator"": {""is_unconnected_impersonator"": false, ""connected_similar_user_id"": null}, ""is_possible_impersonator_threads"": {""is_unconnected_impersonator"": false, ""connected_similar_user_id"": null}}","""Poppy Delevingne""",true,"""poppydelevingne""","""""","""""","""1749389400465565151_177012824""","""177012824""",false,"""https://scontent-yyz1-1.cdninstagram.com/v/t51.2885-19/29417882_176102786351673_4007384605211492352_n.jpg?stp=dst-jpg_s150x150&_nc_ht=scontent-yyz1-1.cdninstagram.com&_nc_cat=1&_nc_ohc=oiedbzJc3c8AX8B6IGZ&edm=ALB854YBAAAA&ccb=7-5&oh=00_AfAfcEbZOE1IrJuA-MeJu-QcCiZYxR0tzTxooBKaPPG2-A&oe=6536B04B&_nc_sid=ce9561""",false,"""177012824""","""177012824""",0,[],0,false,"""17841401584722765"""
false,"{""is_possible_scammer"": false, ""is_possible_impersonator"": {""is_unconnected_impersonator"": false, ""connected_similar_user_id"": null}, ""is_possible_impersonator_threads"": {""is_unconnected_impersonator"": false, ""connected_similar_user_id"": null}}","""Lee Litumbe 🇨🇲🇺🇸""",true,"""spiritedpursuit""","""""","""""","""2489469951448935257_212097121""","""212097121""",false,"""https://scontent-yyz1-1.cdninstagram.com/v/t51.2885-19/140049533_151165673313798_2006503469479752736_n.jpg?stp=dst-jpg_s150x150&_nc_ht=scontent-yyz1-1.cdninstagram.com&_nc_cat=106&_nc_ohc=lDudS7Yz7usAX9DKqA9&edm=ALB854YBAAAA&ccb=7-5&oh=00_AfBV9zAJ8cHTHN9GgFWiqmnG8-E1U1hdYEUYJuIPD3Yngg&oe=653767F1&_nc_sid=ce9561""",false,"""212097121""","""212097121""",1,[],0,false,"""17841400033633314"""
false,"{""is_possible_scammer"": false, ""is_possible_impersonator"": {""is_unconnected_impersonator"": false, ""connected_similar_user_id"": null}, ""is_possible_impersonator_threads"": {""is_unconnected_impersonator"": false, ""connected_similar_user_id"": null}}","""Mei Pang""",true,"""meicrosoft""","""""","""""","""3138009374513575369_2118537437""","""2118537437""",false,"""https://scontent-yyz1-1.cdninstagram.com/v/t51.2885-19/357435563_682469763897847_492124158318935234_n.jpg?stp=dst-jpg_s150x150&_nc_ht=scontent-yyz1-1.cdninstagram.com&_nc_cat=1&_nc_ohc=0hK9pGNI3hgAX8ptzbC&edm=ALB854YBAAAA&ccb=7-5&oh=00_AfC_6qc095O9rKUjuxLnQyMb0UKEEdd-OU1VA4QQbVlGjQ&oe=6537DC25&_nc_sid=ce9561""",false,"""2118537437""","""2118537437""",0,[],0,false,"""17841401963134817"""
false,"{""is_possible_scammer"": false, ""is_possible_impersonator"": {""is_unconnected_impersonator"": false, ""connected_similar_user_id"": null}, ""is_possible_impersonator_threads"": {""is_unconnected_impersonator"": false, ""connected_similar_user_id"": null}}","""Élise Grenier 🧚🏻‍♀️""",false,"""eloue.grenier""","""""","""""","""2204039627324473321_4741275407""","""4741275407""",false,"""https://scontent-yyz1-1.cdninstagram.com/v/t51.2885-19/79372018_432302384319938_7028123623764262912_n.jpg?stp=dst-jpg_s150x150&_nc_ht=scontent-yyz1-1.cdninstagram.com&_nc_cat=102&_nc_ohc=wSe8XRADvD8AX9qxoJJ&edm=ALB854YBAAAA&ccb=7-5&oh=00_AfDiriTW0Oi2iyVmqvNF1rNUnWjJKbEotrpFir2lgCjpzQ&oe=653683A1&_nc_sid=ce9561""",false,"""4741275407""","""4741275407""",0,[],0,false,"""17841404662232659"""
false,"{""is_possible_scammer"": false, ""is_possible_impersonator"": {""is_unconnected_impersonator"": false, ""connected_similar_user_id"": null}, ""is_possible_impersonator_threads"": {""is_unconnected_impersonator"": false, ""connected_similar_user_id"": null}}","""Who What Wear""",true,"""whowhatwear""","""""","""""","""1360173429009195051_27879728""","""27879728""",false,"""https://scontent-yyz1-1.cdninstagram.com/v/t51.2885-19/14714536_1654542668169045_6949484580755734528_a.jpg?stp=dst-jpg_s150x150&_nc_ht=scontent-yyz1-1.cdninstagram.com&_nc_cat=1&_nc_ohc=M6qqPdlA1csAX9N5sCi&edm=ALB854YBAAAA&ccb=7-5&oh=00_AfBhObMRbvhayLkZGRxFkN_j1wplKcgGkE3Yo6xqoUZFZA&oe=65371DBC&_nc_sid=ce9561""",false,"""27879728""","""27879728""",1,[],0,false,"""17841401191840435"""
false,"{""is_possible_scammer"": false, ""is_possible_impersonator"": {""is_unconnected_impersonator"": false, ""connected_similar_user_id"": null}, ""is_possible_impersonator_threads"": {""is_unconnected_impersonator"": false, ""connected_similar_user_id"": null}}","""FYNO""",false,"""__fyno_""","""""","""""","""3107047867856658792_46009034118""","""46009034118""",false,"""https://scontent-yyz1-1.cdninstagram.com/v/t51.2885-19/347654095_1377739652770866_6194245898995156287_n.jpg?stp=dst-jpg_s150x150&_nc_ht=scontent-yyz1-1.cdninstagram.com&_nc_cat=106&_nc_ohc=n_nitD2kigQAX9MpXyF&edm=ALB854YBAAAA&ccb=7-5&oh=00_AfDOQKBBNTWknbvZrp2062tMZ3GHMI6bzTF9JnSEPV8WfA&oe=65372154&_nc_sid=ce9561""",false,"""46009034118""","""46009034118""",0,[],0,false,"""17841445903561129"""
false,"{""is_possible_scammer"": false, ""is_possible_impersonator"": {""is_unconnected_impersonator"": false, ""connected_similar_user_id"": null}, ""is_possible_impersonator_threads"": {""is_unconnected_impersonator"": false, ""connected_similar_user_id"": null}}","""Florence Pugh""",true,"""florencepugh""","""""","""""","""3066912548384355024_278775085""","""278775085""",false,"""https://scontent-yyz1-1.cdninstagram.com/v/t51.2885-19/338237204_1155577441785171_1924513314313769944_n.jpg?stp=dst-jpg_s150x150&_nc_ht=scontent-yyz1-1.cdninstagram.com&_nc_cat=1&_nc_ohc=E1A2wePm_o4AX_UxX7R&edm=ALB854YBAAAA&ccb=7-5&oh=00_AfBqGy1dzO05KeQuWtKrwZx6uO288ohaz4bgYLH88SuwZw&oe=65362645&_nc_sid=ce9561""",false,"""278775085""","""278775085""",0,[],0,false,"""17841401652554355"""
false,"{""is_possible_scammer"": false, ""is_possible_impersonator"": {""is_unconnected_impersonator"": false, ""connected_similar_user_id"": null}, ""is_possible_impersonator_threads"": {""is_unconnected_impersonator"": false, ""connected_similar_user_id"": null}}","""RING CONCIERGE""",true,"""ringconcierge""","""""","""""","""2964318498557599361_597840879""","""597840879""",false,"""https://scontent-yyz1-1.cdninstagram.com/v/t51.2885-19/314173064_1792047104525125_5727306877363894103_n.jpg?stp=dst-jpg_s150x150&_nc_ht=scontent-yyz1-1.cdninstagram.com&_nc_cat=1&_nc_ohc=9xLylGm5D4kAX9l8q_v&edm=ALB854YBAAAA&ccb=7-5&oh=00_AfCBvwVm0Jd92KCp0x_qZP1_DAdRTKwL0V3dl7iNKxSQTQ&oe=6536D0CC&_nc_sid=ce9561""",false,"""597840879""","""597840879""",1,[],0,false,"""17841400506379341"""
false,"{""is_possible_scammer"": false, ""is_possible_impersonator"": {""is_unconnected_impersonator"": false, ""connected_similar_user_id"": null}, ""is_possible_impersonator_threads"": {""is_unconnected_impersonator"": false, ""connected_similar_user_id"": null}}","""Mariam 🫶🏼""",false,"""mxriyum""","""""","""""","""3091720959274337652_576252329""","""576252329""",false,"""https://scontent-yyz1-1.cdninstagram.com/v/t51.2885-19/343758548_1153637985327858_1951291663562560667_n.jpg?stp=dst-jpg_s150x150&_nc_ht=scontent-yyz1-1.cdninstagram.com&_nc_cat=1&_nc_ohc=vS7y2bGfq_QAX9pl4HT&edm=ALB854YBAAAA&ccb=7-5&oh=00_AfA229_QkmH62kp4ThQE4pRZMDytVTAjU87xY11v8zn4RQ&oe=653643CA&_nc_sid=ce9561""",false,"""576252329""","""576252329""",1,[],0,false,"""17841401809879003"""
false,"{""is_possible_scammer"": false, ""is_possible_impersonator"": {""is_unconnected_impersonator"": false, ""connected_similar_user_id"": null}, ""is_possible_impersonator_threads"": {""is_unconnected_impersonator"": false, ""connected_similar_user_id"": null}}","""Elias""",false,"""elias_ben_semlali""","""""","""""","""3194900768165663988_7700576825""","""7700576825""",false,"""https://scontent-yyz1-1.cdninstagram.com/v/t51.2885-19/380641335_675284497955859_3038888766869748109_n.jpg?stp=dst-jpg_s150x150&_nc_ht=scontent-yyz1-1.cdninstagram.com&_nc_cat=103&_nc_ohc=je7HwEOZ_6gAX-tBoXt&edm=ALB854YBAAAA&ccb=7-5&oh=00_AfAiUsbijb9rPE1OsivuquuAIQlZ3RF3Ka_Ni_a2CaN8Xg&oe=6536822E&_nc_sid=ce9561""",false,"""7700576825""","""7700576825""",0,[],0,false,"""17841407704752572"""
false,"{""is_possible_scammer"": false, ""is_possible_impersonator"": {""is_unconnected_impersonator"": false, ""connected_similar_user_id"": null}, ""is_possible_impersonator_threads"": {""is_unconnected_impersonator"": false, ""connected_similar_user_id"": null}}","""Manue""",false,"""manuelarolland""","""""","""""","""2915193546031659519_4168617041""","""4168617041""",false,"""https://scontent-yyz1-1.cdninstagram.com/v/t51.2885-19/302126689_518543410034952_6933719385218585081_n.jpg?stp=dst-jpg_s150x150&_nc_ht=scontent-yyz1-1.cdninstagram.com&_nc_cat=100&_nc_ohc=relWvy6e9OMAX-Wd1mv&edm=ALB854YBAAAA&ccb=7-5&oh=00_AfA11vdFzJE98rg7UArTMpob274uMgof1zcPIbKQiquEYg&oe=6536864C&_nc_sid=ce9561""",false,"""4168617041""","""4168617041""",0,[],0,false,"""17841404111241077"""
false,"{""is_possible_scammer"": false, ""is_possible_impersonator"": {""is_unconnected_impersonator"": false, ""connected_similar_user_id"": null}, ""is_possible_impersonator_threads"": {""is_unconnected_impersonator"": false, ""connected_similar_user_id"": null}}","""thefatjewish""",true,"""thefatjewish""","""""","""""","""2960891472044617978_234045951""","""234045951""",false,"""https://scontent-yyz1-1.cdninstagram.com/v/t51.2885-19/313294799_835877390876462_6648018807242641202_n.jpg?stp=dst-jpg_s150x150&_nc_ht=scontent-yyz1-1.cdninstagram.com&_nc_cat=1&_nc_ohc=H55TPh3QDLYAX9zFZDb&edm=ALB854YBAAAA&ccb=7-5&oh=00_AfBGmey2TU8o9buaSgLCNbZwAdwgqpfEIS0q30nn1bY1cA&oe=65368BCE&_nc_sid=ce9561""",false,"""234045951""","""234045951""",0,[],0,false,"""17841401858533656"""
false,"{""is_possible_scammer"": false, ""is_possible_impersonator"": {""is_unconnected_impersonator"": false, ""connected_similar_user_id"": null}, ""is_possible_impersonator_threads"": {""is_unconnected_impersonator"": false, ""connected_similar_user_id"": null}}","""J&Co Jewellery""",false,"""jcojewellery""","""""","""""","""2810831178322708022_3575125503""","""3575125503""",false,"""https://scontent-yyz1-1.cdninstagram.com/v/t51.2885-19/277910003_1393165751127290_8691427139433286473_n.jpg?stp=dst-jpg_s150x150&_nc_ht=scontent-yyz1-1.cdninstagram.com&_nc_cat=1&_nc_ohc=xWycNDOCSmoAX9D94Y2&edm=ALB854YBAAAA&ccb=7-5&oh=00_AfAvduIVku9lB7fBdi7SgYgacDm4A3GS8sVdn6B7_56EiQ&oe=653618E1&_nc_sid=ce9561""",false,"""3575125503""","""3575125503""",0,[],0,false,"""17841403525116890"""
false,"{""is_possible_scammer"": false, ""is_possible_impersonator"": {""is_unconnected_impersonator"": false, ""connected_similar_user_id"": null}, ""is_possible_impersonator_threads"": {""is_unconnected_impersonator"": false, ""connected_similar_user_id"": null}}","""HF & Commercial Modelling""",false,"""hfconfess""","""""","""""","""2821307729311700574_1396441905""","""1396441905""",false,"""https://scontent-yyz1-1.cdninstagram.com/v/t51.2885-19/278849417_403045277985777_1419969701230183799_n.jpg?stp=dst-jpg_s150x150&_nc_ht=scontent-yyz1-1.cdninstagram.com&_nc_cat=109&_nc_ohc=SKkty2ujRPQAX9jSXDA&edm=ALB854YBAAAA&ccb=7-5&oh=00_AfA1x5CKcXnFIxf_i8ElMRl-aiBJQO1tFWKxi_gNYceiNA&oe=65368839&_nc_sid=ce9561""",false,"""1396441905""","""1396441905""",0,[],0,false,"""17841400777171819"""
false,"{""is_possible_scammer"": false, ""is_possible_impersonator"": {""is_unconnected_impersonator"": false, ""connected_similar_user_id"": null}, ""is_possible_impersonator_threads"": {""is_unconnected_impersonator"": false, ""connected_similar_user_id"": null}}","""SHANY""",false,"""shanybroo""","""""","""""","""3191236096556819253_1561865139""","""1561865139""",false,"""https://scontent-yyz1-1.cdninstagram.com/v/t51.2885-19/377416325_837145061216209_1240982164454759992_n.jpg?stp=dst-jpg_s150x150&_nc_ht=scontent-yyz1-1.cdninstagram.com&_nc_cat=101&_nc_ohc=XwhljFuRFvsAX9LA9Sv&edm=ALB854YBAAAA&ccb=7-5&oh=00_AfBv-9OUxEXASyc7KdO6J70nmjEGLqeYM652H2g1iPwv4g&oe=65363CA2&_nc_sid=ce9561""",false,"""1561865139""","""1561865139""",0,[],0,false,"""17841400274194404"""
false,"{""is_possible_scammer"": false, ""is_possible_impersonator"": {""is_unconnected_impersonator"": false, ""connected_similar_user_id"": null}, ""is_possible_impersonator_threads"": {""is_unconnected_impersonator"": false, ""connected_similar_user_id"": null}}","""ZAG BIJOUX""",false,"""zagbijoux""","""""","""""","""2381223569437024937_8513538786""","""8513538786""",false,"""https://scontent-yyz1-1.cdninstagram.com/v/t51.2885-19/117893335_3455626401148257_387101765743694973_n.jpg?stp=dst-jpg_s150x150&_nc_ht=scontent-yyz1-1.cdninstagram.com&_nc_cat=109&_nc_ohc=0f4E58k57YIAX8v1Q4T&edm=ALB854YBAAAA&ccb=7-5&oh=00_AfAcr-jeU7DYhl5u3ZkYdF8fFMWxfy1DmnZh4ngxjAyQog&oe=65368C78&_nc_sid=ce9561""",false,"""8513538786""","""8513538786""",1,[],0,false,"""17841408483594192"""
false,"{""is_possible_scammer"": false, ""is_possible_impersonator"": {""is_unconnected_impersonator"": false, ""connected_similar_user_id"": null}, ""is_possible_impersonator_threads"": {""is_unconnected_impersonator"": false, ""connected_similar_user_id"": null}}","""Angelina Jolie""",true,"""angelinajolie""","""""","""""","""2644552129631268148_47672692235""","""47672692235""",false,"""https://scontent-yyz1-1.cdninstagram.com/v/t51.2885-19/239764737_364538728624252_7856915373170885928_n.jpg?stp=dst-jpg_s150x150&_nc_ht=scontent-yyz1-1.cdninstagram.com&_nc_cat=1&_nc_ohc=qqZ7nXVtjBsAX9SnMGZ&edm=ALB854YBAAAA&ccb=7-5&oh=00_AfCXQ2lZQXyJczJOcHYUK_iP-2cNr8xui-SMmR_c8rllxg&oe=65372A91&_nc_sid=ce9561""",false,"""47672692235""","""47672692235""",0,[],0,false,"""17841447647069086"""
false,"{""is_possible_scammer"": false, ""is_possible_impersonator"": {""is_unconnected_impersonator"": false, ""connected_similar_user_id"": null}, ""is_possible_impersonator_threads"": {""is_unconnected_impersonator"": false, ""connected_similar_user_id"": null}}","""Alex Castro""",false,"""castro10__""","""""","""""","""3152876356161330387_198698061""","""198698061""",false,"""https://scontent-yyz1-1.cdninstagram.com/v/t51.2885-19/361921072_269738135687301_4283603075784210718_n.jpg?stp=dst-jpg_s150x150&_nc_ht=scontent-yyz1-1.cdninstagram.com&_nc_cat=109&_nc_ohc=_9o0b75lSusAX-iURN9&edm=ALB854YBAAAA&ccb=7-5&oh=00_AfD7gvIa3jUL9wba6bN02nlbFMfzZWJrDoPqTFU9lGE1UQ&oe=65361371&_nc_sid=ce9561""",false,"""198698061""","""198698061""",0,[],0,false,"""17841401261833104"""
false,"{""is_possible_scammer"": false, ""is_possible_impersonator"": {""is_unconnected_impersonator"": false, ""connected_similar_user_id"": null}, ""is_possible_impersonator_threads"": {""is_unconnected_impersonator"": false, ""connected_similar_user_id"": null}}","""Getty Images Entertainment""",true,"""gettyentertainment""","""""","""""","""3138891660344673354_551401476""","""551401476""",false,"""https://scontent-yyz1-1.cdninstagram.com/v/t51.2885-19/358166411_798714281793167_1561789379351765595_n.jpg?stp=dst-jpg_s150x150&_nc_ht=scontent-yyz1-1.cdninstagram.com&_nc_cat=1&_nc_ohc=gyyOweP27OUAX9yWGZw&edm=ALB854YBAAAA&ccb=7-5&oh=00_AfBT59XOaFh2I5cCVUYnqotXWmB8WsyB6RFUEDpYC0oJQg&oe=65362AF7&_nc_sid=ce9561""",false,"""551401476""","""551401476""",2,[],0,false,"""17841401244288615"""
false,"{""is_possible_scammer"": false, ""is_possible_impersonator"": {""is_unconnected_impersonator"": false, ""connected_similar_user_id"": null}, ""is_possible_impersonator_threads"": {""is_unconnected_impersonator"": false, ""connected_similar_user_id"": null}}","""Redouane Bougheraba""",true,"""redouanebougheraba""","""""","""""","""2413490020153012953_546910655""","""546910655""",false,"""https://scontent-yyz1-1.cdninstagram.com/v/t51.2885-19/120803561_825586498178669_3551882833305424571_n.jpg?stp=dst-jpg_s150x150&_nc_ht=scontent-yyz1-1.cdninstagram.com&_nc_cat=1&_nc_ohc=VdL7wIFkBRMAX-_TD4c&edm=ALB854YBAAAA&ccb=7-5&oh=00_AfAVhr720k9XE9F7EF7RgPx4RCPy7kwPxSSXXwu9N9sAtw&oe=65379F7E&_nc_sid=ce9561""",false,"""546910655""","""546910655""",1,[],0,false,"""17841400919658545"""
false,"{""is_possible_scammer"": false, ""is_possible_impersonator"": {""is_unconnected_impersonator"": false, ""connected_similar_user_id"": null}, ""is_possible_impersonator_threads"": {""is_unconnected_impersonator"": false, ""connected_similar_user_id"": null}}","""DUA LIPA""",true,"""dualipa""","""""","""""","""3212116471604985696_12331195""","""12331195""",false,"""https://scontent-yyz1-1.cdninstagram.com/v/t51.2885-19/391230046_154282501041098_6923455408153446511_n.jpg?stp=dst-jpg_s150x150&_nc_ht=scontent-yyz1-1.cdninstagram.com&_nc_cat=1&_nc_ohc=QYP6ElcRSloAX_XTYXv&edm=ALB854YBAAAA&ccb=7-5&oh=00_AfCrBVvRX-d6B5HdL6KqfxfmyXrLj7OIAjldgUoY_n2n6A&oe=653703CA&_nc_sid=ce9561""",false,"""12331195""","""12331195""",0,[],0,false,"""17841401295850192"""
false,"{""is_possible_scammer"": false, ""is_possible_impersonator"": {""is_unconnected_impersonator"": false, ""connected_similar_user_id"": null}, ""is_possible_impersonator_threads"": {""is_unconnected_impersonator"": false, ""connected_similar_user_id"": null}}","""Zippora Seven""",true,"""zippyseven""","""""","""""","""1487439295454431971_5035628""","""5035628""",false,"""https://scontent-yyz1-1.cdninstagram.com/v/t51.2885-19/17437680_1265932176861689_2333050484572553216_a.jpg?stp=dst-jpg_s150x150&_nc_ht=scontent-yyz1-1.cdninstagram.com&_nc_cat=105&_nc_ohc=-v6VYtcpLK8AX_WSzdi&edm=ALB854YBAAAA&ccb=7-5&oh=00_AfCvtu1LglmH2CqruhqnthvzBve0sNES6_Y_I-ijAh66KQ&oe=65375BB0&_nc_sid=ce9561""",false,"""5035628""","""5035628""",1,[],0,false,"""17841401308840078"""
false,"{""is_possible_scammer"": false, ""is_possible_impersonator"": {""is_unconnected_impersonator"": false, ""connected_similar_user_id"": null}, ""is_possible_impersonator_threads"": {""is_unconnected_impersonator"": false, ""connected_similar_user_id"": null}}","""Hugo Philip""",true,"""hugophilip""","""""","""""","""2449998760898944362_284889261""","""284889261""",false,"""https://scontent-yyz1-1.cdninstagram.com/v/t51.2885-19/127446532_197361221847261_5673617436425177155_n.jpg?stp=dst-jpg_s150x150&_nc_ht=scontent-yyz1-1.cdninstagram.com&_nc_cat=109&_nc_ohc=xXOt_LRvvUIAX-NHyP9&edm=ALB854YBAAAA&ccb=7-5&oh=00_AfCREStLi38z2IznN08-hDXBjoFnAI9fsVV-Io510bHCgw&oe=65376D37&_nc_sid=ce9561""",false,"""284889261""","""284889261""",0,[],0,false,"""17841400757834451"""
false,"{""is_possible_scammer"": false, ""is_possible_impersonator"": {""is_unconnected_impersonator"": false, ""connected_similar_user_id"": null}, ""is_possible_impersonator_threads"": {""is_unconnected_impersonator"": false, ""connected_similar_user_id"": null}}","""Euphorik""",false,"""euphorik.ca""","""""","""""","""2643094980522786681_6691485762""","""6691485762""",false,"""https://scontent-yyz1-1.cdninstagram.com/v/t51.2885-19/238622211_268720821399630_2722309114272029448_n.jpg?stp=dst-jpg_s150x150&_nc_ht=scontent-yyz1-1.cdninstagram.com&_nc_cat=106&_nc_ohc=hzHZH9y9xVcAX9-fgBr&edm=ALB854YBAAAA&ccb=7-5&oh=00_AfArWiwJd0tJL4h5gQ80VdhtfJS4tVl3SAzJn_69npasHw&oe=653734F2&_nc_sid=ce9561""",false,"""6691485762""","""6691485762""",0,[],0,false,"""17841406652886435"""
false,"{""is_possible_scammer"": false, ""is_possible_impersonator"": {""is_unconnected_impersonator"": false, ""connected_similar_user_id"": null}, ""is_possible_impersonator_threads"": {""is_unconnected_impersonator"": false, ""connected_similar_user_id"": null}}","""Sunshine | African Boheme""",false,"""africanboheme""","""""","""""","""3141482734059405080_23868104""","""23868104""",false,"""https://scontent-yyz1-1.cdninstagram.com/v/t51.2885-19/358011268_964214268164080_7897386113724602723_n.jpg?stp=dst-jpg_s150x150&_nc_ht=scontent-yyz1-1.cdninstagram.com&_nc_cat=104&_nc_ohc=a6nytNgVrKoAX_uYGlF&edm=ALB854YBAAAA&ccb=7-5&oh=00_AfArcZl5kVeciW_Y_zYVVontGZgf6INaIhbqSDEjfO4qzA&oe=6537CF0D&_nc_sid=ce9561""",false,"""23868104""","""23868104""",1,[],0,false,"""17841401803120372"""
false,"{""is_possible_scammer"": false, ""is_possible_impersonator"": {""is_unconnected_impersonator"": false, ""connected_similar_user_id"": null}, ""is_possible_impersonator_threads"": {""is_unconnected_impersonator"": false, ""connected_similar_user_id"": null}}","""Rym Renom""",true,"""rym.renom""","""""","""""","""3137830053495468545_2117820308""","""2117820308""",false,"""https://scontent-yyz1-1.cdninstagram.com/v/t51.2885-19/357299006_1022956172412898_3467135480261908674_n.jpg?stp=dst-jpg_s150x150&_nc_ht=scontent-yyz1-1.cdninstagram.com&_nc_cat=1&_nc_ohc=MMXf2YaCXfsAX8kphDX&edm=ALB854YBAAAA&ccb=7-5&oh=00_AfDOuS2mHlhFa57bhOuIwdzLD8WozWTJZb_GGLnnXodWoQ&oe=65376718&_nc_sid=ce9561""",false,"""2117820308""","""2117820308""",0,[],0,false,"""17841402049264727"""
false,"{""is_possible_scammer"": false, ""is_possible_impersonator"": {""is_unconnected_impersonator"": false, ""connected_similar_user_id"": null}, ""is_possible_impersonator_threads"": {""is_unconnected_impersonator"": false, ""connected_similar_user_id"": null}}","""Olivier Gauvreau-Lacroix""",false,"""wally_trice""","""""","""""","""2972982553029091677_705277947""","""705277947""",false,"""https://scontent-yyz1-1.cdninstagram.com/v/t51.2885-19/315602703_505926664913277_2275124323574462262_n.jpg?stp=dst-jpg_s150x150&_nc_ht=scontent-yyz1-1.cdninstagram.com&_nc_cat=109&_nc_ohc=zuWdtkijz0IAX-AjPf3&edm=ALB854YBAAAA&ccb=7-5&oh=00_AfALIESEJ6Bu2KNJ7pOFr5r8uQKPAmP5KOpNzjPNEPng6A&oe=653779A9&_nc_sid=ce9561""",false,"""705277947""","""705277947""",0,[],0,false,"""17841401858421019"""
false,"{""is_possible_scammer"": false, ""is_possible_impersonator"": {""is_unconnected_impersonator"": false, ""connected_similar_user_id"": null}, ""is_possible_impersonator_threads"": {""is_unconnected_impersonator"": false, ""connected_similar_user_id"": null}}","""Antoine Marchesseault""",false,"""amarchesso""","""""","""""","""3042744740492321741_5478011985""","""5478011985""",false,"""https://scontent-yyz1-1.cdninstagram.com/v/t51.2885-19/332271472_705454461373783_4833435705216688236_n.jpg?stp=dst-jpg_s150x150&_nc_ht=scontent-yyz1-1.cdninstagram.com&_nc_cat=107&_nc_ohc=HR5nr8_jwj4AX_0wjbz&edm=ALB854YBAAAA&ccb=7-5&oh=00_AfBRUB1e4xmGCCx26IdtFqxfcgHRvHu_dVHHYyYwGY3Nzw&oe=65363C60&_nc_sid=ce9561""",false,"""5478011985""","""5478011985""",0,[],0,false,"""17841405399574751"""
false,"{""is_possible_scammer"": false, ""is_possible_impersonator"": {""is_unconnected_impersonator"": false, ""connected_similar_user_id"": null}, ""is_possible_impersonator_threads"": {""is_unconnected_impersonator"": false, ""connected_similar_user_id"": null}}","""Zacharie Lefebvre""",false,"""zacharie_lefebvre""","""""","""""","""3093534528182523521_9441986855""","""9441986855""",false,"""https://scontent-yyz1-1.cdninstagram.com/v/t51.2885-19/344345073_256072410232416_541749572689159064_n.jpg?stp=dst-jpg_s150x150&_nc_ht=scontent-yyz1-1.cdninstagram.com&_nc_cat=100&_nc_ohc=4ac6lctzOV4AX_x9AQm&edm=ALB854YBAAAA&ccb=7-5&oh=00_AfCPPWBwl4kOHel07A9uZSKiDYvMwGmId9qH2Gh7EdhpRQ&oe=6536F881&_nc_sid=ce9561""",false,"""9441986855""","""9441986855""",0,[],0,false,"""17841409445660248"""
false,"{""is_possible_scammer"": false, ""is_possible_impersonator"": {""is_unconnected_impersonator"": false, ""connected_similar_user_id"": null}, ""is_possible_impersonator_threads"": {""is_unconnected_impersonator"": false, ""connected_similar_user_id"": null}}","""rupi kaur""",true,"""rupikaur_""","""""","""""","""3127468247870517699_269061794""","""269061794""",false,"""https://scontent-yyz1-1.cdninstagram.com/v/t51.2885-19/354905867_1699114487197160_5335129016470270088_n.jpg?stp=dst-jpg_s150x150&_nc_ht=scontent-yyz1-1.cdninstagram.com&_nc_cat=1&_nc_ohc=lVmzZvrPpQIAX9hSB2y&edm=ALB854YBAAAA&ccb=7-5&oh=00_AfCX2VcJ3Ff3WY5oERip3otfZ4j5MM0STf0gyNvwdQhIEg&oe=653746AD&_nc_sid=ce9561""",false,"""269061794""","""269061794""",1,[],0,false,"""17841400173824204"""
false,"{""is_possible_scammer"": false, ""is_possible_impersonator"": {""is_unconnected_impersonator"": false, ""connected_similar_user_id"": null}, ""is_possible_impersonator_threads"": {""is_unconnected_impersonator"": false, ""connected_similar_user_id"": null}}","""Mary Lawless Lee""",true,"""marylawlesslee""","""""","""""","""3151248348052752004_17729782""","""17729782""",false,"""https://scontent-yyz1-1.cdninstagram.com/v/t51.2885-19/361908569_1261683824719785_6048486392687869155_n.jpg?stp=dst-jpg_s150x150&_nc_ht=scontent-yyz1-1.cdninstagram.com&_nc_cat=1&_nc_ohc=XNMEv6FfatEAX87oiDE&edm=ALB854YBAAAA&ccb=7-5&oh=00_AfB8m1VR4_NTtVUlkdd6dkdM48srPBxzZa5WaG5L2dbWgg&oe=65379704&_nc_sid=ce9561""",false,"""17729782""","""17729782""",1,[],0,false,"""17841400053460277"""
false,"{""is_possible_scammer"": false, ""is_possible_impersonator"": {""is_unconnected_impersonator"": false, ""connected_similar_user_id"": null}, ""is_possible_impersonator_threads"": {""is_unconnected_impersonator"": false, ""connected_similar_user_id"": null}}","""Suki Waterhouse""",true,"""sukiwaterhouse""","""""","""""","""3045466238374129400_275395177""","""275395177""",false,"""https://scontent-yyz1-1.cdninstagram.com/v/t51.2885-19/332549126_1154783088540743_4178000444914039296_n.jpg?stp=dst-jpg_s150x150&_nc_ht=scontent-yyz1-1.cdninstagram.com&_nc_cat=1&_nc_ohc=44ProZYoIt0AX8ZFro1&edm=ALB854YBAAAA&ccb=7-5&oh=00_AfAFEqVnaa1Vv-6X-x3tfLPcNODOrYNChOhYYL7SFt3ZhQ&oe=6537BCE6&_nc_sid=ce9561""",false,"""275395177""","""275395177""",1,[],0,false,"""17841400095314303"""
false,"{""is_possible_scammer"": false, ""is_possible_impersonator"": {""is_unconnected_impersonator"": false, ""connected_similar_user_id"": null}, ""is_possible_impersonator_threads"": {""is_unconnected_impersonator"": false, ""connected_similar_user_id"": null}}","""S h e i""",false,"""justeshei""","""""","""""","""3045752423872895949_336232182""","""336232182""",false,"""https://scontent-yyz1-1.cdninstagram.com/v/t51.2885-19/332740815_1167099630627452_1758672547414710650_n.jpg?stp=dst-jpg_s150x150&_nc_ht=scontent-yyz1-1.cdninstagram.com&_nc_cat=108&_nc_ohc=OBtseQviDwoAX9pfQ4i&edm=ALB854YBAAAA&ccb=7-5&oh=00_AfDGDZeS8Zbkw_0qVdwWuJtyqfU7NZgvMQtSJKaWaCxWrQ&oe=65369269&_nc_sid=ce9561""",false,"""336232182""","""336232182""",0,[],0,false,"""17841401205465253"""
false,"{""is_possible_scammer"": false, ""is_possible_impersonator"": {""is_unconnected_impersonator"": false, ""connected_similar_user_id"": null}, ""is_possible_impersonator_threads"": {""is_unconnected_impersonator"": false, ""connected_similar_user_id"": null}}","""Nella Rose""",true,"""nellarosee""","""""","""""","""2618623048394246996_569379401""","""569379401""",false,"""https://scontent-yyz1-1.cdninstagram.com/v/t51.2885-19/217992777_845476893039771_411428286849580644_n.jpg?stp=dst-jpg_s150x150&_nc_ht=scontent-yyz1-1.cdninstagram.com&_nc_cat=1&_nc_ohc=XsIJSUlMXIEAX8gqJ4s&edm=ALB854YBAAAA&ccb=7-5&oh=00_AfC6vt9FP78afzWppUowjFX2yn-BvIDis_mdO0BKHGO81A&oe=6536ECBE&_nc_sid=ce9561""",false,"""569379401""","""569379401""",0,[],0,false,"""17841401062038896"""
false,"{""is_possible_scammer"": false, ""is_possible_impersonator"": {""is_unconnected_impersonator"": false, ""connected_similar_user_id"": null}, ""is_possible_impersonator_threads"": {""is_unconnected_impersonator"": false, ""connected_similar_user_id"": null}}","""Madison Beer""",true,"""madisonbeer""","""""","""""","""3177370582769415611_19649762""","""19649762""",false,"""https://scontent-yyz1-1.cdninstagram.com/v/t51.2885-19/370779808_831825441599739_5087857898005781360_n.jpg?stp=dst-jpg_s150x150&_nc_ht=scontent-yyz1-1.cdninstagram.com&_nc_cat=1&_nc_ohc=2A9oVFL2y2IAX9ZKStp&edm=ALB854YBAAAA&ccb=7-5&oh=00_AfDIvqLYNHfCGNdqZkYQZsPV-GlDDJJI6wSdZkXMQr8L1w&oe=6536FF99&_nc_sid=ce9561""",false,"""19649762""","""19649762""",0,[],0,false,"""17841400052860307"""
false,"{""is_possible_scammer"": false, ""is_possible_impersonator"": {""is_unconnected_impersonator"": false, ""connected_similar_user_id"": null}, ""is_possible_impersonator_threads"": {""is_unconnected_impersonator"": false, ""connected_similar_user_id"": null}}","""Katherine Levac""",true,"""katherine_levac""","""""","""""","""3098874814408509830_18999631""","""18999631""",false,"""https://scontent-yyz1-1.cdninstagram.com/v/t51.2885-19/345459782_6095843987199380_8648570634340564928_n.jpg?stp=dst-jpg_s150x150&_nc_ht=scontent-yyz1-1.cdninstagram.com&_nc_cat=108&_nc_ohc=9f-39U6k_5sAX8HE4H9&edm=ALB854YBAAAA&ccb=7-5&oh=00_AfDaMUYaK_AkdCbRWnKixMP8FsIVKIR7uIspGl0Ys0i3AA&oe=65369BA0&_nc_sid=ce9561""",false,"""18999631""","""18999631""",0,[],0,false,"""17841401668930296"""
false,"{""is_possible_scammer"": false, ""is_possible_impersonator"": {""is_unconnected_impersonator"": false, ""connected_similar_user_id"": null}, ""is_possible_impersonator_threads"": {""is_unconnected_impersonator"": false, ""connected_similar_user_id"": null}}","""""",false,"""lazyfitgirls""","""""","""""","""1596183968683027534_1552600978""","""1552600978""",false,"""https://scontent-yyz1-1.cdninstagram.com/v/t51.2885-19/21372895_1279319592196576_1903207030852681728_a.jpg?stp=dst-jpg_s150x150&_nc_ht=scontent-yyz1-1.cdninstagram.com&_nc_cat=104&_nc_ohc=rCU5S3noNaQAX85kBvp&edm=ALB854YBAAAA&ccb=7-5&oh=00_AfAQvOEq9L-pp_8FqKpWOA8o6FDpBpor5O68SHWIr0ScdQ&oe=6537DCF9&_nc_sid=ce9561""",false,"""1552600978""","""1552600978""",0,[],0,false,"""17841400749364259"""
false,"{""is_possible_scammer"": false, ""is_possible_impersonator"": {""is_unconnected_impersonator"": false, ""connected_similar_user_id"": null}, ""is_possible_impersonator_threads"": {""is_unconnected_impersonator"": false, ""connected_similar_user_id"": null}}","""Emma Trottier""",false,"""rainbow._.alien""","""""","""""","""3051979447847311437_811017592""","""811017592""",true,"""https://scontent-yyz1-1.cdninstagram.com/v/t51.2885-19/334525357_1348383982670928_2051964459394621789_n.jpg?stp=dst-jpg_s150x150&_nc_ht=scontent-yyz1-1.cdninstagram.com&_nc_cat=100&_nc_ohc=687AQlaGynIAX-9lStL&edm=ALB854YBAAAA&ccb=7-5&oh=00_AfC2BF7XLIcR-BpvjpsCykfUKCkhbhriogMR0XJdok7iLQ&oe=65374D97&_nc_sid=ce9561""",false,"""811017592""","""811017592""",0,[],0,false,"""17841400287772672"""
false,"{""is_possible_scammer"": false, ""is_possible_impersonator"": {""is_unconnected_impersonator"": false, ""connected_similar_user_id"": null}, ""is_possible_impersonator_threads"": {""is_unconnected_impersonator"": false, ""connected_similar_user_id"": null}}","""Adriana Lima""",true,"""adrianalima""","""""","""""","""2858526928787004301_301763305""","""301763305""",false,"""https://scontent-yyz1-1.cdninstagram.com/v/t51.2885-19/287088639_1013319075972849_9043946310001611613_n.jpg?stp=dst-jpg_s150x150&_nc_ht=scontent-yyz1-1.cdninstagram.com&_nc_cat=1&_nc_ohc=FSDu7QO8nbkAX_9UuOG&edm=ALB854YBAAAA&ccb=7-5&oh=00_AfCbGnfoxkVZEZIEmvEsvPyBTq0_SNhM2lsMVBFzDa8yMg&oe=653732D1&_nc_sid=ce9561""",false,"""301763305""","""301763305""",0,[],0,false,"""17841400099154715"""
false,"{""is_possible_scammer"": false, ""is_possible_impersonator"": {""is_unconnected_impersonator"": false, ""connected_similar_user_id"": null}, ""is_possible_impersonator_threads"": {""is_unconnected_impersonator"": false, ""connected_similar_user_id"": null}}","""Sabrina""",false,"""sabmoldenhauer""","""""","""""","""2777671040581054589_29405748""","""29405748""",false,"""https://scontent-yyz1-1.cdninstagram.com/v/t51.2885-19/274370085_159043463137736_2281991529326716235_n.jpg?stp=dst-jpg_s150x150&_nc_ht=scontent-yyz1-1.cdninstagram.com&_nc_cat=108&_nc_ohc=RN-RAzGKD6UAX_H8pB3&edm=ALB854YBAAAA&ccb=7-5&oh=00_AfA9oY2fUlOE-l8Uz_emxPPMp_Z-7AZFhdvLBXERVjAKrg&oe=653648AB&_nc_sid=ce9561""",false,"""29405748""","""29405748""",0,[],0,false,"""17841400892440459"""
false,"{""is_possible_scammer"": false, ""is_possible_impersonator"": {""is_unconnected_impersonator"": false, ""connected_similar_user_id"": null}, ""is_possible_impersonator_threads"": {""is_unconnected_impersonator"": false, ""connected_similar_user_id"": null}}","""anj""",false,"""anj.reads""","""""","""""","""3135935794989751475_52752842666""","""52752842666""",false,"""https://scontent-yyz1-1.cdninstagram.com/v/t51.2885-19/357040656_816291060189455_5696043284754654091_n.jpg?stp=dst-jpg_s150x150&_nc_ht=scontent-yyz1-1.cdninstagram.com&_nc_cat=111&_nc_ohc=KTvBzv6Z5VQAX-kjkSr&edm=ALB854YBAAAA&ccb=7-5&oh=00_AfAUmawmXwEKQww3HBw4wlWg8ftH2lX2DVE4IuoJksTNMA&oe=6536ECA5&_nc_sid=ce9561""",false,"""52752842666""","""52752842666""",0,[],0,false,"""17841452640004105"""
false,"{""is_possible_scammer"": false, ""is_possible_impersonator"": {""is_unconnected_impersonator"": false, ""connected_similar_user_id"": null}, ""is_possible_impersonator_threads"": {""is_unconnected_impersonator"": false, ""connected_similar_user_id"": null}}","""Sanne Vloet""",true,"""sannevloet""","""""","""""","""2617054233961276909_43663222""","""43663222""",false,"""https://scontent-yyz1-1.cdninstagram.com/v/t51.2885-19/217826760_326820125820581_9153130632646015297_n.jpg?stp=dst-jpg_s150x150&_nc_ht=scontent-yyz1-1.cdninstagram.com&_nc_cat=1&_nc_ohc=cTJtU-6-iXcAX9XVqSS&edm=ALB854YBAAAA&ccb=7-5&oh=00_AfAQ0i5pqiZoDDvalsjLWys3-nvRkSGqrcI6qiRq-Raf4Q&oe=653793A0&_nc_sid=ce9561""",false,"""43663222""","""43663222""",2,[],0,false,"""17841400456660682"""
false,"{""is_possible_scammer"": false, ""is_possible_impersonator"": {""is_unconnected_impersonator"": false, ""connected_similar_user_id"": null}, ""is_possible_impersonator_threads"": {""is_unconnected_impersonator"": false, ""connected_similar_user_id"": null}}","""24S""",true,"""24s""","""""","""""","""2226206761254323706_2954072917""","""2954072917""",false,"""https://scontent-yyz1-1.cdninstagram.com/v/t51.2885-19/80822734_194863548365984_4492610816104726528_n.jpg?stp=dst-jpg_s150x150&_nc_ht=scontent-yyz1-1.cdninstagram.com&_nc_cat=1&_nc_ohc=AOW5YAJidTsAX-45LfA&edm=ALB854YBAAAA&ccb=7-5&oh=00_AfAwb9kNyqyXMAK6Dekx7Cd-w5Zy6CVibyBv4IJwwtMvCw&oe=65363BE9&_nc_sid=ce9561""",false,"""2954072917""","""2954072917""",0,[],0,false,"""17841402907519259"""
false,"{""is_possible_scammer"": false, ""is_possible_impersonator"": {""is_unconnected_impersonator"": false, ""connected_similar_user_id"": null}, ""is_possible_impersonator_threads"": {""is_unconnected_impersonator"": false, ""connected_similar_user_id"": null}}","""Marta""",false,"""martamph""","""""","""""","""2566015147787171163_13276234""","""13276234""",false,"""https://scontent-yyz1-1.cdninstagram.com/v/t51.2885-19/181178617_779469689373469_4272877900765036947_n.jpg?stp=dst-jpg_s150x150&_nc_ht=scontent-yyz1-1.cdninstagram.com&_nc_cat=101&_nc_ohc=5-Vjz9cCKWEAX_0Dmtt&edm=ALB854YBAAAA&ccb=7-5&oh=00_AfDBAFnu2FI48m7DDrhfZwS-lLlw0Ji4LikUkatxnn7jnw&oe=65364FBF&_nc_sid=ce9561""",false,"""13276234""","""13276234""",0,[],0,false,"""17841400847020207"""
false,"{""is_possible_scammer"": false, ""is_possible_impersonator"": {""is_unconnected_impersonator"": false, ""connected_similar_user_id"": null}, ""is_possible_impersonator_threads"": {""is_unconnected_impersonator"": false, ""connected_similar_user_id"": null}}","""astrology ♡ ྀ🌸""",false,"""glossy_zodiac""","""""","""""","""2259659349614500680_10492296184""","""10492296184""",false,"""https://scontent-yyz1-1.cdninstagram.com/v/t51.2885-19/87483719_500322960916680_2194896062563483648_n.jpg?stp=dst-jpg_s150x150&_nc_ht=scontent-yyz1-1.cdninstagram.com&_nc_cat=1&_nc_ohc=HYOPuB6YhoAAX-zoCNm&edm=ALB854YBAAAA&ccb=7-5&oh=00_AfB9p90rIgFacg0vczohsA76TCtDoD-n1YzuRyI_k5SXlQ&oe=653729EF&_nc_sid=ce9561""",false,"""10492296184""","""10492296184""",0,[],0,false,"""17841410325541537"""
false,"{""is_possible_scammer"": false, ""is_possible_impersonator"": {""is_unconnected_impersonator"": false, ""connected_similar_user_id"": null}, ""is_possible_impersonator_threads"": {""is_unconnected_impersonator"": false, ""connected_similar_user_id"": null}}","""Renzel Dashington""",true,"""renzel.dashington""","""""","""""","""3215696327270810903_19032255""","""19032255""",false,"""https://scontent-yyz1-1.cdninstagram.com/v/t51.2885-19/393301445_999704284610242_2569402720074587594_n.jpg?stp=dst-jpg_s150x150&_nc_ht=scontent-yyz1-1.cdninstagram.com&_nc_cat=110&_nc_ohc=QFPX0QqlyQsAX_8ppB6&edm=ALB854YBAAAA&ccb=7-5&oh=00_AfC_7nZw8Tb9j4ISt7OKkbKQBo-r4FlFdbFY8Jrctp9jDw&oe=65369C09&_nc_sid=ce9561""",false,"""19032255""","""19032255""",1,[],0,false,"""17841400727650297"""
false,"{""is_possible_scammer"": false, ""is_possible_impersonator"": {""is_unconnected_impersonator"": false, ""connected_similar_user_id"": null}, ""is_possible_impersonator_threads"": {""is_unconnected_impersonator"": false, ""connected_similar_user_id"": null}}","""Chloé Robichaud""",true,"""chloerobish""","""""","""""","""3073607205974457819_206374981""","""206374981""",false,"""https://scontent-yyz1-1.cdninstagram.com/v/t51.2885-19/339325477_6271264092925847_1484279763926519062_n.jpg?stp=dst-jpg_s150x150&_nc_ht=scontent-yyz1-1.cdninstagram.com&_nc_cat=111&_nc_ohc=U6RLgimpIP0AX9v8Hc8&edm=ALB854YBAAAA&ccb=7-5&oh=00_AfD8K1srwzyEjtUuZ0GtyNIa8ylBouqtlxDILyq512zrNg&oe=65361B50&_nc_sid=ce9561""",false,"""206374981""","""206374981""",0,[],0,false,"""17841401169433224"""
false,"{""is_possible_scammer"": false, ""is_possible_impersonator"": {""is_unconnected_impersonator"": false, ""connected_similar_user_id"": null}, ""is_possible_impersonator_threads"": {""is_unconnected_impersonator"": false, ""connected_similar_user_id"": null}}","""History Photographed""",true,"""historyphotographed""","""""","""""","""2751932431068843567_1164795717""","""1164795717""",false,"""https://scontent-yyz1-1.cdninstagram.com/v/t51.2885-19/271836900_850238985758492_1304188936756559626_n.jpg?stp=dst-jpg_s150x150&_nc_ht=scontent-yyz1-1.cdninstagram.com&_nc_cat=1&_nc_ohc=Hwy0BuLgJYkAX-tasZw&edm=ALB854YBAAAA&ccb=7-5&oh=00_AfD37rGJyBqBGEWPMqw0VRrTiQ-gNJHoU9eXWuXghfkveA&oe=65370D90&_nc_sid=ce9561""",false,"""1164795717""","""1164795717""",1,[],0,false,"""17841401791528199"""
false,"{""is_possible_scammer"": false, ""is_possible_impersonator"": {""is_unconnected_impersonator"": false, ""connected_similar_user_id"": null}, ""is_possible_impersonator_threads"": {""is_unconnected_impersonator"": false, ""connected_similar_user_id"": null}}","""رغد حمزة | Raghad Hamza""",false,"""makeup_rhk""","""""","""""","""3059013358369547429_6821973964""","""6821973964""",false,"""https://scontent-yyz1-1.cdninstagram.com/v/t51.2885-19/336129863_991950755517147_4783968681004300657_n.jpg?stp=dst-jpg_s150x150&_nc_ht=scontent-yyz1-1.cdninstagram.com&_nc_cat=103&_nc_ohc=at1EnSl8bUwAX-QWU9t&edm=ALB854YBAAAA&ccb=7-5&oh=00_AfBLapLVO6O5WcIKtVlfuj0KcJ6nUmQbRZlk18J_iWbNlA&oe=6537AB33&_nc_sid=ce9561""",false,"""6821973964""","""6821973964""",1,[],0,false,"""17841406898932746"""
false,"{""is_possible_scammer"": false, ""is_possible_impersonator"": {""is_unconnected_impersonator"": false, ""connected_similar_user_id"": null}, ""is_possible_impersonator_threads"": {""is_unconnected_impersonator"": false, ""connected_similar_user_id"": null}}","""S 🤍""",false,"""just.love.sandrine""","""""","""""","""3126674755818192938_1513092377""","""1513092377""",true,"""https://scontent-yyz1-1.cdninstagram.com/v/t51.2885-19/353977543_795021375343046_5240319212173011405_n.jpg?stp=dst-jpg_s150x150&_nc_ht=scontent-yyz1-1.cdninstagram.com&_nc_cat=102&_nc_ohc=f_W-2Fd5cu4AX_cVPWh&edm=ALB854YBAAAA&ccb=7-5&oh=00_AfAdxdY5Vt0hIAB2pPW6ynA-Deo9osXbg5dxPZvIS6vMyA&oe=6537A65B&_nc_sid=ce9561""",false,"""1513092377""","""1513092377""",0,[],0,false,"""17841400131333642"""
false,"{""is_possible_scammer"": false, ""is_possible_impersonator"": {""is_unconnected_impersonator"": false, ""connected_similar_user_id"": null}, ""is_possible_impersonator_threads"": {""is_unconnected_impersonator"": false, ""connected_similar_user_id"": null}}","""adeleexarchopoulos""",true,"""adeleexarchopoulos""","""""","""""","""2855208776447076707_241005812""","""241005812""",false,"""https://scontent-yyz1-1.cdninstagram.com/v/t51.2885-19/286149695_125983526776325_9210945328601701203_n.jpg?stp=dst-jpg_s150x150&_nc_ht=scontent-yyz1-1.cdninstagram.com&_nc_cat=105&_nc_ohc=_av2ehy9vywAX_5Nf2a&edm=ALB854YBAAAA&ccb=7-5&oh=00_AfDuCMGwUZ0u6NqsXHcA-tMDhvirp1uflacbCaEWbj2cVg&oe=6537268D&_nc_sid=ce9561""",false,"""241005812""","""241005812""",0,[],0,false,"""17841401374363765"""
false,"{""is_possible_scammer"": false, ""is_possible_impersonator"": {""is_unconnected_impersonator"": false, ""connected_similar_user_id"": null}, ""is_possible_impersonator_threads"": {""is_unconnected_impersonator"": false, ""connected_similar_user_id"": null}}","""millane""",true,"""millane""","""""","""""","""3142671013820759864_861311480""","""861311480""",false,"""https://scontent-yyz1-1.cdninstagram.com/v/t51.2885-19/358355303_161404650284038_923942399224982599_n.jpg?stp=dst-jpg_s150x150&_nc_ht=scontent-yyz1-1.cdninstagram.com&_nc_cat=1&_nc_ohc=6KRwEwsdv-oAX86ZUEx&edm=ALB854YBAAAA&ccb=7-5&oh=00_AfDlfCFEdDGMu3Hy7GMaASGDxxFnJ2fArvdyXHMe-nFSOw&oe=65374EB5&_nc_sid=ce9561""",false,"""861311480""","""861311480""",0,[],0,false,"""17841401904413457"""
false,"{""is_possible_scammer"": false, ""is_possible_impersonator"": {""is_unconnected_impersonator"": false, ""connected_similar_user_id"": null}, ""is_possible_impersonator_threads"": {""is_unconnected_impersonator"": false, ""connected_similar_user_id"": null}}","""𝗬 𝗔 𝗠 𝗜 𝗡 𝗔""",false,"""minaya.off""","""""","""""","""3205547220810255913_55423043497""","""55423043497""",false,"""https://scontent-yyz1-1.cdninstagram.com/v/t51.2885-19/386373525_257203286787551_3683488138510659735_n.jpg?stp=dst-jpg_s150x150&_nc_ht=scontent-yyz1-1.cdninstagram.com&_nc_cat=111&_nc_ohc=91L4OIinxPsAX_QUJZj&edm=ALB854YBAAAA&ccb=7-5&oh=00_AfDjDm0YQqMU_lc7BgYXAeJrMmpxesqKmOK9OSzWSmF-8g&oe=65372766&_nc_sid=ce9561""",false,"""55423043497""","""55423043497""",0,[],0,false,"""17841455304937880"""
false,"{""is_possible_scammer"": false, ""is_possible_impersonator"": {""is_unconnected_impersonator"": false, ""connected_similar_user_id"": null}, ""is_possible_impersonator_threads"": {""is_unconnected_impersonator"": false, ""connected_similar_user_id"": null}}","""emma chamberlain""",true,"""emmachamberlain""","""""","""""","""2794059971581407025_292236837""","""292236837""",false,"""https://scontent-yyz1-1.cdninstagram.com/v/t51.2885-19/275851061_960659311246249_8896125391506533710_n.jpg?stp=dst-jpg_s150x150&_nc_ht=scontent-yyz1-1.cdninstagram.com&_nc_cat=1&_nc_ohc=Ol2MMqTIL6wAX9rwObu&edm=ALB854YBAAAA&ccb=7-5&oh=00_AfBPH_bGCYbkblV0aamjsREDTCFY3bHQ3hGS9GFSREFqZg&oe=6537F1F2&_nc_sid=ce9561""",false,"""292236837""","""292236837""",1,[],0,false,"""17841400385114566"""
false,"{""is_possible_scammer"": false, ""is_possible_impersonator"": {""is_unconnected_impersonator"": false, ""connected_similar_user_id"": null}, ""is_possible_impersonator_threads"": {""is_unconnected_impersonator"": false, ""connected_similar_user_id"": null}}","""Hero Fiennes Tiffin""",true,"""hero_ft""","""""","""""","""2089952944412979394_455377598""","""455377598""",false,"""https://scontent-yyz1-1.cdninstagram.com/v/t51.2885-19/66894903_916761311996590_9091852226921496576_n.jpg?stp=dst-jpg_s150x150&_nc_ht=scontent-yyz1-1.cdninstagram.com&_nc_cat=1&_nc_ohc=lHkspwg5AkUAX9u1x4l&edm=ALB854YBAAAA&ccb=7-5&oh=00_AfBdFNVBONuyAZUq3Dz7bhfrkH7Cyl3itfCuYymtgHcXoA&oe=6537B500&_nc_sid=ce9561""",false,"""455377598""","""455377598""",0,[],0,false,"""17841400527947115"""
false,"{""is_possible_scammer"": false, ""is_possible_impersonator"": {""is_unconnected_impersonator"": false, ""connected_similar_user_id"": null}, ""is_possible_impersonator_threads"": {""is_unconnected_impersonator"": false, ""connected_similar_user_id"": null}}","""Ncuti Gatwa""",true,"""ncutigatwa""","""""","""""","""2716080388662375093_423408327""","""423408327""",false,"""https://scontent-yyz1-1.cdninstagram.com/v/t51.2885-19/261484884_203746395257737_1012578444151322260_n.jpg?stp=dst-jpg_s150x150&_nc_ht=scontent-yyz1-1.cdninstagram.com&_nc_cat=1&_nc_ohc=uNf2945iP9MAX9vpGpA&edm=ALB854YBAAAA&ccb=7-5&oh=00_AfAGjqwIuayw_RRjOyvpwDbZtCHpLVEGowUPV687PV5VgA&oe=6537DE03&_nc_sid=ce9561""",false,"""423408327""","""423408327""",0,[],0,false,"""17841401449816615"""
false,"{""is_possible_scammer"": false, ""is_possible_impersonator"": {""is_unconnected_impersonator"": false, ""connected_similar_user_id"": null}, ""is_possible_impersonator_threads"": {""is_unconnected_impersonator"": false, ""connected_similar_user_id"": null}}","""JACK MORRIS""",true,"""jackmorris""","""""","""""","""2987566122660375118_1412125006""","""1412125006""",false,"""https://scontent-yyz1-1.cdninstagram.com/v/t51.2885-19/318374520_1234298923867729_4533465275137605559_n.jpg?stp=dst-jpg_s150x150&_nc_ht=scontent-yyz1-1.cdninstagram.com&_nc_cat=1&_nc_ohc=25s8qCmUP7MAX_dXo41&edm=ALB854YBAAAA&ccb=7-5&oh=00_AfAtri7jKdbweHkpea3hN6eT4Cw__QY6e6X026i4cyggPA&oe=65370655&_nc_sid=ce9561""",false,"""1412125006""","""1412125006""",1,[],0,false,"""17841400870202064"""
false,"{""is_possible_scammer"": false, ""is_possible_impersonator"": {""is_unconnected_impersonator"": false, ""connected_similar_user_id"": null}, ""is_possible_impersonator_threads"": {""is_unconnected_impersonator"": false, ""connected_similar_user_id"": null}}","""Niykee Heaton""",true,"""niykeeheaton""","""""","""""","""3161994703117966516_174247675""","""174247675""",false,"""https://scontent-yyz1-1.cdninstagram.com/v/t51.2885-19/364972406_1452422015522582_2095021647864146137_n.jpg?stp=dst-jpg_s150x150&_nc_ht=scontent-yyz1-1.cdninstagram.com&_nc_cat=102&_nc_ohc=d2m6plWkYTAAX9avsCq&edm=ALB854YBAAAA&ccb=7-5&oh=00_AfChDmezS1P9-GIElKetyDWCqZclhmrpQcM6j8xQhPOF1A&oe=65370B83&_nc_sid=ce9561""",false,"""174247675""","""174247675""",1,[],0,false,"""17841401190252722"""
false,"{""is_possible_scammer"": false, ""is_possible_impersonator"": {""is_unconnected_impersonator"": false, ""connected_similar_user_id"": null}, ""is_possible_impersonator_threads"": {""is_unconnected_impersonator"": false, ""connected_similar_user_id"": null}}","""Style""",true,"""style""","""""","""""","""1876935589678742044_1455855092""","""1455855092""",false,"""https://scontent-yyz1-1.cdninstagram.com/v/t51.2885-19/41840211_448656502208533_3842584433731305472_n.jpg?stp=dst-jpg_s150x150&_nc_ht=scontent-yyz1-1.cdninstagram.com&_nc_cat=1&_nc_ohc=nQcBFC0djokAX9wNxUo&edm=ALB854YBAAAA&ccb=7-5&oh=00_AfDEaOv2Jx1tEqu42YYLwg08YEO4LGn6OHCUCnRQNr4qUQ&oe=65360563&_nc_sid=ce9561""",false,"""1455855092""","""1455855092""",1,[],0,false,"""17841401412782747"""
false,"{""is_possible_scammer"": false, ""is_possible_impersonator"": {""is_unconnected_impersonator"": false, ""connected_similar_user_id"": null}, ""is_possible_impersonator_threads"": {""is_unconnected_impersonator"": false, ""connected_similar_user_id"": null}}","""Mounir""",true,"""mounir""","""""","""""","""2877817068629844968_387333708""","""387333708""",false,"""https://scontent-yyz1-1.cdninstagram.com/v/t51.2885-19/292275757_1001859927187399_1376500504026558365_n.jpg?stp=dst-jpg_s150x150&_nc_ht=scontent-yyz1-1.cdninstagram.com&_nc_cat=1&_nc_ohc=-HLWraxVu2wAX8-8TQt&edm=ALB854YBAAAA&ccb=7-5&oh=00_AfDiDzUJBPHVHynRYzq9VYG2l1C47w-JKI6rtI0UuQ4vVw&oe=6537B4CF&_nc_sid=ce9561""",false,"""387333708""","""387333708""",1,[],0,false,"""17841400171246052"""
false,"{""is_possible_scammer"": false, ""is_possible_impersonator"": {""is_unconnected_impersonator"": false, ""connected_similar_user_id"": null}, ""is_possible_impersonator_threads"": {""is_unconnected_impersonator"": false, ""connected_similar_user_id"": null}}","""Amnesty International 🌎""",true,"""amnesty""","""""","""""","""1997210876361050439_1001138931""","""1001138931""",false,"""https://scontent-yyz1-1.cdninstagram.com/v/t51.2885-19/52759770_574768139665937_2767466661123457024_n.jpg?stp=dst-jpg_s150x150&_nc_ht=scontent-yyz1-1.cdninstagram.com&_nc_cat=105&_nc_ohc=wcsQQZmZhr8AX94vcsg&edm=ALB854YBAAAA&ccb=7-5&oh=00_AfCf3cLhWZN4lagxWa9uYxV4d9di1MrbgwsQ-ib2fGG7gQ&oe=653677E2&_nc_sid=ce9561""",false,"""1001138931""","""1001138931""",0,[],0,false,"""17841401527945642"""
false,"{""is_possible_scammer"": false, ""is_possible_impersonator"": {""is_unconnected_impersonator"": false, ""connected_similar_user_id"": null}, ""is_possible_impersonator_threads"": {""is_unconnected_impersonator"": false, ""connected_similar_user_id"": null}}","""Maryève Châteauneuf""",false,"""marychevre""","""""","""""","""3059961351543188591_225281986""","""225281986""",false,"""https://scontent-yyz1-1.cdninstagram.com/v/t51.2885-19/336041137_948468726176339_5842033283856323398_n.jpg?stp=dst-jpg_s150x150&_nc_ht=scontent-yyz1-1.cdninstagram.com&_nc_cat=111&_nc_ohc=J8qbfDyg754AX_OO8M6&edm=ALB854YBAAAA&ccb=7-5&oh=00_AfBu7qt6UkmZK0yrTLTK4cNvPiVeReahVO2UL7O8ENUkYg&oe=6536FFB1&_nc_sid=ce9561""",false,"""225281986""","""225281986""",1,[],0,false,"""17841400059583520"""
false,"{""is_possible_scammer"": false, ""is_possible_impersonator"": {""is_unconnected_impersonator"": false, ""connected_similar_user_id"": null}, ""is_possible_impersonator_threads"": {""is_unconnected_impersonator"": false, ""connected_similar_user_id"": null}}","""Diba 🐬""",false,"""dibabayaan""","""""","""""","""3207216065702540153_2037422242""","""2037422242""",false,"""https://scontent-yyz1-1.cdninstagram.com/v/t51.2885-19/369271576_1067414224265764_6411824241411551035_n.jpg?stp=dst-jpg_s150x150&_nc_ht=scontent-yyz1-1.cdninstagram.com&_nc_cat=104&_nc_ohc=xu-J57TxuocAX9D6quZ&edm=ALB854YBAAAA&ccb=7-5&oh=00_AfDNhSF0d08Jz6s-oqocVwmaCaCJH3aiYLcmbYpl-UcH7g&oe=65367A1C&_nc_sid=ce9561""",false,"""2037422242""","""2037422242""",0,[],0,false,"""17841402107274677"""
false,"{""is_possible_scammer"": false, ""is_possible_impersonator"": {""is_unconnected_impersonator"": false, ""connected_similar_user_id"": null}, ""is_possible_impersonator_threads"": {""is_unconnected_impersonator"": false, ""connected_similar_user_id"": null}}","""lauren bullen""",true,"""gypsea_lust""","""""","""""","""3137996141710156816_7672322""","""7672322""",false,"""https://scontent-yyz1-1.cdninstagram.com/v/t51.2885-19/356964520_208305615084357_8139092832197674645_n.jpg?stp=dst-jpg_s150x150&_nc_ht=scontent-yyz1-1.cdninstagram.com&_nc_cat=109&_nc_ohc=C2yJZ6aOkroAX9wYlm5&edm=ALB854YBAAAA&ccb=7-5&oh=00_AfA3OMadluntphaeV8CSGmBd4KREHGTY5hlgcdbCjjlMDg&oe=65360B5A&_nc_sid=ce9561""",false,"""7672322""","""7672322""",0,[],0,false,"""17841401689660119"""
false,"{""is_possible_scammer"": false, ""is_possible_impersonator"": {""is_unconnected_impersonator"": false, ""connected_similar_user_id"": null}, ""is_possible_impersonator_threads"": {""is_unconnected_impersonator"": false, ""connected_similar_user_id"": null}}","""poets of instagram""",false,"""poets""","""""","""""","""2660341968927997356_2983540131""","""2983540131""",false,"""https://scontent-yyz1-1.cdninstagram.com/v/t51.2885-19/241734139_279959040324605_501229228437984838_n.jpg?stp=dst-jpg_s150x150&_nc_ht=scontent-yyz1-1.cdninstagram.com&_nc_cat=1&_nc_ohc=0-HbDWTHNqEAX9FNfd0&edm=ALB854YBAAAA&ccb=7-5&oh=00_AfD6imA40rDL-wr0FRJvVtdJNrmdU9dpS_20qQpbXafw9w&oe=65378C6A&_nc_sid=ce9561""",false,"""2983540131""","""2983540131""",0,[],0,false,"""17841403003942942"""
false,"{""is_possible_scammer"": false, ""is_possible_impersonator"": {""is_unconnected_impersonator"": false, ""connected_similar_user_id"": null}, ""is_possible_impersonator_threads"": {""is_unconnected_impersonator"": false, ""connected_similar_user_id"": null}}","""ecards""",false,"""sarcasm_only""","""""","""""","""1387968181980633648_319018352""","""319018352""",false,"""https://scontent-yyz1-1.cdninstagram.com/v/t51.2885-19/49678891_342396293013785_3093491869011673088_n.jpg?stp=dst-jpg_s150x150&_nc_ht=scontent-yyz1-1.cdninstagram.com&_nc_cat=1&_nc_ohc=roq_iVUrdUEAX94LAOf&edm=ALB854YBAAAA&ccb=7-5&oh=00_AfCiaZGyDEvte0IEWOyoZ1CfNtm46F3XrmH0P9Pn1p84eA&oe=65364ED3&_nc_sid=ce9561""",false,"""319018352""","""319018352""",1,[],0,false,"""17841401270564984"""
false,"{""is_possible_scammer"": false, ""is_possible_impersonator"": {""is_unconnected_impersonator"": false, ""connected_similar_user_id"": null}, ""is_possible_impersonator_threads"": {""is_unconnected_impersonator"": false, ""connected_similar_user_id"": null}}","""Anja Winkelmann""",false,"""anjawk""","""""","""""","""3001398527989870965_280044797""","""280044797""",false,"""https://scontent-yyz1-1.cdninstagram.com/v/t51.2885-19/321661457_541973314500557_1577978486766221773_n.jpg?stp=dst-jpg_s150x150&_nc_ht=scontent-yyz1-1.cdninstagram.com&_nc_cat=105&_nc_ohc=ToZuo0Mesd4AX9KmWde&edm=ALB854YBAAAA&ccb=7-5&oh=00_AfDDcZAn8xD9gDVSTAt-zrI6GZOWC9JmGFPeLpCXVY44Og&oe=6536BB25&_nc_sid=ce9561""",false,"""280044797""","""280044797""",0,[],0,false,"""17841401343914375"""
false,"{""is_possible_scammer"": false, ""is_possible_impersonator"": {""is_unconnected_impersonator"": false, ""connected_similar_user_id"": null}, ""is_possible_impersonator_threads"": {""is_unconnected_impersonator"": false, ""connected_similar_user_id"": null}}","""ʜᴏᴏᴅᴠɪʟʟᴇ - ʜᴏᴍᴇ ᴏғ ᴛʜᴇ ʜᴏᴏᴅ""",false,"""hoodville""","""""","""""","""3093251956638803525_1457239300""","""1457239300""",false,"""https://scontent-yyz1-1.cdninstagram.com/v/t51.2885-19/343851963_800145677806490_7135462647969825476_n.jpg?stp=dst-jpg_s150x150&_nc_ht=scontent-yyz1-1.cdninstagram.com&_nc_cat=1&_nc_ohc=dwteZGCARIMAX_RwOgA&edm=ALB854YBAAAA&ccb=7-5&oh=00_AfBqlHkCcR-GVLEoP2Ezd0A5R8vCEOChi_LLGhFs7MTUKg&oe=65373206&_nc_sid=ce9561""",false,"""1457239300""","""1457239300""",1,[],0,false,"""17841400699022769"""
false,"{""is_possible_scammer"": false, ""is_possible_impersonator"": {""is_unconnected_impersonator"": false, ""connected_similar_user_id"": null}, ""is_possible_impersonator_threads"": {""is_unconnected_impersonator"": false, ""connected_similar_user_id"": null}}","""Ayoub Arma""",true,"""armadelaney""","""""","""""","""3068199028068651882_473694495""","""473694495""",false,"""https://scontent-yyz1-1.cdninstagram.com/v/t51.2885-19/337923865_1397690864375621_4167947905977160157_n.jpg?stp=dst-jpg_s150x150&_nc_ht=scontent-yyz1-1.cdninstagram.com&_nc_cat=105&_nc_ohc=0o60HZenLQoAX_m6AqF&edm=ALB854YBAAAA&ccb=7-5&oh=00_AfBpHAXEMRZ2jW_pXXIA6uUb6MKd_6P44xa8ptbMST9q3g&oe=65377F0F&_nc_sid=ce9561""",false,"""473694495""","""473694495""",1,[],0,false,"""17841400914857401"""
false,"{""is_possible_scammer"": false, ""is_possible_impersonator"": {""is_unconnected_impersonator"": false, ""connected_similar_user_id"": null}, ""is_possible_impersonator_threads"": {""is_unconnected_impersonator"": false, ""connected_similar_user_id"": null}}","""Elizabeth Bernier""",false,"""elieberniee""","""""","""""","""2293843349629356354_1617497908""","""1617497908""",false,"""https://scontent-yyz1-1.cdninstagram.com/v/t51.2885-19/93989522_540178210258893_7762770577084907520_n.jpg?stp=dst-jpg_s150x150&_nc_ht=scontent-yyz1-1.cdninstagram.com&_nc_cat=109&_nc_ohc=Zaf8ShxCLPwAX8Jei73&edm=ALB854YBAAAA&ccb=7-5&oh=00_AfB3Q36K3XWiD74p5KdNDQsNMHMewYFyXHcb2L_XP9Mqdw&oe=65360BF1&_nc_sid=ce9561""",false,"""1617497908""","""1617497908""",0,[],0,false,"""17841400777265273"""
false,"{""is_possible_scammer"": false, ""is_possible_impersonator"": {""is_unconnected_impersonator"": false, ""connected_similar_user_id"": null}, ""is_possible_impersonator_threads"": {""is_unconnected_impersonator"": false, ""connected_similar_user_id"": null}}","""Rebecca Elizabeth Alt""",true,"""bek.eliza_""","""""","""""","""3151528829599960899_52055383""","""52055383""",false,"""https://scontent-yyz1-1.cdninstagram.com/v/t51.2885-19/362295589_275537481777400_9022667532945988852_n.jpg?stp=dst-jpg_s150x150&_nc_ht=scontent-yyz1-1.cdninstagram.com&_nc_cat=104&_nc_ohc=D0t8-HyGNdgAX_nTHG9&edm=ALB854YBAAAA&ccb=7-5&oh=00_AfCEy6tjh0vR8TzwpgSNHHWUyfaJqx6V5SpDGDhBqWpoEQ&oe=65368580&_nc_sid=ce9561""",false,"""52055383""","""52055383""",1,[],0,false,"""17841400701490813"""
false,"{""is_possible_scammer"": false, ""is_possible_impersonator"": {""is_unconnected_impersonator"": false, ""connected_similar_user_id"": null}, ""is_possible_impersonator_threads"": {""is_unconnected_impersonator"": false, ""connected_similar_user_id"": null}}","""""",true,"""emilia_clarke""","""""","""""","""""","""1809062259""",false,"""https://scontent-yyz1-1.cdninstagram.com/v/t51.2885-19/11326253_913941488694666_1463557143_a.jpg?stp=dst-jpg_s150x150&_nc_ht=scontent-yyz1-1.cdninstagram.com&_nc_cat=1&_nc_ohc=hbJHxsyiI04AX8FI_u0&edm=ALB854YBAAAA&ccb=7-5&oh=00_AfARGzGvQ7-GuQmB2DEUhy38HVnOoz5GkqMqfFI_JjIiaQ&oe=65378C41&_nc_sid=ce9561""",false,"""1809062259""","""1809062259""",0,[],0,false,"""17841401147798266"""
false,"{""is_possible_scammer"": false, ""is_possible_impersonator"": {""is_unconnected_impersonator"": false, ""connected_similar_user_id"": null}, ""is_possible_impersonator_threads"": {""is_unconnected_impersonator"": false, ""connected_similar_user_id"": null}}","""Alyson Grondin""",false,"""alyson_grondin""","""""","""""","""3187409504102383528_2996590597""","""2996590597""",true,"""https://scontent-yyz1-1.cdninstagram.com/v/t51.2885-19/376747746_1343370143248285_6394231513480393403_n.jpg?stp=dst-jpg_s150x150&_nc_ht=scontent-yyz1-1.cdninstagram.com&_nc_cat=101&_nc_ohc=5WiDjC5FhpMAX9oVK2B&edm=ALB854YBAAAA&ccb=7-5&oh=00_AfANhLtsFbfEwTp-1rG_u8o5QplmQ2yFHFYg88POdSUsmQ&oe=6537F3BF&_nc_sid=ce9561""",false,"""2996590597""","""2996590597""",0,[],0,false,"""17841403077924573"""
false,"{""is_possible_scammer"": false, ""is_possible_impersonator"": {""is_unconnected_impersonator"": false, ""connected_similar_user_id"": null}, ""is_possible_impersonator_threads"": {""is_unconnected_impersonator"": false, ""connected_similar_user_id"": null}}","""Hannes Becker""",true,"""hannes_becker""","""""","""""","""3120244513334885214_174143945""","""174143945""",false,"""https://scontent-yyz1-1.cdninstagram.com/v/t51.2885-19/352206359_1450483569055774_7023350575426827855_n.jpg?stp=dst-jpg_s150x150&_nc_ht=scontent-yyz1-1.cdninstagram.com&_nc_cat=110&_nc_ohc=F84IcSYfjyAAX9NxZaG&edm=ALB854YBAAAA&ccb=7-5&oh=00_AfCkEtLNpTmQ9j1Ba4cD0VFNHrZ0t_z0fID4_nyH8IbhWQ&oe=65376230&_nc_sid=ce9561""",false,"""174143945""","""174143945""",1,[],0,false,"""17841401918352720"""
false,"{""is_possible_scammer"": false, ""is_possible_impersonator"": {""is_unconnected_impersonator"": false, ""connected_similar_user_id"": null}, ""is_possible_impersonator_threads"": {""is_unconnected_impersonator"": false, ""connected_similar_user_id"": null}}","""𝕸𝖆𝖏𝖊𝖘𝖙𝖊́ 𝕿𝖆𝖑𝖑𝖎𝖓𝖉𝖊𝖗""",false,"""majestetallinder""","""""","""""","""3208136168729978156_652029401""","""652029401""",false,"""https://scontent-yyz1-1.cdninstagram.com/v/t51.2885-19/387264926_288468977287780_6916509530787909884_n.jpg?stp=dst-jpg_s150x150&_nc_ht=scontent-yyz1-1.cdninstagram.com&_nc_cat=104&_nc_ohc=cAqjj35R3QoAX9Jj323&edm=ALB854YBAAAA&ccb=7-5&oh=00_AfAAAt7m2MRCtykVN0OvB8wroe2fnaG_FtDwGta7g86kWg&oe=653672ED&_nc_sid=ce9561""",false,"""652029401""","""652029401""",0,[],0,false,"""17841401842040187"""
false,"{""is_possible_scammer"": false, ""is_possible_impersonator"": {""is_unconnected_impersonator"": false, ""connected_similar_user_id"": null}, ""is_possible_impersonator_threads"": {""is_unconnected_impersonator"": false, ""connected_similar_user_id"": null}}","""GAD""",true,"""gadelmaleh""","""""","""""","""3202361723342363920_298594028""","""298594028""",false,"""https://scontent-yyz1-1.cdninstagram.com/v/t51.2885-19/383236128_764275018872256_5539368386928879215_n.jpg?stp=dst-jpg_s150x150&_nc_ht=scontent-yyz1-1.cdninstagram.com&_nc_cat=104&_nc_ohc=5hiPZm3WAwgAX-E3kVR&edm=ALB854YBAAAA&ccb=7-5&oh=00_AfBctAw0GzFxae66fLuUnhXAX3d2HNOdeiDe61-7hpQqTg&oe=6536B089&_nc_sid=ce9561""",false,"""298594028""","""298594028""",0,[],0,false,"""17841401020844665"""
false,"{""is_possible_scammer"": false, ""is_possible_impersonator"": {""is_unconnected_impersonator"": false, ""connected_similar_user_id"": null}, ""is_possible_impersonator_threads"": {""is_unconnected_impersonator"": false, ""connected_similar_user_id"": null}}","""Sarah Bellavance""",false,"""sarahbellavance99""","""""","""""","""3098424808673281083_2311507912""","""2311507912""",true,"""https://scontent-yyz1-1.cdninstagram.com/v/t51.2885-19/345486460_133689386363009_8213785493756687377_n.jpg?stp=dst-jpg_s150x150&_nc_ht=scontent-yyz1-1.cdninstagram.com&_nc_cat=105&_nc_ohc=61uJCKDKQ-IAX8Bvq5i&edm=ALB854YBAAAA&ccb=7-5&oh=00_AfC0IvbnFj2_3WaUSwOcoFizfUsSsLOIAgIar33pKiCNEw&oe=65362AE8&_nc_sid=ce9561""",false,"""2311507912""","""2311507912""",0,[],0,false,"""17841402277378938"""
false,"{""is_possible_scammer"": false, ""is_possible_impersonator"": {""is_unconnected_impersonator"": false, ""connected_similar_user_id"": null}, ""is_possible_impersonator_threads"": {""is_unconnected_impersonator"": false, ""connected_similar_user_id"": null}}","""we’re not really strangers""",true,"""werenotreallystrangers""","""""","""""","""3154136989905708107_1371968417""","""1371968417""",false,"""https://scontent-yyz1-1.cdninstagram.com/v/t51.2885-19/362779681_1254586661884459_1437956444507621068_n.jpg?stp=dst-jpg_s150x150&_nc_ht=scontent-yyz1-1.cdninstagram.com&_nc_cat=1&_nc_ohc=k0N30wRwH_sAX_aHAZ1&edm=ALB854YBAAAA&ccb=7-5&oh=00_AfDDXeKulOwcNW0K0mp2dXp3ZGsQZGTZZdQbaZN4a9ejzg&oe=6537132F&_nc_sid=ce9561""",false,"""1371968417""","""1371968417""",1,[],0,false,"""17841400012531437"""
false,"{""is_possible_scammer"": false, ""is_possible_impersonator"": {""is_unconnected_impersonator"": false, ""connected_similar_user_id"": null}, ""is_possible_impersonator_threads"": {""is_unconnected_impersonator"": false, ""connected_similar_user_id"": null}}","""Teal Swan""",true,"""tealswanofficial""","""""","""""","""1896010303936007178_1440443951""","""1440443951""",false,"""https://scontent-yyz1-1.cdninstagram.com/v/t51.2885-19/43481290_2152613194821004_6185241793777369088_n.jpg?stp=dst-jpg_s150x150&_nc_ht=scontent-yyz1-1.cdninstagram.com&_nc_cat=1&_nc_ohc=iUzZq3eLjR4AX8rBE_N&edm=ALB854YBAAAA&ccb=7-5&oh=00_AfCsu1837O0kCrky3VW95xP7aaT1gqQfRYcx2FnKzwC6Fw&oe=6536B033&_nc_sid=ce9561""",false,"""1440443951""","""1440443951""",1,[],0,false,"""17841401798552506"""
false,"{""is_possible_scammer"": false, ""is_possible_impersonator"": {""is_unconnected_impersonator"": false, ""connected_similar_user_id"": null}, ""is_possible_impersonator_threads"": {""is_unconnected_impersonator"": false, ""connected_similar_user_id"": null}}","""𝐊𝐀𝐋𝐈""",false,"""kali.ledger""","""""","""""","""3031480229285912380_3268592288""","""3268592288""",false,"""https://scontent-yyz1-1.cdninstagram.com/v/t51.2885-19/329422429_168874652551089_7298293149851512570_n.jpg?stp=dst-jpg_s150x150&_nc_ht=scontent-yyz1-1.cdninstagram.com&_nc_cat=1&_nc_ohc=eaoXytKbLjYAX_jq5qR&edm=ALB854YBAAAA&ccb=7-5&oh=00_AfBOiuzCyWsQsDLtDE9NGXIZKWxxKXpL5DPntrysy-cF0Q&oe=65369A88&_nc_sid=ce9561""",false,"""3268592288""","""3268592288""",1,[],0,false,"""17841403128658574"""
false,"{""is_possible_scammer"": false, ""is_possible_impersonator"": {""is_unconnected_impersonator"": false, ""connected_similar_user_id"": null}, ""is_possible_impersonator_threads"": {""is_unconnected_impersonator"": false, ""connected_similar_user_id"": null}}","""DANIELLE MARCAN""",true,"""daniellemarcan""","""""","""""","""3110825368423675193_52108550""","""52108550""",false,"""https://scontent-yyz1-1.cdninstagram.com/v/t51.2885-19/349484721_1512472479284214_129565598546192137_n.jpg?stp=dst-jpg_s150x150&_nc_ht=scontent-yyz1-1.cdninstagram.com&_nc_cat=1&_nc_ohc=6-MvTcH14oEAX_ljFWR&edm=ALB854YBAAAA&ccb=7-5&oh=00_AfABE069zIY9EfE4o9cf_OAucjAty4GF4pcwLmVDqYNxLg&oe=65360E9C&_nc_sid=ce9561""",false,"""52108550""","""52108550""",0,[],0,false,"""17841400376500814"""
false,"{""is_possible_scammer"": false, ""is_possible_impersonator"": {""is_unconnected_impersonator"": false, ""connected_similar_user_id"": null}, ""is_possible_impersonator_threads"": {""is_unconnected_impersonator"": false, ""connected_similar_user_id"": null}}","""Whitney Hanson""",true,"""whitneyhansonpoetry""","""""","""""","""3206967004165494688_10504585660""","""10504585660""",false,"""https://scontent-yyz1-1.cdninstagram.com/v/t51.2885-19/386892087_703320721290690_3208113625290673895_n.jpg?stp=dst-jpg_s150x150&_nc_ht=scontent-yyz1-1.cdninstagram.com&_nc_cat=1&_nc_ohc=jVlE6nVHsrAAX-6cz7u&edm=ALB854YBAAAA&ccb=7-5&oh=00_AfBzAhV6s8mAz4WGJ4t95IQ_3FmyOvqqQj88H6upgMHiFA&oe=6536CD53&_nc_sid=ce9561""",false,"""10504585660""","""10504585660""",1,[],0,false,"""17841410369823073"""
false,"{""is_possible_scammer"": false, ""is_possible_impersonator"": {""is_unconnected_impersonator"": false, ""connected_similar_user_id"": null}, ""is_possible_impersonator_threads"": {""is_unconnected_impersonator"": false, ""connected_similar_user_id"": null}}","""Harper’s BAZAAR""",true,"""harpersbazaarus""","""""","""""","""2819347965882521848_198539316""","""198539316""",false,"""https://scontent-yyz1-1.cdninstagram.com/v/t51.2885-19/278621210_1169433087165202_3242344620798575555_n.jpg?stp=dst-jpg_s150x150&_nc_ht=scontent-yyz1-1.cdninstagram.com&_nc_cat=1&_nc_ohc=gD-3Wur_FOsAX84IpcN&edm=ALB854YBAAAA&ccb=7-5&oh=00_AfCfR8awe54vD9YowEkezxaUh7KS6Y3Mpp8HX1lsiE6MVQ&oe=65366EB2&_nc_sid=ce9561""",false,"""198539316""","""198539316""",2,[],0,false,"""17841400339483102"""
false,"{""is_possible_scammer"": false, ""is_possible_impersonator"": {""is_unconnected_impersonator"": false, ""connected_similar_user_id"": null}, ""is_possible_impersonator_threads"": {""is_unconnected_impersonator"": false, ""connected_similar_user_id"": null}}","""Association Enfants Du Désert""",false,"""enfantsdudesert""","""""","""""","""3157097177145211413_1635827551""","""1635827551""",false,"""https://scontent-yyz1-1.cdninstagram.com/v/t51.2885-19/363505561_1013100849715790_9191807596455991545_n.jpg?stp=dst-jpg_s150x150&_nc_ht=scontent-yyz1-1.cdninstagram.com&_nc_cat=102&_nc_ohc=7UibDcZk7FQAX86vubo&edm=ALB854YBAAAA&ccb=7-5&oh=00_AfAhIMSgXRy5ejb2jNTRrG5TqNXUV2VDjFnboXOLSeLzxw&oe=6537F189&_nc_sid=ce9561""",false,"""1635827551""","""1635827551""",0,[],1697714103,false,"""17841401546555559"""
false,"{""is_possible_scammer"": false, ""is_possible_impersonator"": {""is_unconnected_impersonator"": false, ""connected_similar_user_id"": null}, ""is_possible_impersonator_threads"": {""is_unconnected_impersonator"": false, ""connected_similar_user_id"": null}}","""Hugo Hebbe""",true,"""hugohebbe""","""""","""""","""3129432176226538399_18556482144""","""18556482144""",false,"""https://scontent-yyz1-1.cdninstagram.com/v/t51.2885-19/354892514_187991820593829_5297810968645488758_n.jpg?stp=dst-jpg_s150x150&_nc_ht=scontent-yyz1-1.cdninstagram.com&_nc_cat=109&_nc_ohc=DRliLoY3zjEAX_MYwFD&edm=ALB854YBAAAA&ccb=7-5&oh=00_AfCKxSr2wHmyKTCPSxC7QNwSluqqYxgWcqRZGD8zKwYfIA&oe=6537D405&_nc_sid=ce9561""",false,"""18556482144""","""18556482144""",0,[],0,false,"""17841418544329560"""
false,"{""is_possible_scammer"": false, ""is_possible_impersonator"": {""is_unconnected_impersonator"": false, ""connected_similar_user_id"": null}, ""is_possible_impersonator_threads"": {""is_unconnected_impersonator"": false, ""connected_similar_user_id"": null}}","""Memes""",false,"""ight""","""""","""""","""2985386377365943070_3876121688""","""3876121688""",false,"""https://scontent-yyz1-1.cdninstagram.com/v/t51.2885-19/317973185_903947237435674_2021201552167792878_n.jpg?stp=dst-jpg_s150x150&_nc_ht=scontent-yyz1-1.cdninstagram.com&_nc_cat=1&_nc_ohc=ajA8_F3Aqf8AX_TPyST&edm=ALB854YBAAAA&ccb=7-5&oh=00_AfDgRmZpCaLUP6VX5J_3MwcBFzYjQPcsjRJwuhqA1K1iGw&oe=653605B8&_nc_sid=ce9561""",false,"""3876121688""","""3876121688""",2,[],1697766815,false,"""17841403890644515"""
false,"{""is_possible_scammer"": false, ""is_possible_impersonator"": {""is_unconnected_impersonator"": false, ""connected_similar_user_id"": null}, ""is_possible_impersonator_threads"": {""is_unconnected_impersonator"": false, ""connected_similar_user_id"": null}}","""Chelsea Handler""",true,"""chelseahandler""","""""","""""","""3095344846075784181_6897275""","""6897275""",false,"""https://scontent-yyz1-1.cdninstagram.com/v/t51.2885-19/344589591_940898627156745_4179473820187028815_n.jpg?stp=dst-jpg_s150x150&_nc_ht=scontent-yyz1-1.cdninstagram.com&_nc_cat=1&_nc_ohc=VNev10ZT5JEAX_F13uC&edm=ALB854YBAAAA&ccb=7-5&oh=00_AfAsV83nHJCeYTXgUlNhjE2nsHk9OzuW7YVFQJxSpMLbZg&oe=6536FE28&_nc_sid=ce9561""",false,"""6897275""","""6897275""",1,[],1697735157,false,"""17841401478250107"""
false,"{""is_possible_scammer"": false, ""is_possible_impersonator"": {""is_unconnected_impersonator"": false, ""connected_similar_user_id"": null}, ""is_possible_impersonator_threads"": {""is_unconnected_impersonator"": false, ""connected_similar_user_id"": null}}","""baby cowboy""",true,"""nessabarrett""","""""","""""","""3205668179498741657_1467195203""","""1467195203""",false,"""https://scontent-yyz1-1.cdninstagram.com/v/t51.2885-19/386635842_592808756212723_5384340314468403748_n.jpg?stp=dst-jpg_s150x150&_nc_ht=scontent-yyz1-1.cdninstagram.com&_nc_cat=1&_nc_ohc=zDC27SH-Z7AAX_5ekqQ&edm=ALB854YBAAAA&ccb=7-5&oh=00_AfDtmG-gARW9rUD4LF_3II9q2jbBtI3gYPgwXRgtio1LaQ&oe=65374F7A&_nc_sid=ce9561""",false,"""1467195203""","""1467195203""",1,[],1697776774,false,"""17841401776112924"""
false,"{""is_possible_scammer"": false, ""is_possible_impersonator"": {""is_unconnected_impersonator"": false, ""connected_similar_user_id"": null}, ""is_possible_impersonator_threads"": {""is_unconnected_impersonator"": false, ""connected_similar_user_id"": null}}","""Axelle <3""",false,"""axetchrd""","""""","""""","""3190558978176386160_394894977""","""394894977""",false,"""https://scontent-yyz1-1.cdninstagram.com/v/t51.2885-19/376797051_843121843772748_7001182323670006281_n.jpg?stp=dst-jpg_s150x150&_nc_ht=scontent-yyz1-1.cdninstagram.com&_nc_cat=100&_nc_ohc=x3IsjDCnxpcAX-7dF52&edm=ALB854YBAAAA&ccb=7-5&oh=00_AfCYbcmtcc-1klj33JVohgtdOic29_mP6KDvABlubvVRTg&oe=65364FD5&_nc_sid=ce9561""",false,"""394894977""","""394894977""",0,[],1697724315,false,"""17841400449316170"""
false,"{""is_possible_scammer"": false, ""is_possible_impersonator"": {""is_unconnected_impersonator"": false, ""connected_similar_user_id"": null}, ""is_possible_impersonator_threads"": {""is_unconnected_impersonator"": false, ""connected_similar_user_id"": null}}","""Sally Mustang""",true,"""sallymustang""","""""","""""","""2080881303060178528_13699401""","""13699401""",false,"""https://scontent-yyz1-1.cdninstagram.com/v/t51.2885-19/70249108_472703916904904_4511264194078703616_n.jpg?stp=dst-jpg_s150x150&_nc_ht=scontent-yyz1-1.cdninstagram.com&_nc_cat=108&_nc_ohc=CPyHRRIMLygAX_T96MR&edm=ALB854YBAAAA&ccb=7-5&oh=00_AfDgafElWKlkRBul1xv-Nr6taxeyFnA7Vw5vgK_Ac4tXxQ&oe=653773EF&_nc_sid=ce9561""",false,"""13699401""","""13699401""",0,[],1697768477,false,"""17841400102030214"""
false,"{""is_possible_scammer"": false, ""is_possible_impersonator"": {""is_unconnected_impersonator"": false, ""connected_similar_user_id"": null}, ""is_possible_impersonator_threads"": {""is_unconnected_impersonator"": false, ""connected_similar_user_id"": null}}","""Michaëlle Dufour""",false,"""micdufour""","""""","""""","""3201884785991106034_269242325""","""269242325""",false,"""https://scontent-yyz1-1.cdninstagram.com/v/t51.2885-19/384945728_235788782459511_2145610195656180958_n.jpg?stp=dst-jpg_s150x150&_nc_ht=scontent-yyz1-1.cdninstagram.com&_nc_cat=103&_nc_ohc=FTWExBqrzKAAX99bQ-o&edm=ALB854YBAAAA&ccb=7-5&oh=00_AfAAOoteMqT4GXZC8UwUkVfEAqYGWyoIYktKQaVyvxE44Q&oe=6536D2E8&_nc_sid=ce9561""",false,"""269242325""","""269242325""",0,[],0,false,"""17841401749754206"""
false,"{""is_possible_scammer"": false, ""is_possible_impersonator"": {""is_unconnected_impersonator"": false, ""connected_similar_user_id"": null}, ""is_possible_impersonator_threads"": {""is_unconnected_impersonator"": false, ""connected_similar_user_id"": null}}","""Kelly-Maud 👩🏾‍🍳""",false,"""foodie.otr""","""""","""""","""2544742916550744233_46760959358""","""46760959358""",false,"""https://scontent-yyz1-1.cdninstagram.com/v/t51.2885-19/168025144_2865613633712086_4629705129672738663_n.jpg?stp=dst-jpg_s150x150&_nc_ht=scontent-yyz1-1.cdninstagram.com&_nc_cat=110&_nc_ohc=EUZCBZUPKf8AX9r9iM_&edm=ALB854YBAAAA&ccb=7-5&oh=00_AfAHYzsho5Xe-iNfLpiYnWZK5AB6LFBnHc1DfyUWcPltkA&oe=65375274&_nc_sid=ce9561""",false,"""46760959358""","""46760959358""",0,[],0,false,"""17841446780765119"""
false,"{""is_possible_scammer"": false, ""is_possible_impersonator"": {""is_unconnected_impersonator"": false, ""connected_similar_user_id"": null}, ""is_possible_impersonator_threads"": {""is_unconnected_impersonator"": false, ""connected_similar_user_id"": null}}","""Boutique Piosa""",false,"""boutiquepiosa""","""""","""""","""3042582775186611239_181228414""","""181228414""",false,"""https://scontent-yyz1-1.cdninstagram.com/v/t51.2885-19/329461594_527509595955491_6148212006790485672_n.jpg?stp=dst-jpg_s150x150&_nc_ht=scontent-yyz1-1.cdninstagram.com&_nc_cat=111&_nc_ohc=sqOoeXBdEjMAX-ZuOwN&edm=ALB854YBAAAA&ccb=7-5&oh=00_AfBa4GqmLR4uNV17999Q91640wvGyFwi3JCL_7bsKzhXQw&oe=6537D1D4&_nc_sid=ce9561""",false,"""181228414""","""181228414""",1,[],1697741951,false,"""17841401332422831"""
false,"{""is_possible_scammer"": false, ""is_possible_impersonator"": {""is_unconnected_impersonator"": false, ""connected_similar_user_id"": null}, ""is_possible_impersonator_threads"": {""is_unconnected_impersonator"": false, ""connected_similar_user_id"": null}}","""Elin Warn""",false,"""elinwarn""","""""","""""","""3017742860384613184_15405882""","""15405882""",false,"""https://scontent-yyz1-1.cdninstagram.com/v/t51.2885-19/326042123_539588248119673_8022063468736785677_n.jpg?stp=dst-jpg_s150x150&_nc_ht=scontent-yyz1-1.cdninstagram.com&_nc_cat=101&_nc_ohc=NV419yQQUSYAX9ubS4f&edm=ALB854YBAAAA&ccb=7-5&oh=00_AfAM6wei7NGvR6VQaYLWTzL9S5IQqorg326Le7To16o5_A&oe=6537D81D&_nc_sid=ce9561""",false,"""15405882""","""15405882""",0,[],1697709617,false,"""17841401376460240"""
false,"{""is_possible_scammer"": false, ""is_possible_impersonator"": {""is_unconnected_impersonator"": false, ""connected_similar_user_id"": null}, ""is_possible_impersonator_threads"": {""is_unconnected_impersonator"": false, ""connected_similar_user_id"": null}}","""LIFE""",true,"""life""","""""","""""","""2983189015076992345_1921298""","""1921298""",false,"""https://scontent-yyz1-1.cdninstagram.com/v/t51.2885-19/317395952_466912655553492_5010107808347806206_n.jpg?stp=dst-jpg_s150x150&_nc_ht=scontent-yyz1-1.cdninstagram.com&_nc_cat=100&_nc_ohc=tczBA3Oy6lIAX_rC8JW&edm=ALB854YBAAAA&ccb=7-5&oh=00_AfAVjH6me0V3ujkIVwnZDyLswiwtMDOeTwuobrYPkTn7cw&oe=6536253B&_nc_sid=ce9561""",false,"""1921298""","""1921298""",0,[],0,false,"""17841400038940030"""
false,"{""is_possible_scammer"": false, ""is_possible_impersonator"": {""is_unconnected_impersonator"": false, ""connected_similar_user_id"": null}, ""is_possible_impersonator_threads"": {""is_unconnected_impersonator"": false, ""connected_similar_user_id"": null}}","""Lili Benkő // Лили Бенко""",false,"""lilibenko""","""""","""""","""3166417011248663134_28380235""","""28380235""",false,"""https://scontent-yyz1-1.cdninstagram.com/v/t51.2885-19/363831162_679896600654666_5004038637684544333_n.jpg?stp=dst-jpg_s150x150&_nc_ht=scontent-yyz1-1.cdninstagram.com&_nc_cat=106&_nc_ohc=3uERelZWhs4AX_Q1ZIu&edm=ALB854YBAAAA&ccb=7-5&oh=00_AfDvmuBlZXODzl_nnnTTIPzPQii2ft7oaRoTdowrqunZ6w&oe=653769F5&_nc_sid=ce9561""",false,"""28380235""","""28380235""",0,[],1697768304,false,"""17841400847050443"""
false,"{""is_possible_scammer"": false, ""is_possible_impersonator"": {""is_unconnected_impersonator"": false, ""connected_similar_user_id"": null}, ""is_possible_impersonator_threads"": {""is_unconnected_impersonator"": false, ""connected_similar_user_id"": null}}","""Aliyus Quotes on the Autism Spectrum""",false,"""aqotas""","""""","""""","""3214101093666549816_15190269962""","""15190269962""",false,"""https://scontent-yyz1-1.cdninstagram.com/v/t51.2885-19/391208721_533711955622471_8608018415862660987_n.jpg?stp=dst-jpg_s150x150&_nc_ht=scontent-yyz1-1.cdninstagram.com&_nc_cat=107&_nc_ohc=Xrt_FNZm4-IAX8FGjEc&edm=ALB854YBAAAA&ccb=7-5&oh=00_AfAkgII-s2NHDaTyxuFwd8YxtcfnmMnaR5RtGxqs09JKzQ&oe=65372FEC&_nc_sid=ce9561""",false,"""15190269962""","""15190269962""",2,[],1697769522,false,"""17841415298868783"""
false,"{""is_possible_scammer"": false, ""is_possible_impersonator"": {""is_unconnected_impersonator"": false, ""connected_similar_user_id"": null}, ""is_possible_impersonator_threads"": {""is_unconnected_impersonator"": false, ""connected_similar_user_id"": null}}","""Boutique Kitsch""",false,"""boutiquekitsch""","""""","""""","""1890347720636867618_209499128""","""209499128""",false,"""https://scontent-yyz1-1.cdninstagram.com/v/t51.2885-19/43984279_341473963086278_9124175966107598848_n.jpg?stp=dst-jpg_s150x150&_nc_ht=scontent-yyz1-1.cdninstagram.com&_nc_cat=102&_nc_ohc=dB-yJOG1VYgAX_49oLz&edm=ALB854YBAAAA&ccb=7-5&oh=00_AfB6DdY6Iuw7TYZMyyPSC9rUjInT0OiupLTMCYXzZyopFg&oe=6537E9AD&_nc_sid=ce9561""",false,"""209499128""","""209499128""",0,[],1697723816,false,"""17841400813843273"""
false,"{""is_possible_scammer"": false, ""is_possible_impersonator"": {""is_unconnected_impersonator"": false, ""connected_similar_user_id"": null}, ""is_possible_impersonator_threads"": {""is_unconnected_impersonator"": false, ""connected_similar_user_id"": null}}","""⠀⠀⠀⠀⠀⠀⠀⠀⠀ ⠀⠀⠀⠀⠀⠀⠀⠀Andrea""",false,"""andreasuareezzz""","""""","""""","""3214468621526563617_1223008421""","""1223008421""",false,"""https://scontent-yyz1-1.cdninstagram.com/v/t51.2885-19/393309186_646121830845340_692861574749358175_n.jpg?stp=dst-jpg_s150x150&_nc_ht=scontent-yyz1-1.cdninstagram.com&_nc_cat=104&_nc_ohc=Kn5i_pO15psAX-3ZNwD&edm=ALB854YBAAAA&ccb=7-5&oh=00_AfC6zSlteMbIqvtD2isAhU-r2SPUWYyoMSBPfDEWewLp2g&oe=65370FF1&_nc_sid=ce9561""",false,"""1223008421""","""1223008421""",0,[],0,false,"""17841400972649109"""
false,"{""is_possible_scammer"": false, ""is_possible_impersonator"": {""is_unconnected_impersonator"": false, ""connected_similar_user_id"": null}, ""is_possible_impersonator_threads"": {""is_unconnected_impersonator"": false, ""connected_similar_user_id"": null}}","""SheerLuxe""",false,"""sheerluxe""","""""","""""","""3140252742139968801_305507138""","""305507138""",false,"""https://scontent-yyz1-1.cdninstagram.com/v/t51.2885-19/357652882_232678036371377_5781982496741893460_n.jpg?stp=dst-jpg_s150x150&_nc_ht=scontent-yyz1-1.cdninstagram.com&_nc_cat=1&_nc_ohc=9PnZoqP3hyQAX9Wsm2V&edm=ALB854YBAAAA&ccb=7-5&oh=00_AfCG8nymyOJ7DXZ7TDvUpw8oS8GXNRW1GnvN4DenFo_lWQ&oe=653652AA&_nc_sid=ce9561""",false,"""305507138""","""305507138""",1,[],1697707213,false,"""17841401054144773"""
false,"{""is_possible_scammer"": false, ""is_possible_impersonator"": {""is_unconnected_impersonator"": false, ""connected_similar_user_id"": null}, ""is_possible_impersonator_threads"": {""is_unconnected_impersonator"": false, ""connected_similar_user_id"": null}}","""Saint Hoax""",true,"""sainthoax""","""""","""""","""2616406133688914617_801979192""","""801979192""",false,"""https://scontent-yyz1-1.cdninstagram.com/v/t51.2885-19/217424822_603863560583095_4041353153664484223_n.jpg?stp=dst-jpg_s150x150&_nc_ht=scontent-yyz1-1.cdninstagram.com&_nc_cat=1&_nc_ohc=Wuq1ixQDPZAAX8T1NqP&edm=ALB854YBAAAA&ccb=7-5&oh=00_AfAJjpunlzcin38lvF6g2IN4HC8HcXZECL1ATKwCoX4eCQ&oe=6537B2D7&_nc_sid=ce9561""",false,"""801979192""","""801979192""",0,[],0,false,"""17841401775772530"""
false,"{""is_possible_scammer"": false, ""is_possible_impersonator"": {""is_unconnected_impersonator"": false, ""connected_similar_user_id"": null}, ""is_possible_impersonator_threads"": {""is_unconnected_impersonator"": false, ""connected_similar_user_id"": null}}","""KATIE JANE HUGHES""",true,"""katiejanehughes""","""""","""""","""3053645555334935428_14060450""","""14060450""",false,"""https://scontent-yyz1-1.cdninstagram.com/v/t51.2885-19/334410092_5970001606441351_5886821562348924996_n.jpg?stp=dst-jpg_s150x150&_nc_ht=scontent-yyz1-1.cdninstagram.com&_nc_cat=1&_nc_ohc=BNA3v5w-R48AX9eRfzP&edm=ALB854YBAAAA&ccb=7-5&oh=00_AfAzdwQdQI-vGDg3dPLjSq4OmoA9ntcY4LqzBP9JXi9-dQ&oe=6537A763&_nc_sid=ce9561""",false,"""14060450""","""14060450""",1,[],1697776796,false,"""17841401333500219"""
false,"{""is_possible_scammer"": false, ""is_possible_impersonator"": {""is_unconnected_impersonator"": false, ""connected_similar_user_id"": null}, ""is_possible_impersonator_threads"": {""is_unconnected_impersonator"": false, ""connected_similar_user_id"": null}}","""[𝗠𝗘𝗥𝗪𝗔𝗡]""",false,"""whoismero""","""""","""""","""2357653971794939715_21881264693""","""21881264693""",false,"""https://scontent-yyz1-1.cdninstagram.com/v/t51.2885-19/109990031_286485669240958_1344382277851926268_n.jpg?stp=dst-jpg_s150x150&_nc_ht=scontent-yyz1-1.cdninstagram.com&_nc_cat=1&_nc_ohc=KJTt35LcSIMAX86cwbE&edm=ALB854YBAAAA&ccb=7-5&oh=00_AfAPszt67a9-piXXYtfWRnvjrXix9DDiPG5KlyAF5ETMGw&oe=65372045&_nc_sid=ce9561""",false,"""21881264693""","""21881264693""",0,[],0,false,"""17841421860795158"""
false,"{""is_possible_scammer"": false, ""is_possible_impersonator"": {""is_unconnected_impersonator"": false, ""connected_similar_user_id"": null}, ""is_possible_impersonator_threads"": {""is_unconnected_impersonator"": false, ""connected_similar_user_id"": null}}","""Citation & Quote""",false,"""quoteandcitation""","""""","""""","""1855776778175863576_8499949212""","""8499949212""",false,"""https://scontent-yyz1-1.cdninstagram.com/v/t51.2885-19/39294370_263876287567975_271796529902125056_n.jpg?stp=dst-jpg_s150x150&_nc_ht=scontent-yyz1-1.cdninstagram.com&_nc_cat=107&_nc_ohc=pdgKB-Ioqj4AX-Xa07-&edm=ALB854YBAAAA&ccb=7-5&oh=00_AfB1X9I675j1ijTFPtvAnTVJwlEWzP6X1lWoghrxJGThSw&oe=65376F37&_nc_sid=ce9561""",false,"""8499949212""","""8499949212""",0,[],0,false,"""17841408556372493"""
false,"{""is_possible_scammer"": false, ""is_possible_impersonator"": {""is_unconnected_impersonator"": false, ""connected_similar_user_id"": null}, ""is_possible_impersonator_threads"": {""is_unconnected_impersonator"": false, ""connected_similar_user_id"": null}}","""🌵 RðZå 🌵""",false,"""skeletor_12""","""""","""""","""2344059709533650397_9541079172""","""9541079172""",true,"""https://scontent-yyz1-1.cdninstagram.com/v/t51.2885-19/106072206_293686591995233_7593277188837414741_n.jpg?stp=dst-jpg_s150x150&_nc_ht=scontent-yyz1-1.cdninstagram.com&_nc_cat=105&_nc_ohc=_qza3_pPttkAX_MEk1f&edm=ALB854YBAAAA&ccb=7-5&oh=00_AfCEEU5ttgx1a4kotwYlGEkdPQKdZ_CFOnNooViOtwG8VQ&oe=65365384&_nc_sid=ce9561""",false,"""9541079172""","""9541079172""",0,[],0,false,"""17841409575182634"""
false,"{""is_possible_scammer"": false, ""is_possible_impersonator"": {""is_unconnected_impersonator"": false, ""connected_similar_user_id"": null}, ""is_possible_impersonator_threads"": {""is_unconnected_impersonator"": false, ""connected_similar_user_id"": null}}","""Amelia Dimoldenberg""",true,"""ameliadimz""","""""","""""","""2921337704634761799_215516840""","""215516840""",false,"""https://scontent-yyz1-1.cdninstagram.com/v/t51.2885-19/305664487_858142725571118_1285524930742456222_n.jpg?stp=dst-jpg_s150x150&_nc_ht=scontent-yyz1-1.cdninstagram.com&_nc_cat=1&_nc_ohc=YgGMI4j7xK4AX_wyBHo&edm=ALB854YBAAAA&ccb=7-5&oh=00_AfDOZH1XHGZ5cvdm59PAQOUkNIVQsOHqw_YCnwegeW3Q-w&oe=65364A7D&_nc_sid=ce9561""",false,"""215516840""","""215516840""",1,[],0,false,"""17841400865203367"""
false,"{""is_possible_scammer"": false, ""is_possible_impersonator"": {""is_unconnected_impersonator"": false, ""connected_similar_user_id"": null}, ""is_possible_impersonator_threads"": {""is_unconnected_impersonator"": false, ""connected_similar_user_id"": null}}","""Coralie Labrecque""",false,"""colabrecque""","""""","""""","""3212212588485572917_210995285""","""210995285""",false,"""https://scontent-yyz1-1.cdninstagram.com/v/t51.2885-19/390952235_663383755772578_3719157848623072396_n.jpg?stp=dst-jpg_s150x150&_nc_ht=scontent-yyz1-1.cdninstagram.com&_nc_cat=110&_nc_ohc=w8eXPCS3sPMAX8XuUs4&edm=ALB854YBAAAA&ccb=7-5&oh=00_AfDXgvWrAFiGkG3VtnZj1pv7NAUfB5-LmBts292RPhb5Wg&oe=65366F20&_nc_sid=ce9561""",false,"""210995285""","""210995285""",0,[],0,false,"""17841401538553296"""
false,"{""is_possible_scammer"": false, ""is_possible_impersonator"": {""is_unconnected_impersonator"": false, ""connected_similar_user_id"": null}, ""is_possible_impersonator_threads"": {""is_unconnected_impersonator"": false, ""connected_similar_user_id"": null}}","""KIKI ✄""",false,"""kiki.m.langlois""","""""","""""","""3057249970356701337_997233333""","""997233333""",false,"""https://scontent-yyz1-1.cdninstagram.com/v/t51.2885-19/335921300_755650089409321_1753824689358565179_n.jpg?stp=dst-jpg_s150x150&_nc_ht=scontent-yyz1-1.cdninstagram.com&_nc_cat=101&_nc_ohc=Ox5WWmLO9LwAX-ZiZdK&edm=ALB854YBAAAA&ccb=7-5&oh=00_AfDbC4cSDLEX8cjDVlv8gVQ-R5dqLyxjCNmr7mB1ozSHsw&oe=65363FD9&_nc_sid=ce9561""",false,"""997233333""","""997233333""",1,[],1697734459,false,"""17841401480005581"""
false,"{""is_possible_scammer"": false, ""is_possible_impersonator"": {""is_unconnected_impersonator"": false, ""connected_similar_user_id"": null}, ""is_possible_impersonator_threads"": {""is_unconnected_impersonator"": false, ""connected_similar_user_id"": null}}","""United Nations Human Rights""",true,"""unitednationshumanrights""","""""","""""","""2038633404693975493_2205892207""","""2205892207""",false,"""https://scontent-yyz1-1.cdninstagram.com/v/t51.2885-19/58647283_906497853030371_9081077502595563520_n.jpg?stp=dst-jpg_s150x150&_nc_ht=scontent-yyz1-1.cdninstagram.com&_nc_cat=111&_nc_ohc=_oC9kAUQZqwAX9vdoeG&edm=ALB854YBAAAA&ccb=7-5&oh=00_AfCncRG1e3DO1iARrc5JIN0LqKSauWMoEtFB_HLcecBKbA&oe=65369268&_nc_sid=ce9561""",false,"""2205892207""","""2205892207""",0,[],0,false,"""17841402286215736"""
false,"{""is_possible_scammer"": false, ""is_possible_impersonator"": {""is_unconnected_impersonator"": false, ""connected_similar_user_id"": null}, ""is_possible_impersonator_threads"": {""is_unconnected_impersonator"": false, ""connected_similar_user_id"": null}}","""London goheen""",true,"""londonshaygoheen""","""""","""""","""3166739862362839475_184272252""","""184272252""",false,"""https://scontent-yyz1-1.cdninstagram.com/v/t51.2885-19/366514705_1761140907654734_4671130158615852107_n.jpg?stp=dst-jpg_s150x150&_nc_ht=scontent-yyz1-1.cdninstagram.com&_nc_cat=102&_nc_ohc=-VNRLapzsTwAX91Llsd&edm=ALB854YBAAAA&ccb=7-5&oh=00_AfBv1SAsh-iHA5A0EsbcJ5dEJGnmtmSOfV7NoiZXUwhmdw&oe=653767CE&_nc_sid=ce9561""",false,"""184272252""","""184272252""",0,[],1697731866,false,"""17841400487562879"""
false,"{""is_possible_scammer"": false, ""is_possible_impersonator"": {""is_unconnected_impersonator"": false, ""connected_similar_user_id"": null}, ""is_possible_impersonator_threads"": {""is_unconnected_impersonator"": false, ""connected_similar_user_id"": null}}","""•Elizabeth Couture•""",false,"""eli_couture""","""""","""""","""3150792733551698794_390369466""","""390369466""",false,"""https://scontent-yyz1-1.cdninstagram.com/v/t51.2885-19/361608251_137023982760747_2197093691642168718_n.jpg?stp=dst-jpg_s150x150&_nc_ht=scontent-yyz1-1.cdninstagram.com&_nc_cat=103&_nc_ohc=eOrNIWwuh08AX8i1UQ4&edm=ALB854YBAAAA&ccb=7-5&oh=00_AfAaucW0eQyLkMndFQUv9q1w1kaVyO8sG3VGV8IiVuIkLw&oe=653735BA&_nc_sid=ce9561""",false,"""390369466""","""390369466""",1,[],1697753447,false,"""17841401003986099"""
false,"{""is_possible_scammer"": false, ""is_possible_impersonator"": {""is_unconnected_impersonator"": false, ""connected_similar_user_id"": null}, ""is_possible_impersonator_threads"": {""is_unconnected_impersonator"": false, ""connected_similar_user_id"": null}}","""kim dussault""",false,"""kimdussault""","""""","""""","""3147532094842395499_391654424""","""391654424""",false,"""https://scontent-yyz1-1.cdninstagram.com/v/t51.2885-19/360037007_1588325655026370_3647066529844791361_n.jpg?stp=dst-jpg_s150x150&_nc_ht=scontent-yyz1-1.cdninstagram.com&_nc_cat=106&_nc_ohc=UaTjxHzp-T8AX9BlyHw&edm=ALB854YBAAAA&ccb=7-5&oh=00_AfBYMh_9E4PW2A1zAObPYaC1NpiRJUzM2goXESaFmD6Ygw&oe=6536D452&_nc_sid=ce9561""",false,"""391654424""","""391654424""",0,[],0,false,"""17841401152726119"""
false,"{""is_possible_scammer"": false, ""is_possible_impersonator"": {""is_unconnected_impersonator"": false, ""connected_similar_user_id"": null}, ""is_possible_impersonator_threads"": {""is_unconnected_impersonator"": false, ""connected_similar_user_id"": null}}","""Halla Madol""",true,"""hallamadolofficial_""","""""","""""","""3194342711296304105_1487985490""","""1487985490""",false,"""https://scontent-yyz1-1.cdninstagram.com/v/t51.2885-19/378935959_1401014670759723_1607434769153896425_n.jpg?stp=dst-jpg_s150x150&_nc_ht=scontent-yyz1-1.cdninstagram.com&_nc_cat=103&_nc_ohc=QtksegT8BOUAX_G6xag&edm=ALB854YBAAAA&ccb=7-5&oh=00_AfAf_ChO72Jl0ECqf42jwdsJk0beuAvHfJgVEByrmmk1hg&oe=653672C4&_nc_sid=ce9561""",false,"""1487985490""","""1487985490""",0,[],1697703602,false,"""17841401484723249"""
false,"{""is_possible_scammer"": false, ""is_possible_impersonator"": {""is_unconnected_impersonator"": false, ""connected_similar_user_id"": null}, ""is_possible_impersonator_threads"": {""is_unconnected_impersonator"": false, ""connected_similar_user_id"": null}}","""Olivia Neill""",true,"""olivianeill""","""""","""""","""2990282658194907547_188448056""","""188448056""",false,"""https://scontent-yyz1-1.cdninstagram.com/v/t51.2885-19/318763382_5779444845503509_3343851421111187889_n.jpg?stp=dst-jpg_s150x150&_nc_ht=scontent-yyz1-1.cdninstagram.com&_nc_cat=1&_nc_ohc=9caQk4jqHE4AX9jrJE_&edm=ALB854YBAAAA&ccb=7-5&oh=00_AfCueOc5rMny_OrevWnnEwS9VuyKcXSDDdpQ2D5OG1C5dg&oe=6536238C&_nc_sid=ce9561""",false,"""188448056""","""188448056""",0,[],1697716498,false,"""17841400961682944"""
false,"{""is_possible_scammer"": false, ""is_possible_impersonator"": {""is_unconnected_impersonator"": false, ""connected_similar_user_id"": null}, ""is_possible_impersonator_threads"": {""is_unconnected_impersonator"": false, ""connected_similar_user_id"": null}}","""🍂 🌸 🤍""",false,"""citatioons.__""","""""","""""","""2321329671060848753_3564923939""","""3564923939""",false,"""https://scontent-yyz1-1.cdninstagram.com/v/t51.2885-19/101377942_254212122590407_998957067463032832_n.jpg?stp=dst-jpg_s150x150&_nc_ht=scontent-yyz1-1.cdninstagram.com&_nc_cat=107&_nc_ohc=oR2IJlUnqSkAX8kK17c&edm=ALB854YBAAAA&ccb=7-5&oh=00_AfC2NIdBDqCt_PEYQMWhd069MY4_0QybjN6DLx9D9Wqe_Q&oe=65370B15&_nc_sid=ce9561""",false,"""3564923939""","""3564923939""",0,[],1697743693,false,"""17841403478195615"""
false,"{""is_possible_scammer"": false, ""is_possible_impersonator"": {""is_unconnected_impersonator"": false, ""connected_similar_user_id"": null}, ""is_possible_impersonator_threads"": {""is_unconnected_impersonator"": false, ""connected_similar_user_id"": null}}","""Kelly-Maud Hagenimana""",false,"""kelly_maud""","""""","""""","""3104978676932649111_440221056""","""440221056""",false,"""https://scontent-yyz1-1.cdninstagram.com/v/t51.2885-19/347220456_631339115215360_927235024240294224_n.jpg?stp=dst-jpg_s150x150&_nc_ht=scontent-yyz1-1.cdninstagram.com&_nc_cat=104&_nc_ohc=yGAxz9fo3t0AX-gHs4u&edm=ALB854YBAAAA&ccb=7-5&oh=00_AfDD00rC1hM7wX4FlxRRk8xKuDa631sHhTr0GsKVpTuCbg&oe=6537942F&_nc_sid=ce9561""",false,"""440221056""","""440221056""",0,[],0,false,"""17841400871686878"""
false,"{""is_possible_scammer"": false, ""is_possible_impersonator"": {""is_unconnected_impersonator"": false, ""connected_similar_user_id"": null}, ""is_possible_impersonator_threads"": {""is_unconnected_impersonator"": false, ""connected_similar_user_id"": null}}","""+ 𝕸𝖎𝖈𝖍𝖊𝖑𝖆 𝕱𝖎𝖓𝖔𝖈𝖈𝖍𝖎𝖆𝖗𝖔 +""",false,"""michelafinocchiaro_""","""""","""""","""3216326871305227204_33137457414""","""33137457414""",false,"""https://scontent-yyz1-1.cdninstagram.com/v/t51.2885-19/393289942_199820683143645_6262789983353924599_n.jpg?stp=dst-jpg_s150x150&_nc_ht=scontent-yyz1-1.cdninstagram.com&_nc_cat=109&_nc_ohc=tl3eNjID7s4AX-gxjr7&edm=ALB854YBAAAA&ccb=7-5&oh=00_AfBNS4v8S96tYRZeXWq5pe2nDr8bUOUCNQJYmO43XiVqXA&oe=65374C70&_nc_sid=ce9561""",false,"""33137457414""","""33137457414""",1,[],1697755307,false,"""17841433162422182"""
false,"{""is_possible_scammer"": false, ""is_possible_impersonator"": {""is_unconnected_impersonator"": false, ""connected_similar_user_id"": null}, ""is_possible_impersonator_threads"": {""is_unconnected_impersonator"": false, ""connected_similar_user_id"": null}}","""Rania""",false,"""selfeduni""","""""","""""","""3008511635710190711_45338485199""","""45338485199""",false,"""https://scontent-yyz1-1.cdninstagram.com/v/t51.2885-19/324069066_203085628872562_1743787617077544524_n.jpg?stp=dst-jpg_s150x150&_nc_ht=scontent-yyz1-1.cdninstagram.com&_nc_cat=110&_nc_ohc=EVfidIlyhUIAX-NuLrC&edm=ALB854YBAAAA&ccb=7-5&oh=00_AfBDX-ngbuNSMPAKWH93_WrtvvI8HUpoc4BqxKZoM2JzuA&oe=6537049F&_nc_sid=ce9561""",false,"""45338485199""","""45338485199""",1,[],1697752514,false,"""17841445275997310"""
false,"{""is_possible_scammer"": false, ""is_possible_impersonator"": {""is_unconnected_impersonator"": false, ""connected_similar_user_id"": null}, ""is_possible_impersonator_threads"": {""is_unconnected_impersonator"": false, ""connected_similar_user_id"": null}}","""Blair Imani Ali ✨""",true,"""blairimani""","""""","""""","""3208747536134038857_35542507""","""35542507""",false,"""https://scontent-yyz1-1.cdninstagram.com/v/t51.2885-19/386698292_682725767136388_1005711073253398322_n.jpg?stp=dst-jpg_s150x150&_nc_ht=scontent-yyz1-1.cdninstagram.com&_nc_cat=1&_nc_ohc=e1G-zAiwv04AX_B0m_g&edm=ALB854YBAAAA&ccb=7-5&oh=00_AfAAKHJHmYTwzowCUgxd3j7_IN51B1Yord2pjABWSoTLqw&oe=653762AF&_nc_sid=ce9561""",false,"""35542507""","""35542507""",1,[],1697762179,false,"""17841400675210555"""
false,"{""is_possible_scammer"": false, ""is_possible_impersonator"": {""is_unconnected_impersonator"": false, ""connected_similar_user_id"": null}, ""is_possible_impersonator_threads"": {""is_unconnected_impersonator"": false, ""connected_similar_user_id"": null}}","""Beige_la""",false,"""beige.la""","""""","""""","""3049293375492456020_47439375357""","""47439375357""",false,"""https://scontent-yyz1-1.cdninstagram.com/v/t51.2885-19/334290032_218385457347573_7314000525950086770_n.jpg?stp=dst-jpg_s150x150&_nc_ht=scontent-yyz1-1.cdninstagram.com&_nc_cat=109&_nc_ohc=n7zRphO240AAX8RxZuy&edm=ALB854YBAAAA&ccb=7-5&oh=00_AfCWFSRZ2Pm_LqsQTCuY1w_Yb7FQDp1zwOzD4rWPRMxN9A&oe=653701BE&_nc_sid=ce9561""",false,"""47439375357""","""47439375357""",1,[],0,false,"""17841447500729921"""
false,"{""is_possible_scammer"": false, ""is_possible_impersonator"": {""is_unconnected_impersonator"": false, ""connected_similar_user_id"": null}, ""is_possible_impersonator_threads"": {""is_unconnected_impersonator"": false, ""connected_similar_user_id"": null}}","""COIFFURE BLUNT""",false,"""bluntmtl""","""""","""""","""3062865877174397233_3001835372""","""3001835372""",false,"""https://scontent-yyz1-1.cdninstagram.com/v/t51.2885-19/336459185_2118410895018797_4070593079961743842_n.jpg?stp=dst-jpg_s150x150&_nc_ht=scontent-yyz1-1.cdninstagram.com&_nc_cat=105&_nc_ohc=DO4V5XMU-EAAX_zNmSi&edm=ALB854YBAAAA&ccb=7-5&oh=00_AfAL3d38wIpdhuUqiNmSsAWLhLfzOyD7f5a4UwvzQr_lbA&oe=65369F45&_nc_sid=ce9561""",false,"""3001835372""","""3001835372""",0,[],1697756211,false,"""17841402981175229"""
false,"{""is_possible_scammer"": false, ""is_possible_impersonator"": {""is_unconnected_impersonator"": false, ""connected_similar_user_id"": null}, ""is_possible_impersonator_threads"": {""is_unconnected_impersonator"": false, ""connected_similar_user_id"": null}}","""Delphine""",false,"""delphinebrochu""","""""","""""","""3119869564645032318_493421578""","""493421578""",true,"""https://scontent-yyz1-1.cdninstagram.com/v/t51.2885-19/352285838_2490099374492733_5790726740735738903_n.jpg?stp=dst-jpg_s150x150&_nc_ht=scontent-yyz1-1.cdninstagram.com&_nc_cat=109&_nc_ohc=GaCeRy6cMp4AX9fh_7G&edm=ALB854YBAAAA&ccb=7-5&oh=00_AfDrsDY5b39LuP_euxerDWutPlmsZ2co2rI7wsLmBdwNig&oe=653769F1&_nc_sid=ce9561""",false,"""493421578""","""493421578""",0,[],0,false,"""17841401367347709"""
false,"{""is_possible_scammer"": false, ""is_possible_impersonator"": {""is_unconnected_impersonator"": false, ""connected_similar_user_id"": null}, ""is_possible_impersonator_threads"": {""is_unconnected_impersonator"": false, ""connected_similar_user_id"": null}}","""CASSIA TIERNEY CLARKE | ONLINE COACH""",true,"""cassiatierney""","""""","""""","""2922570559327028352_50242802""","""50242802""",false,"""https://scontent-yyz1-1.cdninstagram.com/v/t51.2885-19/305210584_469276178437214_3735819327570561756_n.jpg?stp=dst-jpg_s150x150&_nc_ht=scontent-yyz1-1.cdninstagram.com&_nc_cat=1&_nc_ohc=T80GTGpyUQoAX8iaxGf&edm=ALB854YBAAAA&ccb=7-5&oh=00_AfAHTzaXXRV2gG1mJ-UXFGpaVFlgpelac-dsMQ1jW-bOkA&oe=653791B6&_nc_sid=ce9561""",false,"""50242802""","""50242802""",0,[],1697743799,false,"""17841400084060785"""
true,"{""is_possible_scammer"": false, ""is_possible_impersonator"": {""is_unconnected_impersonator"": false, ""connected_similar_user_id"": null}, ""is_possible_impersonator_threads"": {""is_unconnected_impersonator"": false, ""connected_similar_user_id"": null}}","""salma 🇲🇦|🇨🇦""",false,"""salma.ahn1""","""""","""""","""""","""11102712490""",true,"""https://instagram.ftrc1-1.fna.fbcdn.net/v/t51.2885-19/44884218_345707102882519_2446069589734326272_n.jpg?_nc_ht=instagram.ftrc1-1.fna.fbcdn.net&_nc_cat=1&_nc_ohc=RL4se8fak_MAX9hvJB2&edm=ANct6CgBAAAA&ccb=7-5&ig_cache_key=YW5vbnltb3VzX3Byb2ZpbGVfcGlj.2-ccb7-5&oh=00_AfAQJ3fXomZ_27k_2Ib_HDBxuTYvkSgsMWirKrwNdinDeA&oe=6537D14F&_nc_sid=e9e035""",false,"""11102712490""","""11102712490""",0,[],0,false,"""17841411054707839"""
false,"{""is_possible_scammer"": false, ""is_possible_impersonator"": {""is_unconnected_impersonator"": false, ""connected_similar_user_id"": null}, ""is_possible_impersonator_threads"": {""is_unconnected_impersonator"": false, ""connected_similar_user_id"": null}}","""Johan Papz""",true,"""johanpapz""","""""","""""","""3151263988720710321_23050669""","""23050669""",false,"""https://scontent-yyz1-1.cdninstagram.com/v/t51.2885-19/361737379_1622062711652928_3923480534953582331_n.jpg?stp=dst-jpg_s150x150&_nc_ht=scontent-yyz1-1.cdninstagram.com&_nc_cat=100&_nc_ohc=BSAREKVD2bUAX-wQ5GC&edm=ALB854YBAAAA&ccb=7-5&oh=00_AfBSAgX4Z4p-KILefsg185-TgbF7d49FJwL5FqlN0WAQdw&oe=6537744B&_nc_sid=ce9561""",false,"""23050669""","""23050669""",0,[],0,false,"""17841400320070360"""
false,"{""is_possible_scammer"": false, ""is_possible_impersonator"": {""is_unconnected_impersonator"": false, ""connected_similar_user_id"": null}, ""is_possible_impersonator_threads"": {""is_unconnected_impersonator"": false, ""connected_similar_user_id"": null}}","""Chloe Lecareux 💙""",false,"""chloelecareux""","""""","""""","""1388013845100759956_26692491""","""26692491""",false,"""https://scontent-yyz1-1.cdninstagram.com/v/t51.2885-19/15057193_1210871258981483_1545187284431667200_a.jpg?stp=dst-jpg_s150x150&_nc_ht=scontent-yyz1-1.cdninstagram.com&_nc_cat=111&_nc_ohc=09cQ3lDpPXEAX92UP9F&edm=ALB854YBAAAA&ccb=7-5&oh=00_AfBWIHNvSbduZY9XslnWcNfsjAuF91v0xsjDYAufD_8YPg&oe=6536F122&_nc_sid=ce9561""",false,"""26692491""","""26692491""",1,[],1697744956,false,"""17841400134730417"""
false,"{""is_possible_scammer"": false, ""is_possible_impersonator"": {""is_unconnected_impersonator"": false, ""connected_similar_user_id"": null}, ""is_possible_impersonator_threads"": {""is_unconnected_impersonator"": false, ""connected_similar_user_id"": null}}","""SOFIA-ROSE""",false,"""sofiarose_berard""","""""","""""","""3205418225554207190_8152364132""","""8152364132""",false,"""https://scontent-yyz1-1.cdninstagram.com/v/t51.2885-19/385792465_1053202439353936_3593098996127204256_n.jpg?stp=dst-jpg_s150x150&_nc_ht=scontent-yyz1-1.cdninstagram.com&_nc_cat=104&_nc_ohc=QlOGdIORsP0AX8NWzle&edm=ALB854YBAAAA&ccb=7-5&oh=00_AfAc1AERZFpOjWhPwXi5N5UBo5-PxlBRQ0JaO1Bu2lMYsg&oe=65361B14&_nc_sid=ce9561""",false,"""8152364132""","""8152364132""",0,[],0,false,"""17841408043989045"""
false,"{""is_possible_scammer"": false, ""is_possible_impersonator"": {""is_unconnected_impersonator"": false, ""connected_similar_user_id"": null}, ""is_possible_impersonator_threads"": {""is_unconnected_impersonator"": false, ""connected_similar_user_id"": null}}","""Safia Nolin""",true,"""safianolin""","""""","""""","""3196029305837569413_4784341""","""4784341""",false,"""https://scontent-yyz1-1.cdninstagram.com/v/t51.2885-19/380908883_216700541427484_9097670913120256911_n.jpg?stp=dst-jpg_s150x150&_nc_ht=scontent-yyz1-1.cdninstagram.com&_nc_cat=104&_nc_ohc=qOD_wy68MZcAX8hcX1_&edm=ALB854YBAAAA&ccb=7-5&oh=00_AfDP5BPeaKlcKMxxGH8xq0bJ2zgd8G3EElBW2T2HcV2_IQ&oe=653635BF&_nc_sid=ce9561""",false,"""4784341""","""4784341""",1,[],1697736904,false,"""17841401450230074"""
false,"{""is_possible_scammer"": false, ""is_possible_impersonator"": {""is_unconnected_impersonator"": false, ""connected_similar_user_id"": null}, ""is_possible_impersonator_threads"": {""is_unconnected_impersonator"": false, ""connected_similar_user_id"": null}}","""Juliette Breton""",false,"""_jubreton""","""""","""""","""3154227836550274108_576760378""","""576760378""",false,"""https://scontent-yyz1-1.cdninstagram.com/v/t51.2885-19/362634155_957934575429679_7744497137042023296_n.jpg?stp=dst-jpg_s150x150&_nc_ht=scontent-yyz1-1.cdninstagram.com&_nc_cat=107&_nc_ohc=6yJjm7EhulAAX8CYP5p&edm=ALB854YBAAAA&ccb=7-5&oh=00_AfDjsiNJQggiGTf7kWxxKJ_XmdOTG4WVR6DU8u1D-Dg8nQ&oe=6536B3EA&_nc_sid=ce9561""",false,"""576760378""","""576760378""",0,[],0,false,"""17841401691349011"""
false,"{""is_possible_scammer"": false, ""is_possible_impersonator"": {""is_unconnected_impersonator"": false, ""connected_similar_user_id"": null}, ""is_possible_impersonator_threads"": {""is_unconnected_impersonator"": false, ""connected_similar_user_id"": null}}","""Néva""",false,"""nevadowntown""","""""","""""","""3155540509736828951_446279650""","""446279650""",false,"""https://scontent-yyz1-1.cdninstagram.com/v/t51.2885-19/363267545_1684589371965407_6939622114328783349_n.jpg?stp=dst-jpg_s150x150&_nc_ht=scontent-yyz1-1.cdninstagram.com&_nc_cat=111&_nc_ohc=p2JYPl95nM8AX_dZXeR&edm=ALB854YBAAAA&ccb=7-5&oh=00_AfC7yBuLa_odQXxEIMVtfZMhT_N92_47GYYSBg27WdycLA&oe=6536C3FC&_nc_sid=ce9561""",false,"""446279650""","""446279650""",0,[],0,false,"""17841400229506973"""
false,"{""is_possible_scammer"": false, ""is_possible_impersonator"": {""is_unconnected_impersonator"": false, ""connected_similar_user_id"": null}, ""is_possible_impersonator_threads"": {""is_unconnected_impersonator"": false, ""connected_similar_user_id"": null}}","""Henry J Charris""",false,"""h.j_chamis""","""""","""""","""3082973053814612319_387324549""","""387324549""",false,"""https://scontent-yyz1-1.cdninstagram.com/v/t51.2885-19/341776444_705433501586154_6079367735923266255_n.jpg?stp=dst-jpg_s150x150&_nc_ht=scontent-yyz1-1.cdninstagram.com&_nc_cat=106&_nc_ohc=F1iuMXlJySMAX8syTte&edm=ALB854YBAAAA&ccb=7-5&oh=00_AfCUfpFoegjs0ZhrPw56SGJfvsOhcmh-a1K2dp-k33FS2Q&oe=65371991&_nc_sid=ce9561""",false,"""387324549""","""387324549""",0,[],0,false,"""17841401816476051"""
false,"{""is_possible_scammer"": false, ""is_possible_impersonator"": {""is_unconnected_impersonator"": false, ""connected_similar_user_id"": null}, ""is_possible_impersonator_threads"": {""is_unconnected_impersonator"": false, ""connected_similar_user_id"": null}}","""Sara Jade""",false,"""sarajade.at""","""""","""""","""3198644452394012324_517788637""","""517788637""",false,"""https://scontent-yyz1-1.cdninstagram.com/v/t51.2885-19/382580403_245614844671667_3543207646932957688_n.jpg?stp=dst-jpg_s150x150&_nc_ht=scontent-yyz1-1.cdninstagram.com&_nc_cat=111&_nc_ohc=2iFNFQ4o45QAX9RhyJf&edm=ALB854YBAAAA&ccb=7-5&oh=00_AfBg6KH2mo4HMsI1tovySiyx0EiliFma8pV9BoRRnQ2_LA&oe=6536C779&_nc_sid=ce9561""",false,"""517788637""","""517788637""",0,[],1697714236,false,"""17841400859118090"""
false,"{""is_possible_scammer"": false, ""is_possible_impersonator"": {""is_unconnected_impersonator"": false, ""connected_similar_user_id"": null}, ""is_possible_impersonator_threads"": {""is_unconnected_impersonator"": false, ""connected_similar_user_id"": null}}","""Becki Owens""",true,"""beckiowens""","""""","""""","""2984757544719189362_45756303""","""45756303""",false,"""https://scontent-yyz1-1.cdninstagram.com/v/t51.2885-19/318096723_694195092277071_1217151151299512611_n.jpg?stp=dst-jpg_s150x150&_nc_ht=scontent-yyz1-1.cdninstagram.com&_nc_cat=1&_nc_ohc=5IvcuYo--_UAX_dQpry&edm=ALB854YBAAAA&ccb=7-5&oh=00_AfDKEbKV6JJUWP7mR7E1qKa5dM76uGxOmuYGyZe1YnSfcQ&oe=65369083&_nc_sid=ce9561""",false,"""45756303""","""45756303""",1,[],1697771888,false,"""17841401809090714"""
false,"{""is_possible_scammer"": false, ""is_possible_impersonator"": {""is_unconnected_impersonator"": false, ""connected_similar_user_id"": null}, ""is_possible_impersonator_threads"": {""is_unconnected_impersonator"": false, ""connected_similar_user_id"": null}}","""Olivia Elliott""",true,"""livi_fe""","""""","""""","""2996823632181989045_351437497""","""351437497""",false,"""https://scontent-yyz1-1.cdninstagram.com/v/t51.2885-19/320792474_713774657019725_4465921573555088924_n.jpg?stp=dst-jpg_s150x150&_nc_ht=scontent-yyz1-1.cdninstagram.com&_nc_cat=105&_nc_ohc=h0LFCX6SAgsAX9dcRmA&edm=ALB854YBAAAA&ccb=7-5&oh=00_AfDLpqY549RDagdSlOYuqQ1YAJKH0aDagPNZrWjxDwsx3A&oe=65370D93&_nc_sid=ce9561""",false,"""351437497""","""351437497""",1,[],0,false,"""17841400404915491"""
false,"{""is_possible_scammer"": false, ""is_possible_impersonator"": {""is_unconnected_impersonator"": false, ""connected_similar_user_id"": null}, ""is_possible_impersonator_threads"": {""is_unconnected_impersonator"": false, ""connected_similar_user_id"": null}}","""Benito Skinner""",true,"""bennydrama7""","""""","""""","""2692500213128333120_175494570""","""175494570""",false,"""https://scontent-yyz1-1.cdninstagram.com/v/t51.2885-19/249305561_906884293599221_5922063319043156564_n.jpg?stp=dst-jpg_s150x150&_nc_ht=scontent-yyz1-1.cdninstagram.com&_nc_cat=1&_nc_ohc=LJg5vG1n85YAX95EGX3&edm=ALB854YBAAAA&ccb=7-5&oh=00_AfBWwt90MT_BbgtjWaIEaXpSEjRsexJUnMfR1sX6zyWaJw&oe=6537E45F&_nc_sid=ce9561""",false,"""175494570""","""175494570""",1,[],0,false,"""17841400197102742"""
false,"{""is_possible_scammer"": false, ""is_possible_impersonator"": {""is_unconnected_impersonator"": false, ""connected_similar_user_id"": null}, ""is_possible_impersonator_threads"": {""is_unconnected_impersonator"": false, ""connected_similar_user_id"": null}}","""LUCKY LOVE""",true,"""thisisluckylove""","""""","""""","""3062807199575673611_441311149""","""441311149""",false,"""https://scontent-yyz1-1.cdninstagram.com/v/t51.2885-19/336304793_6546815715346457_7689639632435672527_n.jpg?stp=dst-jpg_s150x150&_nc_ht=scontent-yyz1-1.cdninstagram.com&_nc_cat=1&_nc_ohc=Kv0SLb8gwi0AX9CWzTh&edm=ALB854YBAAAA&ccb=7-5&oh=00_AfBvwx5jghnOTaysTtW06GZMlJF9d0F9nimCRFLWvoFBUw&oe=6537BC46&_nc_sid=ce9561""",false,"""441311149""","""441311149""",0,[],0,false,"""17841400934476895"""
false,"{""is_possible_scammer"": false, ""is_possible_impersonator"": {""is_unconnected_impersonator"": false, ""connected_similar_user_id"": null}, ""is_possible_impersonator_threads"": {""is_unconnected_impersonator"": false, ""connected_similar_user_id"": null}}","""Get Styled with Sophie""",false,"""getstyledwithsophie""","""""","""""","""3202705246479697460_47569182073""","""47569182073""",false,"""https://scontent-yyz1-1.cdninstagram.com/v/t51.2885-19/383831788_1038652693992049_5677854274390007702_n.jpg?stp=dst-jpg_s150x150&_nc_ht=scontent-yyz1-1.cdninstagram.com&_nc_cat=101&_nc_ohc=w4IuaejKOH4AX-f3QOi&edm=ALB854YBAAAA&ccb=7-5&oh=00_AfB0sJIHjE5zwhNNs_8iJ3OmXIxpThtko74uGLtQGJnqkg&oe=6536EAF1&_nc_sid=ce9561""",false,"""47569182073""","""47569182073""",0,[],0,false,"""17841447702196147"""
false,"{""is_possible_scammer"": false, ""is_possible_impersonator"": {""is_unconnected_impersonator"": false, ""connected_similar_user_id"": null}, ""is_possible_impersonator_threads"": {""is_unconnected_impersonator"": false, ""connected_similar_user_id"": null}}","""Anne Hathaway""",true,"""annehathaway""","""""","""""","""2046561272460671817_1470296487""","""1470296487""",false,"""https://scontent-yyz1-1.cdninstagram.com/v/t51.2885-19/58978642_2597621256939125_6884094442408509440_n.jpg?stp=dst-jpg_s150x150&_nc_ht=scontent-yyz1-1.cdninstagram.com&_nc_cat=1&_nc_ohc=6F9HMOlcoSYAX8TlpLb&edm=ALB854YBAAAA&ccb=7-5&oh=00_AfAZF_YUf-Dhj8tj0JPJsZ7vigH18B05fJRp9ZvFnIqWCQ&oe=65373CA0&_nc_sid=ce9561""",false,"""1470296487""","""1470296487""",0,[],0,false,"""17841400734632973"""
false,"{""is_possible_scammer"": false, ""is_possible_impersonator"": {""is_unconnected_impersonator"": false, ""connected_similar_user_id"": null}, ""is_possible_impersonator_threads"": {""is_unconnected_impersonator"": false, ""connected_similar_user_id"": null}}","""Virgo AF ♍️ Community & Memes 💖| ONLY PAGE""",false,"""virgoaf_""","""""","""""","""2884387358461527514_8338682880""","""8338682880""",false,"""https://scontent-yyz1-1.cdninstagram.com/v/t51.2885-19/293707369_1208251703305787_4169123344891070831_n.jpg?stp=dst-jpg_s150x150&_nc_ht=scontent-yyz1-1.cdninstagram.com&_nc_cat=111&_nc_ohc=P-pdwJbJj0QAX8sMT8G&edm=ALB854YBAAAA&ccb=7-5&oh=00_AfCd5QcsX368wkfrJbdDv9xFmeQXx9IaNfE_RyiWvAiRBA&oe=65362F7A&_nc_sid=ce9561""",false,"""8338682880""","""8338682880""",1,[],0,false,"""17841408246422335"""
false,"{""is_possible_scammer"": false, ""is_possible_impersonator"": {""is_unconnected_impersonator"": false, ""connected_similar_user_id"": null}, ""is_possible_impersonator_threads"": {""is_unconnected_impersonator"": false, ""connected_similar_user_id"": null}}","""Fuckology""",false,"""fuckologyofficial""","""""","""""","""3181951763615129139_2008909862""","""2008909862""",false,"""https://scontent-yyz1-1.cdninstagram.com/v/t51.2885-19/372547184_990514335490648_7017621858257072290_n.jpg?stp=dst-jpg_s150x150&_nc_ht=scontent-yyz1-1.cdninstagram.com&_nc_cat=1&_nc_ohc=n2bIou1xdkcAX9kVThg&edm=ALB854YBAAAA&ccb=7-5&oh=00_AfD2FkxvFlPBuZotkYh3a7FHJs9zal9IhE1p1n5TyS0GyQ&oe=6537EC9C&_nc_sid=ce9561""",false,"""2008909862""","""2008909862""",0,[],0,false,"""17841402095871113"""
false,"{""is_possible_scammer"": false, ""is_possible_impersonator"": {""is_unconnected_impersonator"": false, ""connected_similar_user_id"": null}, ""is_possible_impersonator_threads"": {""is_unconnected_impersonator"": false, ""connected_similar_user_id"": null}}","""Audrika Hainault""",false,"""audrika_23""","""""","""""","""3206215916752221458_790817406""","""790817406""",false,"""https://scontent-yyz1-1.cdninstagram.com/v/t51.2885-19/385321322_720301049911550_4602098134865276419_n.jpg?stp=dst-jpg_s150x150&_nc_ht=scontent-yyz1-1.cdninstagram.com&_nc_cat=102&_nc_ohc=ebXrutAT8KoAX-wAlqN&edm=ALB854YBAAAA&ccb=7-5&oh=00_AfCioag9J5Tni7CUjGQUY4y74-3Ph-9HT5u2yMEMJRTN-w&oe=65376D4B&_nc_sid=ce9561""",false,"""790817406""","""790817406""",0,[],0,false,"""17841401002192356"""
false,"{""is_possible_scammer"": false, ""is_possible_impersonator"": {""is_unconnected_impersonator"": false, ""connected_similar_user_id"": null}, ""is_possible_impersonator_threads"": {""is_unconnected_impersonator"": false, ""connected_similar_user_id"": null}}","""Zippora Seven""",true,"""zippyseven""","""""","""""","""1487439295454431971_5035628""","""5035628""",false,"""https://scontent-yyz1-1.cdninstagram.com/v/t51.2885-19/17437680_1265932176861689_2333050484572553216_a.jpg?stp=dst-jpg_s150x150&_nc_ht=scontent-yyz1-1.cdninstagram.com&_nc_cat=105&_nc_ohc=-v6VYtcpLK8AX_WSzdi&edm=ALB854YBAAAA&ccb=7-5&oh=00_AfCvtu1LglmH2CqruhqnthvzBve0sNES6_Y_I-ijAh66KQ&oe=65375BB0&_nc_sid=ce9561""",false,"""5035628""","""5035628""",1,[],0,false,"""17841401308840078"""
false,"{""is_possible_scammer"": false, ""is_possible_impersonator"": {""is_unconnected_impersonator"": false, ""connected_similar_user_id"": null}, ""is_possible_impersonator_threads"": {""is_unconnected_impersonator"": false, ""connected_similar_user_id"": null}}","""Atlas Kinder - Dar Bouidar""",false,"""atlas_kinder""","""""","""""","""2682885974629002302_10955949043""","""10955949043""",false,"""https://scontent-yyz1-1.cdninstagram.com/v/t51.2885-19/245337815_614712523222735_2555464710906833182_n.jpg?stp=dst-jpg_s150x150&_nc_ht=scontent-yyz1-1.cdninstagram.com&_nc_cat=107&_nc_ohc=wF5Q4QTtjtkAX8nW_hY&edm=ALB854YBAAAA&ccb=7-5&oh=00_AfDtP8lgazNFnaQfM4Rf_Rw9-TAGX3MI7HNuTAz1DxpYCQ&oe=653608B8&_nc_sid=ce9561""",false,"""10955949043""","""10955949043""",1,[],0,false,"""17841410951309493"""
false,"{""is_possible_scammer"": false, ""is_possible_impersonator"": {""is_unconnected_impersonator"": false, ""connected_similar_user_id"": null}, ""is_possible_impersonator_threads"": {""is_unconnected_impersonator"": false, ""connected_similar_user_id"": null}}","""Ghost""",false,"""kolinx_1""","""""","""""","""3147975127060725177_3042456708""","""3042456708""",false,"""https://scontent-yyz1-1.cdninstagram.com/v/t51.2885-19/360037822_1247102279308789_708730785874400644_n.jpg?stp=dst-jpg_s150x150&_nc_ht=scontent-yyz1-1.cdninstagram.com&_nc_cat=101&_nc_ohc=_RL4T2DUmXIAX8ppPNY&edm=ALB854YBAAAA&ccb=7-5&oh=00_AfBFc-M4LlwkhTUI31PabZozhSEr6sjcdwPAuLN2wC1clQ&oe=65376644&_nc_sid=ce9561""",false,"""3042456708""","""3042456708""",0,[],0,false,"""17841402901260307"""
false,"{""is_possible_scammer"": false, ""is_possible_impersonator"": {""is_unconnected_impersonator"": false, ""connected_similar_user_id"": null}, ""is_possible_impersonator_threads"": {""is_unconnected_impersonator"": false, ""connected_similar_user_id"": null}}","""Rosalie Lafond""",false,"""rosalie_lafond""","""""","""""","""3056320465119808224_1162772996""","""1162772996""",false,"""https://scontent-yyz1-1.cdninstagram.com/v/t51.2885-19/332297684_127103973641706_7294525246928948523_n.jpg?stp=dst-jpg_s150x150&_nc_ht=scontent-yyz1-1.cdninstagram.com&_nc_cat=106&_nc_ohc=8lFTvciETzUAX_W8Ycc&edm=ALB854YBAAAA&ccb=7-5&oh=00_AfDnptq3SYBRvC3pUVg4EbqjIo7hDFVmCzEW0H83t_a_XQ&oe=65372349&_nc_sid=ce9561""",false,"""1162772996""","""1162772996""",0,[],0,false,"""17841400629898168"""
false,"{""is_possible_scammer"": false, ""is_possible_impersonator"": {""is_unconnected_impersonator"": false, ""connected_similar_user_id"": null}, ""is_possible_impersonator_threads"": {""is_unconnected_impersonator"": false, ""connected_similar_user_id"": null}}","""VELVETRUM 💜""",false,"""lucasdorable""","""2023-10-20 00:45:24""","""653205ea340941a2eb79f34f""","""2717820198352633546_1477596267""","""1477596267""",false,"""https://scontent-yyz1-1.cdninstagram.com/v/t51.2885-19/261945055_318808783164890_2310056612861552180_n.jpg?stp=dst-jpg_s150x150&_nc_ht=scontent-yyz1-1.cdninstagram.com&_nc_cat=102&_nc_ohc=-9UcWs7iUFEAX_mseH_&edm=ALB854YBAAAA&ccb=7-5&oh=00_AfDbAmeAhxhDCkJjoKeoacFeBe0wTsR8N_mYjY7qCA52yA&oe=6535FEAC&_nc_sid=ce9561""",false,"""1477596267""","""1477596267""",1,[],0,false,"""17841400848033087"""
false,"{""is_possible_scammer"": false, ""is_possible_impersonator"": {""is_unconnected_impersonator"": false, ""connected_similar_user_id"": null}, ""is_possible_impersonator_threads"": {""is_unconnected_impersonator"": false, ""connected_similar_user_id"": null}}","""Modern Spirituality by Jenny Fink 🪶""",false,"""sistersastro""","""""","""""","""2940926201844131564_19361956056""","""19361956056""",false,"""https://scontent-yyz1-1.cdninstagram.com/v/t51.2885-19/310655504_1229670047605940_6438318745330622718_n.jpg?stp=dst-jpg_s150x150&_nc_ht=scontent-yyz1-1.cdninstagram.com&_nc_cat=108&_nc_ohc=_pg6thOjFpoAX_tJfgm&edm=ALB854YBAAAA&ccb=7-5&oh=00_AfBitlSFFCL38TL_0PKjrmwHH1_XLgoN5QYPdAlZ1Z80nw&oe=6537AF94&_nc_sid=ce9561""",false,"""19361956056""","""19361956056""",0,[],0,false,"""17841419321700244"""
false,"{""is_possible_scammer"": false, ""is_possible_impersonator"": {""is_unconnected_impersonator"": false, ""connected_similar_user_id"": null}, ""is_possible_impersonator_threads"": {""is_unconnected_impersonator"": false, ""connected_similar_user_id"": null}}","""Paige Lorenze""",true,"""paigelorenze""","""""","""""","""3201366914630603345_23488425""","""23488425""",false,"""https://scontent-yyz1-1.cdninstagram.com/v/t51.2885-19/383684904_838452751210804_5289690048628579876_n.jpg?stp=dst-jpg_s150x150&_nc_ht=scontent-yyz1-1.cdninstagram.com&_nc_cat=1&_nc_ohc=F0wpndrVmPMAX8ABXq8&edm=ALB854YBAAAA&ccb=7-5&oh=00_AfCJ4Tx0R3JcLt5yOeqXy9__bI4OF48-lRCm-oxJd3OY1w&oe=65365E36&_nc_sid=ce9561""",false,"""23488425""","""23488425""",1,[],0,false,"""17841400012750367"""
false,"{""is_possible_scammer"": false, ""is_possible_impersonator"": {""is_unconnected_impersonator"": false, ""connected_similar_user_id"": null}, ""is_possible_impersonator_threads"": {""is_unconnected_impersonator"": false, ""connected_similar_user_id"": null}}","""PDPAOLA""",true,"""pdpaola_jewelry""","""""","""""","""2798865941317788082_1102155685""","""1102155685""",false,"""https://scontent-yyz1-1.cdninstagram.com/v/t51.2885-19/276141783_719540576068654_2676764138608235821_n.jpg?stp=dst-jpg_s150x150&_nc_ht=scontent-yyz1-1.cdninstagram.com&_nc_cat=1&_nc_ohc=ztwhBehWSDQAX-Kvzr9&edm=ALB854YBAAAA&ccb=7-5&oh=00_AfAK39j-QTFmreLMeHkxNjicvc0p3GNolf35WBS8cRVmMw&oe=6537BA2A&_nc_sid=ce9561""",false,"""1102155685""","""1102155685""",0,[],0,false,"""17841400350567221"""
false,"{""is_possible_scammer"": false, ""is_possible_impersonator"": {""is_unconnected_impersonator"": false, ""connected_similar_user_id"": null}, ""is_possible_impersonator_threads"": {""is_unconnected_impersonator"": false, ""connected_similar_user_id"": null}}","""♡ mimi ♡""",false,"""gutzncake""","""""","""""","""3146378379704058327_8990638921""","""8990638921""",false,"""https://scontent-yyz1-1.cdninstagram.com/v/t51.2885-19/359689431_235825479265901_5534293510708350033_n.jpg?stp=dst-jpg_s150x150&_nc_ht=scontent-yyz1-1.cdninstagram.com&_nc_cat=105&_nc_ohc=4eCa7gLdgPcAX9VCytJ&edm=ALB854YBAAAA&ccb=7-5&oh=00_AfCIhvoBrhrcQ4h2Gi3_lm4c1UKKqzDg0EqE71HUhSwZNg&oe=65365FDA&_nc_sid=ce9561""",false,"""8990638921""","""8990638921""",0,[],0,false,"""17841409087643829"""
false,"{""is_possible_scammer"": false, ""is_possible_impersonator"": {""is_unconnected_impersonator"": false, ""connected_similar_user_id"": null}, ""is_possible_impersonator_threads"": {""is_unconnected_impersonator"": false, ""connected_similar_user_id"": null}}","""Camilla Lorentzen""",true,"""camillalor""","""""","""""","""2284406394665216241_42518815""","""42518815""",false,"""https://scontent-yyz1-1.cdninstagram.com/v/t51.2885-19/92547590_2305424136426087_3404589475681009664_n.jpg?stp=dst-jpg_s150x150&_nc_ht=scontent-yyz1-1.cdninstagram.com&_nc_cat=1&_nc_ohc=FlNUMM9Bu1kAX-aw_wZ&edm=ALB854YBAAAA&ccb=7-5&oh=00_AfCpw88Si7ODEHmt-gVEqHcHLoZJOhlulTaBYwCgB0-tVA&oe=6536E289&_nc_sid=ce9561""",false,"""42518815""","""42518815""",0,[],0,false,"""17841400684450664"""
false,"{""is_possible_scammer"": false, ""is_possible_impersonator"": {""is_unconnected_impersonator"": false, ""connected_similar_user_id"": null}, ""is_possible_impersonator_threads"": {""is_unconnected_impersonator"": false, ""connected_similar_user_id"": null}}","""the blue girl""",false,"""ee1yse""","""""","""""","""3210504212873223432_3592369738""","""3592369738""",false,"""https://scontent-yyz1-1.cdninstagram.com/v/t51.2885-19/387268800_982154699749600_8422866183562576432_n.jpg?stp=dst-jpg_s150x150&_nc_ht=scontent-yyz1-1.cdninstagram.com&_nc_cat=104&_nc_ohc=6d92sB_otOwAX_kkKHO&edm=ALB854YBAAAA&ccb=7-5&oh=00_AfAa22NaMlnpKSOBoxnk_3dVqPvtF7-J-05EviPELM2tIg&oe=6536DA70&_nc_sid=ce9561""",false,"""3592369738""","""3592369738""",0,[],0,false,"""17841403412169046"""
false,"{""is_possible_scammer"": false, ""is_possible_impersonator"": {""is_unconnected_impersonator"": false, ""connected_similar_user_id"": null}, ""is_possible_impersonator_threads"": {""is_unconnected_impersonator"": false, ""connected_similar_user_id"": null}}","""Festival de Cannes""",true,"""festivaldecannes""","""""","""""","""2816260898991161404_2021258955""","""2021258955""",false,"""https://scontent-yyz1-1.cdninstagram.com/v/t51.2885-19/278486663_3269292720024383_1087027191226559920_n.jpg?stp=dst-jpg_s150x150&_nc_ht=scontent-yyz1-1.cdninstagram.com&_nc_cat=111&_nc_ohc=TgXQQr0a-R0AX9kk2fu&edm=ALB854YBAAAA&ccb=7-5&oh=00_AfCIbi8CaAFrAOpLt4S7Zg2-kdai2U2GtLZX8lg6B7fISw&oe=6536C52E&_nc_sid=ce9561""",false,"""2021258955""","""2021258955""",1,[],0,false,"""17841402008662657"""
false,"{""is_possible_scammer"": false, ""is_possible_impersonator"": {""is_unconnected_impersonator"": false, ""connected_similar_user_id"": null}, ""is_possible_impersonator_threads"": {""is_unconnected_impersonator"": false, ""connected_similar_user_id"": null}}","""OCD Excellence""",false,"""ocdexcellence""","""""","""""","""2526908150725994496_11368670599""","""11368670599""",false,"""https://scontent-yyz1-1.cdninstagram.com/v/t51.2885-19/158571352_490779631919787_5196681043367660662_n.jpg?stp=dst-jpg_s150x150&_nc_ht=scontent-yyz1-1.cdninstagram.com&_nc_cat=103&_nc_ohc=gXAK0dMa0QcAX_RTzI0&edm=ALB854YBAAAA&ccb=7-5&oh=00_AfCbxsIgFMy1A53ZjFOC9ruJocUzcruCMdQQSmVIK4u35g&oe=653601EA&_nc_sid=ce9561""",false,"""11368670599""","""11368670599""",0,[],0,false,"""17841411477981083"""
false,"{""is_possible_scammer"": false, ""is_possible_impersonator"": {""is_unconnected_impersonator"": false, ""connected_similar_user_id"": null}, ""is_possible_impersonator_threads"": {""is_unconnected_impersonator"": false, ""connected_similar_user_id"": null}}","""Hyram""",true,"""hyram""","""""","""""","""2179417798581498945_5802114508""","""5802114508""",false,"""https://scontent-yyz1-1.cdninstagram.com/v/t51.2885-19/70088604_581202492626289_1688982037882470400_n.jpg?stp=dst-jpg_s150x150&_nc_ht=scontent-yyz1-1.cdninstagram.com&_nc_cat=109&_nc_ohc=OUuRP-3crU0AX-JMeuO&edm=ALB854YBAAAA&ccb=7-5&oh=00_AfBRXKE0e7EMyMOzz0WvqXziHiy0llbh-zI8NSFJHWVAlA&oe=653756AD&_nc_sid=ce9561""",false,"""5802114508""","""5802114508""",1,[],0,false,"""17841405835245264"""
false,"{""is_possible_scammer"": false, ""is_possible_impersonator"": {""is_unconnected_impersonator"": false, ""connected_similar_user_id"": null}, ""is_possible_impersonator_threads"": {""is_unconnected_impersonator"": false, ""connected_similar_user_id"": null}}","""Camille Rowe""",true,"""fingermonkey""","""""","""""","""""","""13404843""",false,"""https://scontent-yyz1-1.cdninstagram.com/v/t51.2885-19/10311193_672562759480761_1711380301_a.jpg?_nc_ht=scontent-yyz1-1.cdninstagram.com&_nc_cat=109&_nc_ohc=eLQgL2SuuWAAX-69atv&edm=ALB854YBAAAA&ccb=7-5&oh=00_AfAUvJ_eQ1gnsB90gcAu9gm4E0GdEyabhripoMMc4hYpjQ&oe=6536BF18&_nc_sid=ce9561""",false,"""13404843""","""13404843""",0,[],0,false,"""17841400865290209"""
false,"{""is_possible_scammer"": false, ""is_possible_impersonator"": {""is_unconnected_impersonator"": false, ""connected_similar_user_id"": null}, ""is_possible_impersonator_threads"": {""is_unconnected_impersonator"": false, ""connected_similar_user_id"": null}}","""House of 1212""",true,"""houseof1212""","""""","""""","""2986281623990295072_54083737432""","""54083737432""",false,"""https://scontent-yyz1-1.cdninstagram.com/v/t51.2885-19/318233912_138518325659052_1809785777969310315_n.jpg?stp=dst-jpg_s150x150&_nc_ht=scontent-yyz1-1.cdninstagram.com&_nc_cat=100&_nc_ohc=xhshzivuEQgAX-YaTZR&edm=ALB854YBAAAA&ccb=7-5&oh=00_AfDffjMe-HtzxpVj0Gq-T2kXkfnfjJUw8wbBidVoTsA8-g&oe=65368EA0&_nc_sid=ce9561""",false,"""54083737432""","""54083737432""",0,[],0,false,"""17841454042970467"""
false,"{""is_possible_scammer"": false, ""is_possible_impersonator"": {""is_unconnected_impersonator"": false, ""connected_similar_user_id"": null}, ""is_possible_impersonator_threads"": {""is_unconnected_impersonator"": false, ""connected_similar_user_id"": null}}","""Anya Taylor-Joy""",true,"""anyataylorjoy""","""""","""""","""2804724953174536996_270098333""","""270098333""",false,"""https://scontent-yyz1-1.cdninstagram.com/v/t51.2885-19/277552725_541408194069169_5260769375772639962_n.jpg?stp=dst-jpg_s150x150&_nc_ht=scontent-yyz1-1.cdninstagram.com&_nc_cat=1&_nc_ohc=pV7t7EVlB7MAX813XjK&edm=ALB854YBAAAA&ccb=7-5&oh=00_AfAcF90B8kk2-yx2JptSVac0f1O_YyIs22Ej15Dl3QTmNA&oe=6536D679&_nc_sid=ce9561""",false,"""270098333""","""270098333""",0,[],0,false,"""17841400549994220"""
false,"{""is_possible_scammer"": false, ""is_possible_impersonator"": {""is_unconnected_impersonator"": false, ""connected_similar_user_id"": null}, ""is_possible_impersonator_threads"": {""is_unconnected_impersonator"": false, ""connected_similar_user_id"": null}}","""DERMAPURE SHERBROOKE""",false,"""dermapuresherbrooke""","""""","""""","""2608994607763865813_3284634408""","""3284634408""",false,"""https://scontent-yyz1-1.cdninstagram.com/v/t51.2885-19/210011249_302135414968639_6925012295903428489_n.jpg?stp=dst-jpg_s150x150&_nc_ht=scontent-yyz1-1.cdninstagram.com&_nc_cat=107&_nc_ohc=K83dCKxCNgUAX8VFYST&edm=ALB854YBAAAA&ccb=7-5&oh=00_AfADvYXI5Ozwnk0lu6jsQPbNSeBC230rBweDsgxBz0jrvQ&oe=6536055C&_nc_sid=ce9561""",false,"""3284634408""","""3284634408""",0,[],0,false,"""17841403192260579"""
false,"{""is_possible_scammer"": false, ""is_possible_impersonator"": {""is_unconnected_impersonator"": false, ""connected_similar_user_id"": null}, ""is_possible_impersonator_threads"": {""is_unconnected_impersonator"": false, ""connected_similar_user_id"": null}}","""Ahren Belisle Comedy - mute stand-up comedian (not Aaron Belial)""",true,"""ahren_belisle""","""""","""""","""3121035598210438626_52826842194""","""52826842194""",false,"""https://scontent-yyz1-1.cdninstagram.com/v/t51.2885-19/353091091_814102883073007_626411444032136229_n.jpg?stp=dst-jpg_s150x150&_nc_ht=scontent-yyz1-1.cdninstagram.com&_nc_cat=107&_nc_ohc=Dr2IbCOz6yMAX9VYjdi&edm=ALB854YBAAAA&ccb=7-5&oh=00_AfBEdcZT9RRB2_RjRaF9joMl0wrn9YqUDX8lSj6aVf4tGQ&oe=65370239&_nc_sid=ce9561""",false,"""52826842194""","""52826842194""",1,[],0,false,"""17841452865823355"""
false,"{""is_possible_scammer"": false, ""is_possible_impersonator"": {""is_unconnected_impersonator"": false, ""connected_similar_user_id"": null}, ""is_possible_impersonator_threads"": {""is_unconnected_impersonator"": false, ""connected_similar_user_id"": null}}","""Sarah Talah""",false,"""sarahtalah""","""""","""""","""2524425635211723346_1146343086""","""1146343086""",false,"""https://scontent-yyz1-1.cdninstagram.com/v/t51.2885-19/157739646_931706954307818_4378233278275392503_n.jpg?stp=dst-jpg_s150x150&_nc_ht=scontent-yyz1-1.cdninstagram.com&_nc_cat=102&_nc_ohc=7560O9FS_loAX8SMqhy&edm=ALB854YBAAAA&ccb=7-5&oh=00_AfDO9VTefTBOKRj3z_nu03NQ1p_T4QnK1ppDoug7NCIS-Q&oe=653731CF&_nc_sid=ce9561""",false,"""1146343086""","""1146343086""",0,[],0,false,"""17841401172597911"""
false,"{""is_possible_scammer"": false, ""is_possible_impersonator"": {""is_unconnected_impersonator"": false, ""connected_similar_user_id"": null}, ""is_possible_impersonator_threads"": {""is_unconnected_impersonator"": false, ""connected_similar_user_id"": null}}","""lover boy levant""",true,"""saintlevant""","""""","""""","""3022192882969817891_282811032""","""282811032""",false,"""https://scontent-yyz1-1.cdninstagram.com/v/t51.2885-19/326899535_171160558972712_5186635419419412803_n.jpg?stp=dst-jpg_s150x150&_nc_ht=scontent-yyz1-1.cdninstagram.com&_nc_cat=1&_nc_ohc=_38DFjdcbQ8AX-iM1Vu&edm=ALB854YBAAAA&ccb=7-5&oh=00_AfCtDdpRGrakzcrRo85A_4oJCLJRncKI2yiD7bJ2FgJyow&oe=6537418A&_nc_sid=ce9561""",false,"""282811032""","""282811032""",1,[],0,false,"""17841401770964418"""
false,"{""is_possible_scammer"": false, ""is_possible_impersonator"": {""is_unconnected_impersonator"": false, ""connected_similar_user_id"": null}, ""is_possible_impersonator_threads"": {""is_unconnected_impersonator"": false, ""connected_similar_user_id"": null}}","""Sami❤️‍🔥""",false,"""samilandri""","""""","""""","""3155772536151235042_267847661""","""267847661""",false,"""https://scontent-yyz1-1.cdninstagram.com/v/t51.2885-19/363292357_1740083353075035_4382577077094427171_n.jpg?stp=dst-jpg_s150x150&_nc_ht=scontent-yyz1-1.cdninstagram.com&_nc_cat=103&_nc_ohc=pYsRG7i7uhMAX_7bj2h&edm=ALB854YBAAAA&ccb=7-5&oh=00_AfD1myVtE9pRy1a0StBFXXJdeDWlvHe5CcmoTdrTQmAM0A&oe=65379DCE&_nc_sid=ce9561""",false,"""267847661""","""267847661""",1,[],0,false,"""17841400229834185"""
false,"{""is_possible_scammer"": false, ""is_possible_impersonator"": {""is_unconnected_impersonator"": false, ""connected_similar_user_id"": null}, ""is_possible_impersonator_threads"": {""is_unconnected_impersonator"": false, ""connected_similar_user_id"": null}}","""#OUTFITTEDinARITZIA""",false,"""outfittedinaritzia""","""""","""""","""2541758409876007655_47107132498""","""47107132498""",false,"""https://scontent-yyz1-1.cdninstagram.com/v/t51.2885-19/166736257_1760611747454884_424603350917568518_n.jpg?stp=dst-jpg_s150x150&_nc_ht=scontent-yyz1-1.cdninstagram.com&_nc_cat=104&_nc_ohc=Ry8YtdyUn_cAX8zEyQV&edm=ALB854YBAAAA&ccb=7-5&oh=00_AfBmyJYk3VnfCIMRIld-yFHUkM0hG9hB0MY5HnKldHhv-w&oe=65369D6A&_nc_sid=ce9561""",false,"""47107132498""","""47107132498""",0,[],0,false,"""17841447174948391"""
false,"{""is_possible_scammer"": false, ""is_possible_impersonator"": {""is_unconnected_impersonator"": false, ""connected_similar_user_id"": null}, ""is_possible_impersonator_threads"": {""is_unconnected_impersonator"": false, ""connected_similar_user_id"": null}}","""🌙 Ariana Madix 🌙""",true,"""arianamadix""","""""","""""","""3099459568912795888_229152500""","""229152500""",false,"""https://scontent-yyz1-1.cdninstagram.com/v/t51.2885-19/345675858_961974285151079_1472365776112325875_n.jpg?stp=dst-jpg_s150x150&_nc_ht=scontent-yyz1-1.cdninstagram.com&_nc_cat=1&_nc_ohc=qWD-oQGjCKIAX98ez2w&edm=ALB854YBAAAA&ccb=7-5&oh=00_AfDW_W7oINajzOrWtvaXMgSQRervk4WN2D4Q52UMNIvSpA&oe=65365816&_nc_sid=ce9561""",false,"""229152500""","""229152500""",1,[],0,false,"""17841400975003580"""
false,"{""is_possible_scammer"": false, ""is_possible_impersonator"": {""is_unconnected_impersonator"": false, ""connected_similar_user_id"": null}, ""is_possible_impersonator_threads"": {""is_unconnected_impersonator"": false, ""connected_similar_user_id"": null}}","""Tom Bilyeu""",true,"""tombilyeu""","""""","""""","""2323444650763696131_289453120""","""289453120""",false,"""https://scontent-yyz1-1.cdninstagram.com/v/t51.2885-19/102359431_1046495872412627_7696550784200081408_n.jpg?stp=dst-jpg_s150x150&_nc_ht=scontent-yyz1-1.cdninstagram.com&_nc_cat=1&_nc_ohc=X0_0if9Gs8MAX_XGtmt&edm=ALB854YBAAAA&ccb=7-5&oh=00_AfByvaLD51KByK3FA-P6WCeROOklUlza_7n67G1g7z8Zdw&oe=6536DD1A&_nc_sid=ce9561""",false,"""289453120""","""289453120""",2,[],0,false,"""17841401353604522"""
false,"{""is_possible_scammer"": false, ""is_possible_impersonator"": {""is_unconnected_impersonator"": false, ""connected_similar_user_id"": null}, ""is_possible_impersonator_threads"": {""is_unconnected_impersonator"": false, ""connected_similar_user_id"": null}}","""Annie Schröter""",true,"""annie.shr""","""""","""""","""3076075848654602046_2259224729""","""2259224729""",false,"""https://scontent-yyz1-1.cdninstagram.com/v/t51.2885-19/339980913_1373348916572725_1518257277197847632_n.jpg?stp=dst-jpg_s150x150&_nc_ht=scontent-yyz1-1.cdninstagram.com&_nc_cat=101&_nc_ohc=ihmCUHo_4q4AX_73u5J&edm=ALB854YBAAAA&ccb=7-5&oh=00_AfAP5iasUNWzgLSPT49ldPsyFbAcL-DQtUetFDkQVeb19g&oe=65366725&_nc_sid=ce9561""",false,"""2259224729""","""2259224729""",0,[],0,false,"""17841402181882403"""
false,"{""is_possible_scammer"": false, ""is_possible_impersonator"": {""is_unconnected_impersonator"": false, ""connected_similar_user_id"": null}, ""is_possible_impersonator_threads"": {""is_unconnected_impersonator"": false, ""connected_similar_user_id"": null}}","""FATIMA 🍂✨""",false,"""f77.1""","""""","""""","""3216075526825632764_349980905""","""349980905""",false,"""https://scontent-yyz1-1.cdninstagram.com/v/t51.2885-19/393236511_1035997870922893_194226219701417761_n.jpg?stp=dst-jpg_s150x150&_nc_ht=scontent-yyz1-1.cdninstagram.com&_nc_cat=101&_nc_ohc=XgZu60M-mKEAX8ClWnh&edm=ALB854YBAAAA&ccb=7-5&oh=00_AfBFvYrSqlA54O_Hpt--aP9dlPw48E_ZHL5INCMOf2h8XQ&oe=653799DC&_nc_sid=ce9561""",false,"""349980905""","""349980905""",0,[],0,false,"""17841400867155468"""
false,"{""is_possible_scammer"": false, ""is_possible_impersonator"": {""is_unconnected_impersonator"": false, ""connected_similar_user_id"": null}, ""is_possible_impersonator_threads"": {""is_unconnected_impersonator"": false, ""connected_similar_user_id"": null}}","""Florence Proulx""",false,"""floprouulx""","""""","""""","""3120785639872309960_1919519031""","""1919519031""",false,"""https://scontent-yyz1-1.cdninstagram.com/v/t51.2885-19/352841648_993208245369635_789388677218400850_n.jpg?stp=dst-jpg_s150x150&_nc_ht=scontent-yyz1-1.cdninstagram.com&_nc_cat=111&_nc_ohc=RWHzM1bo_RwAX_qzIae&edm=ALB854YBAAAA&ccb=7-5&oh=00_AfCsLYFKdcuujlKqA-i3gJ43-2P2_xcdH-gpBDbqD7wSYA&oe=65376E37&_nc_sid=ce9561""",false,"""1919519031""","""1919519031""",0,[],0,false,"""17841400930959992"""
false,"{""is_possible_scammer"": false, ""is_possible_impersonator"": {""is_unconnected_impersonator"": false, ""connected_similar_user_id"": null}, ""is_possible_impersonator_threads"": {""is_unconnected_impersonator"": false, ""connected_similar_user_id"": null}}","""Paul Poirot""",false,"""donouuuu""","""""","""""","""2924789605326328785_784195131""","""784195131""",false,"""https://scontent-yyz1-1.cdninstagram.com/v/t51.2885-19/305506828_196657076125543_5198273649282641089_n.jpg?stp=dst-jpg_s150x150&_nc_ht=scontent-yyz1-1.cdninstagram.com&_nc_cat=107&_nc_ohc=08I7peuxYuMAX8Qg6b7&edm=ALB854YBAAAA&ccb=7-5&oh=00_AfAI20OLe00K6-T328gMsiKTu6dU6irchMs-7FAJUmy1fQ&oe=65375778&_nc_sid=ce9561""",false,"""784195131""","""784195131""",0,[],0,false,"""17841400093942253"""
false,"{""is_possible_scammer"": false, ""is_possible_impersonator"": {""is_unconnected_impersonator"": false, ""connected_similar_user_id"": null}, ""is_possible_impersonator_threads"": {""is_unconnected_impersonator"": false, ""connected_similar_user_id"": null}}","""Laetitia Leclair""",false,"""leclairlaetitia""","""""","""""","""3210873805689354332_36842093203""","""36842093203""",true,"""https://scontent-yyz1-1.cdninstagram.com/v/t51.2885-19/387271312_894775272012965_8593240973026084032_n.jpg?stp=dst-jpg_s150x150&_nc_ht=scontent-yyz1-1.cdninstagram.com&_nc_cat=105&_nc_ohc=njZ8i1vu4ggAX91n3lP&edm=ALB854YBAAAA&ccb=7-5&oh=00_AfBTrJlFOs1hF1WU78cj3yjDK3AiLlBycOGg2Ol0Cev8rA&oe=65369FE8&_nc_sid=ce9561""",false,"""36842093203""","""36842093203""",0,[],0,false,"""17841436876105261"""
false,"{""is_possible_scammer"": false, ""is_possible_impersonator"": {""is_unconnected_impersonator"": false, ""connected_similar_user_id"": null}, ""is_possible_impersonator_threads"": {""is_unconnected_impersonator"": false, ""connected_similar_user_id"": null}}","""Dijellza""",false,"""dijellz""","""""","""""","""3210725496784772401_331306205""","""331306205""",false,"""https://scontent-yyz1-1.cdninstagram.com/v/t51.2885-19/387657076_1533202274082866_8557680791696380553_n.jpg?stp=dst-jpg_s150x150&_nc_ht=scontent-yyz1-1.cdninstagram.com&_nc_cat=102&_nc_ohc=kmKNNiMEEjIAX8CwtIa&edm=ALB854YBAAAA&ccb=7-5&oh=00_AfAIr56oP5VqUiB26ls0PB_S34nZYudqQ3SCJWvhHDc-iQ&oe=65379BDD&_nc_sid=ce9561""",false,"""331306205""","""331306205""",0,[],0,false,"""17841401266155176"""
false,"{""is_possible_scammer"": false, ""is_possible_impersonator"": {""is_unconnected_impersonator"": false, ""connected_similar_user_id"": null}, ""is_possible_impersonator_threads"": {""is_unconnected_impersonator"": false, ""connected_similar_user_id"": null}}","""Allison Bornstein""",true,"""allisonbornstein6""","""""","""""","""3114932155248096285_1413492960""","""1413492960""",false,"""https://scontent-yyz1-1.cdninstagram.com/v/t51.2885-19/350597305_205033945808599_5000524175445131524_n.jpg?stp=dst-jpg_s150x150&_nc_ht=scontent-yyz1-1.cdninstagram.com&_nc_cat=107&_nc_ohc=SGbyDley6zAAX_UGZMe&edm=ALB854YBAAAA&ccb=7-5&oh=00_AfAjKlSIKICBYmk2J8MbTaWrbWYfg3_Xw2BKbT0-aP_xWg&oe=6536EE42&_nc_sid=ce9561""",false,"""1413492960""","""1413492960""",1,[],0,false,"""17841401588822085"""
false,"{""is_possible_scammer"": false, ""is_possible_impersonator"": {""is_unconnected_impersonator"": false, ""connected_similar_user_id"": null}, ""is_possible_impersonator_threads"": {""is_unconnected_impersonator"": false, ""connected_similar_user_id"": null}}","""Québec Nostalgie""",false,"""quebec_nostalgie""","""""","""""","""2527213405342062488_8396762982""","""8396762982""",false,"""https://scontent-yyz1-1.cdninstagram.com/v/t51.2885-19/159952381_3548374795388242_3929674741380672985_n.jpg?stp=dst-jpg_s150x150&_nc_ht=scontent-yyz1-1.cdninstagram.com&_nc_cat=110&_nc_ohc=QA1LX7DTSyUAX-gcORc&edm=ALB854YBAAAA&ccb=7-5&oh=00_AfCHCIlkMqmOB7lKiPxWsS-bMnka960rCGxt3dYFlPjGVQ&oe=6536DE32&_nc_sid=ce9561""",false,"""8396762982""","""8396762982""",0,[],0,false,"""17841408249489595"""
false,"{""is_possible_scammer"": false, ""is_possible_impersonator"": {""is_unconnected_impersonator"": false, ""connected_similar_user_id"": null}, ""is_possible_impersonator_threads"": {""is_unconnected_impersonator"": false, ""connected_similar_user_id"": null}}","""MDL CHLD""",true,"""chriscorsini""","""""","""""","""3201732576770687647_21708676""","""21708676""",false,"""https://scontent-yyz1-1.cdninstagram.com/v/t51.2885-19/384310254_2460261654140515_2104141595545955489_n.jpg?stp=dst-jpg_s150x150&_nc_ht=scontent-yyz1-1.cdninstagram.com&_nc_cat=1&_nc_ohc=VaMIwI5hpLYAX-8X_JL&edm=ALB854YBAAAA&ccb=7-5&oh=00_AfABcdxXlsueYNZOhlje4aMetmcPu3YbHwFUlkW7SeOUjg&oe=6535FC1D&_nc_sid=ce9561""",false,"""21708676""","""21708676""",0,[],0,false,"""17841400380280339"""
false,"{""is_possible_scammer"": false, ""is_possible_impersonator"": {""is_unconnected_impersonator"": false, ""connected_similar_user_id"": null}, ""is_possible_impersonator_threads"": {""is_unconnected_impersonator"": false, ""connected_similar_user_id"": null}}","""Athena Calderone""",true,"""athenacalderone""","""""","""""","""2683681688111210072_8992597037""","""8992597037""",false,"""https://scontent-yyz1-1.cdninstagram.com/v/t51.2885-19/245183794_237993364973388_2420855356076622584_n.jpg?stp=dst-jpg_s150x150&_nc_ht=scontent-yyz1-1.cdninstagram.com&_nc_cat=100&_nc_ohc=hC3GjqJY8-wAX8BweVk&edm=ALB854YBAAAA&ccb=7-5&oh=00_AfC7msxaNxp0DZrKFC21GArvavnbrbfLjxx189-inRR6Ig&oe=6537A6FC&_nc_sid=ce9561""",false,"""8992597037""","""8992597037""",0,[],0,false,"""17841409031124074"""
false,"{""is_possible_scammer"": false, ""is_possible_impersonator"": {""is_unconnected_impersonator"": false, ""connected_similar_user_id"": null}, ""is_possible_impersonator_threads"": {""is_unconnected_impersonator"": false, ""connected_similar_user_id"": null}}","""Gabrielle Alexis""",true,"""gabxxrielle""","""""","""""","""3186131761617367341_325737007""","""325737007""",false,"""https://scontent-yyz1-1.cdninstagram.com/v/t51.2885-19/375781676_695622509083842_3597499595553238286_n.jpg?stp=dst-jpg_s150x150&_nc_ht=scontent-yyz1-1.cdninstagram.com&_nc_cat=1&_nc_ohc=nP855-qCzpgAX8x9fR4&edm=ALB854YBAAAA&ccb=7-5&oh=00_AfANfcZFWSPbkt4cEfsc1ASUtM0sj4-H3tScpsrToWbPKw&oe=6537B72B&_nc_sid=ce9561""",false,"""325737007""","""325737007""",1,[],0,false,"""17841401230215089"""
false,"{""is_possible_scammer"": false, ""is_possible_impersonator"": {""is_unconnected_impersonator"": false, ""connected_similar_user_id"": null}, ""is_possible_impersonator_threads"": {""is_unconnected_impersonator"": false, ""connected_similar_user_id"": null}}","""Philippine Darblay""",true,"""philoudarblay""","""""","""""","""3182917116695980028_200508716""","""200508716""",false,"""https://scontent-yyz1-1.cdninstagram.com/v/t51.2885-19/373724141_315053084414485_1929632193389797635_n.jpg?stp=dst-jpg_s150x150&_nc_ht=scontent-yyz1-1.cdninstagram.com&_nc_cat=101&_nc_ohc=FR0iCYJ3c6sAX9qFZVd&edm=ALB854YBAAAA&ccb=7-5&oh=00_AfD6MQkVuVa457X6t5sYRbnikAR0rFAwDkcU1M9Z3eJk4A&oe=65375DA5&_nc_sid=ce9561""",false,"""200508716""","""200508716""",0,[],0,false,"""17841401821483132"""
false,"{""is_possible_scammer"": false, ""is_possible_impersonator"": {""is_unconnected_impersonator"": false, ""connected_similar_user_id"": null}, ""is_possible_impersonator_threads"": {""is_unconnected_impersonator"": false, ""connected_similar_user_id"": null}}","""Kennedy Walsh""",true,"""kennedyclairewalsh""","""""","""""","""3212903165204467001_31532479""","""31532479""",false,"""https://scontent-yyz1-1.cdninstagram.com/v/t51.2885-19/390654585_897157691978371_2876757489293317450_n.jpg?stp=dst-jpg_s150x150&_nc_ht=scontent-yyz1-1.cdninstagram.com&_nc_cat=1&_nc_ohc=t2HNflkmDJsAX-9FwVN&edm=ALB854YBAAAA&ccb=7-5&oh=00_AfDf4wj1zX1SgbyCyQ0CDYaSAIkrLHhOJ2OTEk5VbDsS8Q&oe=6537E1AA&_nc_sid=ce9561""",false,"""31532479""","""31532479""",1,[],0,false,"""17841401334370492"""
false,"{""is_possible_scammer"": false, ""is_possible_impersonator"": {""is_unconnected_impersonator"": false, ""connected_similar_user_id"": null}, ""is_possible_impersonator_threads"": {""is_unconnected_impersonator"": false, ""connected_similar_user_id"": null}}","""GELCARE®""",false,"""gelcare.official""","""""","""""","""2885096102522681485_3535085866""","""3535085866""",false,"""https://scontent-yyz1-1.cdninstagram.com/v/t51.2885-19/293869926_1376765049475305_4049477926913969960_n.jpg?stp=dst-jpg_s150x150&_nc_ht=scontent-yyz1-1.cdninstagram.com&_nc_cat=109&_nc_ohc=hmxrU4MaoQEAX_883Lj&edm=ALB854YBAAAA&ccb=7-5&oh=00_AfAIivdHgt_fTphVwkqNu_Ozvm5tu_BmrqHb9SKNrcLbnA&oe=6536A970&_nc_sid=ce9561""",false,"""3535085866""","""3535085866""",0,[],0,false,"""17841403536001885"""
false,"{""is_possible_scammer"": false, ""is_possible_impersonator"": {""is_unconnected_impersonator"": false, ""connected_similar_user_id"": null}, ""is_possible_impersonator_threads"": {""is_unconnected_impersonator"": false, ""connected_similar_user_id"": null}}","""Nabela Noor Martin""",true,"""nabela""","""""","""""","""3178324533986791541_211322151""","""211322151""",false,"""https://scontent-yyz1-1.cdninstagram.com/v/t51.2885-19/370581025_314465747627501_2121299585052617647_n.jpg?stp=dst-jpg_s150x150&_nc_ht=scontent-yyz1-1.cdninstagram.com&_nc_cat=1&_nc_ohc=J0lZe7TUYskAX91KRxK&edm=ALB854YBAAAA&ccb=7-5&oh=00_AfBJ3jsvqXeUQ_an-gro2wfSgo3C1ELbu54FxvnuxwN2Sg&oe=65371C8C&_nc_sid=ce9561""",false,"""211322151""","""211322151""",1,[],0,false,"""17841401744533301"""
false,"{""is_possible_scammer"": false, ""is_possible_impersonator"": {""is_unconnected_impersonator"": false, ""connected_similar_user_id"": null}, ""is_possible_impersonator_threads"": {""is_unconnected_impersonator"": false, ""connected_similar_user_id"": null}}","""Nicaya Wiley""",false,"""nicayawiley""","""""","""""","""3021507215702375069_431806234""","""431806234""",false,"""https://scontent-yyz1-1.cdninstagram.com/v/t51.2885-19/326530149_723657516006501_3613501603775267569_n.jpg?stp=dst-jpg_s150x150&_nc_ht=scontent-yyz1-1.cdninstagram.com&_nc_cat=109&_nc_ohc=OGu6viY-s6kAX-X6lqE&edm=ALB854YBAAAA&ccb=7-5&oh=00_AfAN9-szWeeNB1ZeNaCtBQ1_XyXat47xFnW7q1tvnNfDUg&oe=65360F72&_nc_sid=ce9561""",false,"""431806234""","""431806234""",0,[],0,false,"""17841401867026746"""
false,"{""is_possible_scammer"": false, ""is_possible_impersonator"": {""is_unconnected_impersonator"": false, ""connected_similar_user_id"": null}, ""is_possible_impersonator_threads"": {""is_unconnected_impersonator"": false, ""connected_similar_user_id"": null}}","""Pauline""",true,"""popstantot""","""""","""""","""3199876361840821971_284405960""","""284405960""",false,"""https://scontent-yyz1-1.cdninstagram.com/v/t51.2885-19/382911503_682017763838977_4732121324495389904_n.jpg?stp=dst-jpg_s150x150&_nc_ht=scontent-yyz1-1.cdninstagram.com&_nc_cat=1&_nc_ohc=qMIZaN-zfOIAX_Y2kz1&edm=ALB854YBAAAA&ccb=7-5&oh=00_AfCKaLDH218EomskwyN6-4S7Xqcmqdgz_fmh84d2KBo2dQ&oe=6536182E&_nc_sid=ce9561""",false,"""284405960""","""284405960""",0,[],0,false,"""17841401618804443"""
false,"{""is_possible_scammer"": false, ""is_possible_impersonator"": {""is_unconnected_impersonator"": false, ""connected_similar_user_id"": null}, ""is_possible_impersonator_threads"": {""is_unconnected_impersonator"": false, ""connected_similar_user_id"": null}}","""L A U R A  A N D E R S O N""",true,"""lauraanderson1x""","""""","""""","""2933541492388475082_273613780""","""273613780""",false,"""https://scontent-yyz1-1.cdninstagram.com/v/t51.2885-19/308308339_669998754130625_7867247861399801067_n.jpg?stp=dst-jpg_s150x150&_nc_ht=scontent-yyz1-1.cdninstagram.com&_nc_cat=1&_nc_ohc=gTL2EZInti0AX_3b3kS&edm=ALB854YBAAAA&ccb=7-5&oh=00_AfDB4Js-Z-GrXADmmszpa31VXWFJh4GKj1jWkyN04tNfLA&oe=65376305&_nc_sid=ce9561""",false,"""273613780""","""273613780""",0,[],0,false,"""17841400413404275"""
false,"{""is_possible_scammer"": false, ""is_possible_impersonator"": {""is_unconnected_impersonator"": false, ""connected_similar_user_id"": null}, ""is_possible_impersonator_threads"": {""is_unconnected_impersonator"": false, ""connected_similar_user_id"": null}}","""Amy Jackson""",true,"""fashion_jackson""","""""","""""","""3177288227366890413_12513161""","""12513161""",false,"""https://scontent-yyz1-1.cdninstagram.com/v/t51.2885-19/369956289_949019009507829_8025820290888730136_n.jpg?stp=dst-jpg_s150x150&_nc_ht=scontent-yyz1-1.cdninstagram.com&_nc_cat=1&_nc_ohc=DRxPPed7J70AX-VUYo5&edm=ALB854YBAAAA&ccb=7-5&oh=00_AfBuWckbTEJFC7D-lByBaSnAgAinVo0xh3ZKy1MRVQNAeA&oe=6536D8F3&_nc_sid=ce9561""",false,"""12513161""","""12513161""",1,[],0,false,"""17841400994830195"""
false,"{""is_possible_scammer"": false, ""is_possible_impersonator"": {""is_unconnected_impersonator"": false, ""connected_similar_user_id"": null}, ""is_possible_impersonator_threads"": {""is_unconnected_impersonator"": false, ""connected_similar_user_id"": null}}","""Eugénie Hamon""",false,"""eugenie.hamon""","""""","""""","""3186187437369830326_3160277697""","""3160277697""",false,"""https://scontent-yyz1-1.cdninstagram.com/v/t51.2885-19/371200888_596168089380927_7008081383707597163_n.jpg?stp=dst-jpg_s150x150&_nc_ht=scontent-yyz1-1.cdninstagram.com&_nc_cat=103&_nc_ohc=qcWhYQ6J5NEAX-om8to&edm=ALB854YBAAAA&ccb=7-5&oh=00_AfBo0dokdwTLwk8XealTicREvOCiNkkJuclvCw3A6TZ9-g&oe=653773C9&_nc_sid=ce9561""",false,"""3160277697""","""3160277697""",0,[],0,false,"""17841403290915034"""
false,"{""is_possible_scammer"": false, ""is_possible_impersonator"": {""is_unconnected_impersonator"": false, ""connected_similar_user_id"": null}, ""is_possible_impersonator_threads"": {""is_unconnected_impersonator"": false, ""connected_similar_user_id"": null}}","""Knuckle Bump Farms""",false,"""knucklebumpfarms""","""""","""""","""2763616055667821197_50845046734""","""50845046734""",false,"""https://scontent-yyz1-1.cdninstagram.com/v/t51.2885-19/273128858_1638775936468614_543123760034191711_n.jpg?stp=dst-jpg_s150x150&_nc_ht=scontent-yyz1-1.cdninstagram.com&_nc_cat=106&_nc_ohc=9zcM6rpYCdEAX9wif5M&edm=ALB854YBAAAA&ccb=7-5&oh=00_AfA3tBHGU1_q8QKSuKEkiFX7kVok9Uhf_JZ_8UjLRX-LDw&oe=6537E0E5&_nc_sid=ce9561""",false,"""50845046734""","""50845046734""",1,[],0,false,"""17841450842045630"""
false,"{""is_possible_scammer"": false, ""is_possible_impersonator"": {""is_unconnected_impersonator"": false, ""connected_similar_user_id"": null}, ""is_possible_impersonator_threads"": {""is_unconnected_impersonator"": false, ""connected_similar_user_id"": null}}","""Steffy Alexandrian""",true,"""steffyalexandrian""","""""","""""","""3202583403726788086_17525494779""","""17525494779""",false,"""https://scontent-yyz1-1.cdninstagram.com/v/t51.2885-19/383815815_159457510551632_3353154710107556318_n.jpg?stp=dst-jpg_s150x150&_nc_ht=scontent-yyz1-1.cdninstagram.com&_nc_cat=108&_nc_ohc=ul79G_YLYbsAX8SYIT5&edm=ALB854YBAAAA&ccb=7-5&oh=00_AfBBqOpVL_SGsddsT3I2ueJyHm0fIaNv0RLrN9JNd3Zy8Q&oe=653656E5&_nc_sid=ce9561""",false,"""17525494779""","""17525494779""",1,[],0,false,"""17841417723370686"""
false,"{""is_possible_scammer"": false, ""is_possible_impersonator"": {""is_unconnected_impersonator"": false, ""connected_similar_user_id"": null}, ""is_possible_impersonator_threads"": {""is_unconnected_impersonator"": false, ""connected_similar_user_id"": null}}","""SOFIA EVE""",true,"""iamsofiaeve""","""""","""""","""3074341155899036506_11461536""","""11461536""",false,"""https://scontent-yyz1-1.cdninstagram.com/v/t51.2885-19/339525146_1674265873034039_8124477445131029459_n.jpg?stp=dst-jpg_s150x150&_nc_ht=scontent-yyz1-1.cdninstagram.com&_nc_cat=111&_nc_ohc=UGq-Og0FFskAX9Ltjiz&edm=ALB854YBAAAA&ccb=7-5&oh=00_AfD50pogjMNtHGfDNEnxChEA58INWBO6_2skF91E8AaKqg&oe=6536EB04&_nc_sid=ce9561""",false,"""11461536""","""11461536""",1,[],0,false,"""17841400166080179"""
false,"{""is_possible_scammer"": false, ""is_possible_impersonator"": {""is_unconnected_impersonator"": false, ""connected_similar_user_id"": null}, ""is_possible_impersonator_threads"": {""is_unconnected_impersonator"": false, ""connected_similar_user_id"": null}}","""Quentin Quarantino""",true,"""quentin.quarantino""","""""","""""","""2324874788520904999_5570860403""","""5570860403""",false,"""https://scontent-yyz1-1.cdninstagram.com/v/t51.2885-19/101864813_554198405268928_7072402971354464256_n.jpg?stp=dst-jpg_s150x150&_nc_ht=scontent-yyz1-1.cdninstagram.com&_nc_cat=104&_nc_ohc=M3mrcLnM86gAX-Z5xMF&edm=ALB854YBAAAA&ccb=7-5&oh=00_AfC9tjorBnHplimQleNKaRKzWHi9tR1yBI9OjLRvTkRB4Q&oe=65366755&_nc_sid=ce9561""",false,"""5570860403""","""5570860403""",1,[],0,false,"""17841405652096357"""
false,"{""is_possible_scammer"": false, ""is_possible_impersonator"": {""is_unconnected_impersonator"": false, ""connected_similar_user_id"": null}, ""is_possible_impersonator_threads"": {""is_unconnected_impersonator"": false, ""connected_similar_user_id"": null}}","""Corinne Landry""",false,"""corinne_ll""","""""","""""","""3125867850807939779_205613534""","""205613534""",false,"""https://scontent-yyz1-1.cdninstagram.com/v/t51.2885-19/353770719_282404720980776_5196192314684061919_n.jpg?stp=dst-jpg_s150x150&_nc_ht=scontent-yyz1-1.cdninstagram.com&_nc_cat=100&_nc_ohc=juHdw5tnHwQAX-v78oH&edm=ALB854YBAAAA&ccb=7-5&oh=00_AfBasYEcIrdIvU1R91QIMevEVwMq2h8IaXvUGAnl4tQhfg&oe=6537DB85&_nc_sid=ce9561""",false,"""205613534""","""205613534""",0,[],0,false,"""17841401366023212"""
false,"{""is_possible_scammer"": false, ""is_possible_impersonator"": {""is_unconnected_impersonator"": false, ""connected_similar_user_id"": null}, ""is_possible_impersonator_threads"": {""is_unconnected_impersonator"": false, ""connected_similar_user_id"": null}}","""ParisianVibe""",false,"""parisianvibe""","""""","""""","""2617519939778631843_3236566456""","""3236566456""",false,"""https://scontent-yyz1-1.cdninstagram.com/v/t51.2885-19/218019439_1493297661013948_573104786985148161_n.jpg?stp=dst-jpg_s150x150&_nc_ht=scontent-yyz1-1.cdninstagram.com&_nc_cat=1&_nc_ohc=gVavxC0xDJkAX-b5nv1&edm=ALB854YBAAAA&ccb=7-5&oh=00_AfCpib1BxLHAqk2CvwvVIRAciog1JP2R1ccZoH5GIvw5_A&oe=6536F54B&_nc_sid=ce9561""",false,"""3236566456""","""3236566456""",1,[],0,false,"""17841403313694570"""
false,"{""is_possible_scammer"": false, ""is_possible_impersonator"": {""is_unconnected_impersonator"": false, ""connected_similar_user_id"": null}, ""is_possible_impersonator_threads"": {""is_unconnected_impersonator"": false, ""connected_similar_user_id"": null}}","""TAYLOR BURTLAKE""",false,"""taylor_burtlake""","""""","""""","""3151463101274148190_227446941""","""227446941""",false,"""https://scontent-yyz1-1.cdninstagram.com/v/t51.2885-19/362319942_248223877998683_3326501649892580121_n.jpg?stp=dst-jpg_s150x150&_nc_ht=scontent-yyz1-1.cdninstagram.com&_nc_cat=111&_nc_ohc=LcuPhHl2I-0AX9AKbEP&edm=ALB854YBAAAA&ccb=7-5&oh=00_AfARnA9RXyTmZS2Ehtj-4Js0Q9tyI5h6URt8IiAC3MGlSA&oe=6537EA7E&_nc_sid=ce9561""",false,"""227446941""","""227446941""",0,[],0,false,"""17841401648233553"""
false,"{""is_possible_scammer"": false, ""is_possible_impersonator"": {""is_unconnected_impersonator"": false, ""connected_similar_user_id"": null}, ""is_possible_impersonator_threads"": {""is_unconnected_impersonator"": false, ""connected_similar_user_id"": null}}","""""",false,"""ladelicatessedesmots""","""""","""""","""3150983974738100838_6017047010""","""6017047010""",false,"""https://scontent-yyz1-1.cdninstagram.com/v/t51.2885-19/361605377_295163916379881_2111318660201343224_n.jpg?stp=dst-jpg_s150x150&_nc_ht=scontent-yyz1-1.cdninstagram.com&_nc_cat=109&_nc_ohc=QZUrJgh3RpMAX_nAP-R&edm=ALB854YBAAAA&ccb=7-5&oh=00_AfALiyjL-0EwDJEwsOvS7DbIOylTo6oM-CLc_iKwb2xrgg&oe=65378C17&_nc_sid=ce9561""",false,"""6017047010""","""6017047010""",0,[],0,false,"""17841406210302130"""
false,"{""is_possible_scammer"": false, ""is_possible_impersonator"": {""is_unconnected_impersonator"": false, ""connected_similar_user_id"": null}, ""is_possible_impersonator_threads"": {""is_unconnected_impersonator"": false, ""connected_similar_user_id"": null}}","""Djamso Louis""",false,"""djamso_""","""""","""""","""3167487786189624396_8526491880""","""8526491880""",true,"""https://scontent-yyz1-1.cdninstagram.com/v/t51.2885-19/366439367_136411829514875_3921937598959871676_n.jpg?stp=dst-jpg_s150x150&_nc_ht=scontent-yyz1-1.cdninstagram.com&_nc_cat=111&_nc_ohc=juVArhyConAAX-XNtSK&edm=ALB854YBAAAA&ccb=7-5&oh=00_AfCOzm3d6T2I7Xw_R7iABXqA1T8vaoncWBC6nMaA9G2-0Q&oe=65360557&_nc_sid=ce9561""",false,"""8526491880""","""8526491880""",0,[],0,false,"""17841408516415811"""
false,"{""is_possible_scammer"": false, ""is_possible_impersonator"": {""is_unconnected_impersonator"": false, ""connected_similar_user_id"": null}, ""is_possible_impersonator_threads"": {""is_unconnected_impersonator"": false, ""connected_similar_user_id"": null}}","""Gina Tadros""",true,"""ginatadros""","""""","""""","""2428958955879365888_265186253""","""265186253""",false,"""https://scontent-yyz1-1.cdninstagram.com/v/t51.2885-19/122735634_191656849101585_1321392302392883524_n.jpg?stp=dst-jpg_s150x150&_nc_ht=scontent-yyz1-1.cdninstagram.com&_nc_cat=109&_nc_ohc=fQq8kDxWiDYAX_Pya67&edm=ALB854YBAAAA&ccb=7-5&oh=00_AfAhFbUdSW2EFGXmSN5EfzU6X5eeAl9M6c2WsMNfNW09tQ&oe=65379C19&_nc_sid=ce9561""",false,"""265186253""","""265186253""",0,[],0,false,"""17841401027594143"""
false,"{""is_possible_scammer"": false, ""is_possible_impersonator"": {""is_unconnected_impersonator"": false, ""connected_similar_user_id"": null}, ""is_possible_impersonator_threads"": {""is_unconnected_impersonator"": false, ""connected_similar_user_id"": null}}","""PRICELESS""",false,"""shoppriceless""","""""","""""","""3152238050200527399_201973180""","""201973180""",false,"""https://scontent-yyz1-1.cdninstagram.com/v/t51.2885-19/362682274_1489982421758639_3411627088522359044_n.jpg?stp=dst-jpg_s150x150&_nc_ht=scontent-yyz1-1.cdninstagram.com&_nc_cat=1&_nc_ohc=5OmVklwkCOcAX9jQVM2&edm=ALB854YBAAAA&ccb=7-5&oh=00_AfBX-YQNhhU5ou4kxpzN1GEHGaohdq-zgsgJ8NBXEvl6Gg&oe=653756A9&_nc_sid=ce9561""",false,"""201973180""","""201973180""",1,[],0,false,"""17841401595403155"""
false,"{""is_possible_scammer"": false, ""is_possible_impersonator"": {""is_unconnected_impersonator"": false, ""connected_similar_user_id"": null}, ""is_possible_impersonator_threads"": {""is_unconnected_impersonator"": false, ""connected_similar_user_id"": null}}","""Mylène Carrier""",false,"""mylene.carrier""","""""","""""","""3013672562945954959_1406626717""","""1406626717""",false,"""https://scontent-yyz1-1.cdninstagram.com/v/t51.2885-19/325321464_3253916518272308_2538010280427938048_n.jpg?stp=dst-jpg_s150x150&_nc_ht=scontent-yyz1-1.cdninstagram.com&_nc_cat=108&_nc_ohc=bggYpnp9emgAX8TM260&edm=ALB854YBAAAA&ccb=7-5&oh=00_AfDPfT4iKGIsdvY1WSixdWjiqRv6lYLYQyNrGxrtyA8k0g&oe=65372FAF&_nc_sid=ce9561""",false,"""1406626717""","""1406626717""",0,[],0,false,"""17841401041531978"""
false,"{""is_possible_scammer"": false, ""is_possible_impersonator"": {""is_unconnected_impersonator"": false, ""connected_similar_user_id"": null}, ""is_possible_impersonator_threads"": {""is_unconnected_impersonator"": false, ""connected_similar_user_id"": null}}","""Sebastian""",false,"""grosmechantlapin_""","""""","""""","""2404002368943178421_275093906""","""275093906""",false,"""https://scontent-yyz1-1.cdninstagram.com/v/t51.2885-19/120095837_2678842318884837_8653947203035574840_n.jpg?stp=dst-jpg_s150x150&_nc_ht=scontent-yyz1-1.cdninstagram.com&_nc_cat=109&_nc_ohc=DQsD37pgIYwAX_7Zu6q&edm=ALB854YBAAAA&ccb=7-5&oh=00_AfCvOjVOmn5zqpE0uLh8YWkHpcsPiSPxCxmhhH7CJXpyKA&oe=6537D0B7&_nc_sid=ce9561""",false,"""275093906""","""275093906""",0,[],0,false,"""17841400657184298"""
false,"{""is_possible_scammer"": false, ""is_possible_impersonator"": {""is_unconnected_impersonator"": false, ""connected_similar_user_id"": null}, ""is_possible_impersonator_threads"": {""is_unconnected_impersonator"": false, ""connected_similar_user_id"": null}}","""MelB""",false,"""brienmelo""","""""","""""","""3083952755433823555_567526510""","""567526510""",false,"""https://scontent-yyz1-1.cdninstagram.com/v/t51.2885-19/341854704_676796210881353_7194625404181353093_n.jpg?stp=dst-jpg_s150x150&_nc_ht=scontent-yyz1-1.cdninstagram.com&_nc_cat=109&_nc_ohc=ZKnVWOfX2KsAX-QWg9Z&edm=ALB854YBAAAA&ccb=7-5&oh=00_AfCcoULEQJxYs47DJA260QzhnDffQHdKxpqyPmfPWefjdA&oe=653674A1&_nc_sid=ce9561""",false,"""567526510""","""567526510""",0,[],0,false,"""17841401155308867"""
false,"{""is_possible_scammer"": false, ""is_possible_impersonator"": {""is_unconnected_impersonator"": false, ""connected_similar_user_id"": null}, ""is_possible_impersonator_threads"": {""is_unconnected_impersonator"": false, ""connected_similar_user_id"": null}}","""Majesty’s Pleasure""",true,"""majestyspleasure""","""""","""""","""3175892574883371132_1408779087""","""1408779087""",false,"""https://scontent-yyz1-1.cdninstagram.com/v/t51.2885-19/369404450_1192290185507004_3452226506843592610_n.jpg?stp=dst-jpg_s150x150&_nc_ht=scontent-yyz1-1.cdninstagram.com&_nc_cat=100&_nc_ohc=P72bZGwU7AsAX-URTGc&edm=ALB854YBAAAA&ccb=7-5&oh=00_AfCUVM8f0AzYmF-sNiH5aPKWW0XmbN6Uz-asEcyoJRYlhw&oe=6536A181&_nc_sid=ce9561""",false,"""1408779087""","""1408779087""",0,[],0,false,"""17841400332632012"""
false,"{""is_possible_scammer"": false, ""is_possible_impersonator"": {""is_unconnected_impersonator"": false, ""connected_similar_user_id"": null}, ""is_possible_impersonator_threads"": {""is_unconnected_impersonator"": false, ""connected_similar_user_id"": null}}","""Janni Delér""",true,"""jannid""","""""","""""","""2687345853208964551_10615912""","""10615912""",false,"""https://scontent-yyz1-1.cdninstagram.com/v/t51.2885-19/245903354_1205393576620126_34005751543610664_n.jpg?stp=dst-jpg_s150x150&_nc_ht=scontent-yyz1-1.cdninstagram.com&_nc_cat=1&_nc_ohc=3Dm9iWIVrnYAX9ZEM2A&edm=ALB854YBAAAA&ccb=7-5&oh=00_AfC7dD8ZvR332s78Ml3iFNbzq6hZYe_S__CDiQuM_cYp5Q&oe=65379DC0&_nc_sid=ce9561""",false,"""10615912""","""10615912""",0,[],0,false,"""17841401677360165"""
false,"{""is_possible_scammer"": false, ""is_possible_impersonator"": {""is_unconnected_impersonator"": false, ""connected_similar_user_id"": null}, ""is_possible_impersonator_threads"": {""is_unconnected_impersonator"": false, ""connected_similar_user_id"": null}}","""Ace™1""",false,"""acegotwater""","""""","""""","""3217375948357479308_47466482112""","""47466482112""",false,"""https://scontent-yyz1-1.cdninstagram.com/v/t51.2885-19/393975485_654928270041787_1146046504296748344_n.jpg?stp=dst-jpg_s150x150&_nc_ht=scontent-yyz1-1.cdninstagram.com&_nc_cat=107&_nc_ohc=fi_cV0mPkP8AX8qA8F3&edm=ALB854YBAAAA&ccb=7-5&oh=00_AfCZzksB209RDtChG2UVMCwBwfiEqvZ-WdDgxTu0JWlOYg&oe=6536D12D&_nc_sid=ce9561""",false,"""47466482112""","""47466482112""",0,[],0,false,"""17841447343383310"""
false,"{""is_possible_scammer"": false, ""is_possible_impersonator"": {""is_unconnected_impersonator"": false, ""connected_similar_user_id"": null}, ""is_possible_impersonator_threads"": {""is_unconnected_impersonator"": false, ""connected_similar_user_id"": null}}","""Mary Leest""",true,"""maryleest""","""""","""""","""3034208029478816073_419562966""","""419562966""",false,"""https://scontent-yyz1-1.cdninstagram.com/v/t51.2885-19/329806493_916069706216962_6932876261295552712_n.jpg?stp=dst-jpg_s150x150&_nc_ht=scontent-yyz1-1.cdninstagram.com&_nc_cat=110&_nc_ohc=IV6L2n_XSwYAX82W_L_&edm=ALB854YBAAAA&ccb=7-5&oh=00_AfBjwu8cXDfJOv_oE07XXDyf2WEVWS2OdgFFgVNwUqgKGg&oe=6537E750&_nc_sid=ce9561""",false,"""419562966""","""419562966""",1,[],0,false,"""17841401288986555"""
false,"{""is_possible_scammer"": false, ""is_possible_impersonator"": {""is_unconnected_impersonator"": false, ""connected_similar_user_id"": null}, ""is_possible_impersonator_threads"": {""is_unconnected_impersonator"": false, ""connected_similar_user_id"": null}}","""OBJKTS JEWELRY""",false,"""objktsjewelry""","""""","""""","""2793846134981458408_780069957""","""780069957""",false,"""https://scontent-yyz1-1.cdninstagram.com/v/t51.2885-19/275728853_7947940508564850_4343053014302066784_n.jpg?stp=dst-jpg_s150x150&_nc_ht=scontent-yyz1-1.cdninstagram.com&_nc_cat=1&_nc_ohc=ACf7HJ_ZiucAX_5PZD-&edm=ALB854YBAAAA&ccb=7-5&oh=00_AfBSxiDDyzA2n4pbqFn1kA23Cs2g2lrry_dUJkizy7GGmw&oe=65361112&_nc_sid=ce9561""",false,"""780069957""","""780069957""",1,[],0,false,"""17841401138722188"""
false,"{""is_possible_scammer"": false, ""is_possible_impersonator"": {""is_unconnected_impersonator"": false, ""connected_similar_user_id"": null}, ""is_possible_impersonator_threads"": {""is_unconnected_impersonator"": false, ""connected_similar_user_id"": null}}","""Chéri-Zécoté""",false,"""davidcherizecote""","""""","""""","""3099441231674573342_647552183""","""647552183""",false,"""https://scontent-yyz1-1.cdninstagram.com/v/t51.2885-19/346029850_1250652615588478_6848746843355555319_n.jpg?stp=dst-jpg_s150x150&_nc_ht=scontent-yyz1-1.cdninstagram.com&_nc_cat=110&_nc_ohc=49_GXwGXVn4AX-TT8KY&edm=ALB854YBAAAA&ccb=7-5&oh=00_AfAvWdvdZA9BcZT08rXXrc88U9ajs5cnJriQ2Thj5oBK_A&oe=6536BB03&_nc_sid=ce9561""",false,"""647552183""","""647552183""",1,[],0,false,"""17841400005500118"""
false,"{""is_possible_scammer"": false, ""is_possible_impersonator"": {""is_unconnected_impersonator"": false, ""connected_similar_user_id"": null}, ""is_possible_impersonator_threads"": {""is_unconnected_impersonator"": false, ""connected_similar_user_id"": null}}","""Bianca Ingrosso""",true,"""biancaingrosso""","""""","""""","""3087386318762111139_14398838""","""14398838""",false,"""https://scontent-yyz1-1.cdninstagram.com/v/t51.2885-19/342558380_629303455254606_7239113629005561315_n.jpg?stp=dst-jpg_s150x150&_nc_ht=scontent-yyz1-1.cdninstagram.com&_nc_cat=1&_nc_ohc=rgBL6mArezQAX_e1WeU&edm=ALB854YBAAAA&ccb=7-5&oh=00_AfDscRByh8j_GHfML49HAmtsUmmgBzR4m6Y-miJBfI9IRA&oe=65364D7A&_nc_sid=ce9561""",false,"""14398838""","""14398838""",0,[],0,false,"""17841401885140224"""
false,"{""is_possible_scammer"": false, ""is_possible_impersonator"": {""is_unconnected_impersonator"": false, ""connected_similar_user_id"": null}, ""is_possible_impersonator_threads"": {""is_unconnected_impersonator"": false, ""connected_similar_user_id"": null}}","""Milly""",true,"""millyalcock""","""""","""""","""3155488689553999308_379564524""","""379564524""",false,"""https://scontent-yyz1-1.cdninstagram.com/v/t51.2885-19/362891515_305707021918051_6895177126718201659_n.jpg?stp=dst-jpg_s150x150&_nc_ht=scontent-yyz1-1.cdninstagram.com&_nc_cat=107&_nc_ohc=wsI-k6FCHA8AX8pWf_f&edm=ALB854YBAAAA&ccb=7-5&oh=00_AfBsha_uDPMZrQ1unnELnp52Qc7Ks7VuQD9eMFj4SiRFbg&oe=6537DF27&_nc_sid=ce9561""",false,"""379564524""","""379564524""",0,[],0,false,"""17841401335725930"""
false,"{""is_possible_scammer"": false, ""is_possible_impersonator"": {""is_unconnected_impersonator"": false, ""connected_similar_user_id"": null}, ""is_possible_impersonator_threads"": {""is_unconnected_impersonator"": false, ""connected_similar_user_id"": null}}","""#1 Source for Bravo News""",false,"""bravohousewives""","""""","""""","""3206355705640353531_2289082392""","""2289082392""",false,"""https://scontent-yyz1-1.cdninstagram.com/v/t51.2885-19/385875134_281071751406115_3613220393589669953_n.jpg?stp=dst-jpg_s150x150&_nc_ht=scontent-yyz1-1.cdninstagram.com&_nc_cat=1&_nc_ohc=ZmhJGMp2X_cAX8eYTRA&edm=ALB854YBAAAA&ccb=7-5&oh=00_AfBBySfqrcuiWpNIVDh4-gnC3FtM3ia0UoFNfDqzDJ_Wzg&oe=6537542A&_nc_sid=ce9561""",false,"""2289082392""","""2289082392""",1,[],0,false,"""17841402231776135"""
false,"{""is_possible_scammer"": false, ""is_possible_impersonator"": {""is_unconnected_impersonator"": false, ""connected_similar_user_id"": null}, ""is_possible_impersonator_threads"": {""is_unconnected_impersonator"": false, ""connected_similar_user_id"": null}}","""Candela Gallo""",false,"""canddegallo""","""""","""""","""3033018107647789731_1366995944""","""1366995944""",false,"""https://scontent-yyz1-1.cdninstagram.com/v/t51.2885-19/329761723_2522633477894299_6941437060438035372_n.jpg?stp=dst-jpg_s150x150&_nc_ht=scontent-yyz1-1.cdninstagram.com&_nc_cat=1&_nc_ohc=ZgfltJphN_UAX9wvtlg&edm=ALB854YBAAAA&ccb=7-5&oh=00_AfBoSkJCHFZtItFsza9SslWZjXLLJxKjHk7cgrw3MxwVpQ&oe=65361768&_nc_sid=ce9561""",false,"""1366995944""","""1366995944""",1,[],0,false,"""17841400598341359"""
false,"{""is_possible_scammer"": false, ""is_possible_impersonator"": {""is_unconnected_impersonator"": false, ""connected_similar_user_id"": null}, ""is_possible_impersonator_threads"": {""is_unconnected_impersonator"": false, ""connected_similar_user_id"": null}}","""Amy Bergamin""",false,"""amybergamin""","""""","""""","""3209155787355698146_489122391""","""489122391""",false,"""https://scontent-yyz1-1.cdninstagram.com/v/t51.2885-19/387265772_1266731234016004_4437235501911503179_n.jpg?stp=dst-jpg_s150x150&_nc_ht=scontent-yyz1-1.cdninstagram.com&_nc_cat=104&_nc_ohc=aiAyM9wBvhcAX9jRVAM&edm=ALB854YBAAAA&ccb=7-5&oh=00_AfDovKhc7oZfw3ZsSTzoa5xCRGaRSFnZvnP0DOp-uq9kxw&oe=6537931A&_nc_sid=ce9561""",false,"""489122391""","""489122391""",0,[],0,false,"""17841401031737642"""
false,"{""is_possible_scammer"": false, ""is_possible_impersonator"": {""is_unconnected_impersonator"": false, ""connected_similar_user_id"": null}, ""is_possible_impersonator_threads"": {""is_unconnected_impersonator"": false, ""connected_similar_user_id"": null}}","""Anisa Sojka""",true,"""anisasojka""","""""","""""","""3128505441470006954_20690039""","""20690039""",false,"""https://scontent-yyz1-1.cdninstagram.com/v/t51.2885-19/354438372_1256310485278154_1942239712492593842_n.jpg?stp=dst-jpg_s150x150&_nc_ht=scontent-yyz1-1.cdninstagram.com&_nc_cat=102&_nc_ohc=g3V9NtYWJEEAX-KPwr8&edm=ALB854YBAAAA&ccb=7-5&oh=00_AfDQIRMcApPFYi6VUl7OnEBH8WK3QBAhIi1BDVF8Ksrg5Q&oe=65371D2F&_nc_sid=ce9561""",false,"""20690039""","""20690039""",1,[],0,false,"""17841400541170323"""
false,"{""is_possible_scammer"": false, ""is_possible_impersonator"": {""is_unconnected_impersonator"": false, ""connected_similar_user_id"": null}, ""is_possible_impersonator_threads"": {""is_unconnected_impersonator"": false, ""connected_similar_user_id"": null}}","""sophie (soce)""",false,"""sophieacloutier""","""""","""""","""2565171025376440616_512920482""","""512920482""",false,"""https://scontent-yyz1-1.cdninstagram.com/v/t51.2885-19/181531592_302881651412625_8328229117148651797_n.jpg?stp=dst-jpg_s150x150&_nc_ht=scontent-yyz1-1.cdninstagram.com&_nc_cat=109&_nc_ohc=KBQdryxSOTwAX-QjPNf&edm=ALB854YBAAAA&ccb=7-5&oh=00_AfA8FIplBnwHUHx_uaq4bzY0MCxCSbM3lm0lVbF5BnEzMA&oe=6537810F&_nc_sid=ce9561""",false,"""512920482""","""512920482""",0,[],0,false,"""17841400734468014"""
false,"{""is_possible_scammer"": false, ""is_possible_impersonator"": {""is_unconnected_impersonator"": false, ""connected_similar_user_id"": null}, ""is_possible_impersonator_threads"": {""is_unconnected_impersonator"": false, ""connected_similar_user_id"": null}}","""Julie Lorentzen""",true,"""julievlorentzen""","""""","""""","""2940824715038427757_9414878250""","""9414878250""",false,"""https://scontent-yyz1-1.cdninstagram.com/v/t51.2885-19/310016609_1313555329463824_6812236921301283717_n.jpg?stp=dst-jpg_s150x150&_nc_ht=scontent-yyz1-1.cdninstagram.com&_nc_cat=1&_nc_ohc=5IPouXqkGkkAX8dLa8F&edm=ALB854YBAAAA&ccb=7-5&oh=00_AfCrJLc36-wmltDkdsSSY84JHPCRxUByXy7uEyF_91fB-A&oe=6537740B&_nc_sid=ce9561""",false,"""9414878250""","""9414878250""",1,[],0,false,"""17841409547506859"""
false,"{""is_possible_scammer"": false, ""is_possible_impersonator"": {""is_unconnected_impersonator"": false, ""connected_similar_user_id"": null}, ""is_possible_impersonator_threads"": {""is_unconnected_impersonator"": false, ""connected_similar_user_id"": null}}","""Ashley Brissette, MD MSc FRCSC""",true,"""abrissettemd""","""""","""""","""3169380021936089780_14793279""","""14793279""",false,"""https://scontent-yyz1-1.cdninstagram.com/v/t51.2885-19/367365555_3239581019667212_7216825111116949353_n.jpg?stp=dst-jpg_s150x150&_nc_ht=scontent-yyz1-1.cdninstagram.com&_nc_cat=108&_nc_ohc=EVGujc2OOVAAX_utjUG&edm=ALB854YBAAAA&ccb=7-5&oh=00_AfD9mVUFzJWd5UBvwD3iLFyG6QIjuOX2NvHQ4F2oCt4TVA&oe=65365FF0&_nc_sid=ce9561""",false,"""14793279""","""14793279""",1,[],0,false,"""17841400278370231"""
false,"{""is_possible_scammer"": false, ""is_possible_impersonator"": {""is_unconnected_impersonator"": false, ""connected_similar_user_id"": null}, ""is_possible_impersonator_threads"": {""is_unconnected_impersonator"": false, ""connected_similar_user_id"": null}}","""SOLENE L.""",false,"""solenelara""","""""","""""","""3103420449601994377_288706908""","""288706908""",false,"""https://scontent-yyz1-1.cdninstagram.com/v/t51.2885-19/346881156_982103139876488_5418418938444844945_n.jpg?stp=dst-jpg_s150x150&_nc_ht=scontent-yyz1-1.cdninstagram.com&_nc_cat=108&_nc_ohc=UsT4E_oj5bwAX991JEJ&edm=ALB854YBAAAA&ccb=7-5&oh=00_AfA9ZbXwAKPaf5hqRagd6rdXlQ7OuQjVXiLTCkvG3h_i1g&oe=6537D693&_nc_sid=ce9561""",false,"""288706908""","""288706908""",0,[],0,false,"""17841400087244511"""
false,"{""is_possible_scammer"": false, ""is_possible_impersonator"": {""is_unconnected_impersonator"": false, ""connected_similar_user_id"": null}, ""is_possible_impersonator_threads"": {""is_unconnected_impersonator"": false, ""connected_similar_user_id"": null}}","""Uliana Usenko 🇺🇦""",true,"""u.iulianiya""","""""","""""","""3211762468529620555_741673988""","""741673988""",false,"""https://scontent-yyz1-1.cdninstagram.com/v/t51.2885-19/387682272_3513908168825177_7535557186447289488_n.jpg?stp=dst-jpg_s150x150&_nc_ht=scontent-yyz1-1.cdninstagram.com&_nc_cat=105&_nc_ohc=_GbMuuXEB94AX9br-HY&edm=ALB854YBAAAA&ccb=7-5&oh=00_AfD3zfjM1tPUFBYlR44jZIPYtAAn2ykLH7OWTsvX8c1ZMQ&oe=6536225F&_nc_sid=ce9561""",false,"""741673988""","""741673988""",0,[],0,false,"""17841401259651588"""
false,"{""is_possible_scammer"": false, ""is_possible_impersonator"": {""is_unconnected_impersonator"": false, ""connected_similar_user_id"": null}, ""is_possible_impersonator_threads"": {""is_unconnected_impersonator"": false, ""connected_similar_user_id"": null}}","""nemahsis""",true,"""nemahsis""","""""","""""","""3089819487008498243_217984079""","""217984079""",false,"""https://scontent-yyz1-1.cdninstagram.com/v/t51.2885-19/343045753_256931530130069_6472493365678003985_n.jpg?stp=dst-jpg_s150x150&_nc_ht=scontent-yyz1-1.cdninstagram.com&_nc_cat=105&_nc_ohc=-51SSZfm5zYAX_jXZ3q&edm=ALB854YBAAAA&ccb=7-5&oh=00_AfBP83ip0PtvQfMQd_J6bI105d6VhB4GsRN3n7dup1XvwQ&oe=65361CF3&_nc_sid=ce9561""",false,"""217984079""","""217984079""",0,[],0,false,"""17841400002373406"""
false,"{""is_possible_scammer"": false, ""is_possible_impersonator"": {""is_unconnected_impersonator"": false, ""connected_similar_user_id"": null}, ""is_possible_impersonator_threads"": {""is_unconnected_impersonator"": false, ""connected_similar_user_id"": null}}","""S T E L L A""",false,"""stelladuenyy""","""""","""""","""3217481283529324698_21653122857""","""21653122857""",false,"""https://scontent-yyz1-1.cdninstagram.com/v/t51.2885-19/393510828_579511230943023_6691061010130825400_n.jpg?stp=dst-jpg_s150x150&_nc_ht=scontent-yyz1-1.cdninstagram.com&_nc_cat=103&_nc_ohc=10DWvjQmJmAAX8jn9RY&edm=ALB854YBAAAA&ccb=7-5&oh=00_AfDIoPdIwRpcktiXvYrpAfNp1ppipl8Oq68t1994DxmGKQ&oe=653692C8&_nc_sid=ce9561""",false,"""21653122857""","""21653122857""",0,[],0,false,"""17841421685716640"""
false,"{""is_possible_scammer"": false, ""is_possible_impersonator"": {""is_unconnected_impersonator"": false, ""connected_similar_user_id"": null}, ""is_possible_impersonator_threads"": {""is_unconnected_impersonator"": false, ""connected_similar_user_id"": null}}","""𝑒𝓁𝒾𝓏𝒶𝒷𝑒𝓉𝒽 𝓇𝒶𝓃𝒸𝑜𝓊𝓇𝓉""",false,"""elizabethrancourt""","""""","""""","""3216669539105990188_1635968160""","""1635968160""",false,"""https://scontent-yyz1-1.cdninstagram.com/v/t51.2885-19/392969563_6805858136136607_580185920360260991_n.jpg?stp=dst-jpg_s150x150&_nc_ht=scontent-yyz1-1.cdninstagram.com&_nc_cat=107&_nc_ohc=bhXmKKs0KxEAX_tEk0A&edm=ALB854YBAAAA&ccb=7-5&oh=00_AfABeLLycdAARu9nHKrH8f1Fx053YDRP_Hfenm6-DCVqlg&oe=6536D397&_nc_sid=ce9561""",false,"""1635968160""","""1635968160""",0,[],0,false,"""17841400004825562"""
false,"{""is_possible_scammer"": false, ""is_possible_impersonator"": {""is_unconnected_impersonator"": false, ""connected_similar_user_id"": null}, ""is_possible_impersonator_threads"": {""is_unconnected_impersonator"": false, ""connected_similar_user_id"": null}}","""LENA""",true,"""lenkalul""","""""","""""","""2875889467987510314_1117899932""","""1117899932""",false,"""https://scontent-yyz1-1.cdninstagram.com/v/t51.2885-19/291975055_605870827467562_661198315850164859_n.jpg?stp=dst-jpg_s150x150&_nc_ht=scontent-yyz1-1.cdninstagram.com&_nc_cat=1&_nc_ohc=d0PCtz64x_4AX8GHJiq&edm=ALB854YBAAAA&ccb=7-5&oh=00_AfAHdFDZi-TUbVcyEfWc_wiA2c1QhchK4kUWGTvkF_stMw&oe=65378B11&_nc_sid=ce9561""",false,"""1117899932""","""1117899932""",1,[],0,false,"""17841400357977467"""
false,"{""is_possible_scammer"": false, ""is_possible_impersonator"": {""is_unconnected_impersonator"": false, ""connected_similar_user_id"": null}, ""is_possible_impersonator_threads"": {""is_unconnected_impersonator"": false, ""connected_similar_user_id"": null}}","""fiona""",true,"""fionazanetti""","""""","""""","""3126244017582515309_185614802""","""185614802""",false,"""https://scontent-yyz1-1.cdninstagram.com/v/t51.2885-19/354411805_219779227610078_7295024793909056939_n.jpg?stp=dst-jpg_s150x150&_nc_ht=scontent-yyz1-1.cdninstagram.com&_nc_cat=102&_nc_ohc=8qG9BengfWkAX_DvB1R&edm=ALB854YBAAAA&ccb=7-5&oh=00_AfDP0RFx0FkmtkbfDIIb2molCM5mLo87cWxxb-lUpKAMYg&oe=6537C279&_nc_sid=ce9561""",false,"""185614802""","""185614802""",0,[],0,false,"""17841400444062900"""
false,"{""is_possible_scammer"": false, ""is_possible_impersonator"": {""is_unconnected_impersonator"": false, ""connected_similar_user_id"": null}, ""is_possible_impersonator_threads"": {""is_unconnected_impersonator"": false, ""connected_similar_user_id"": null}}","""Ebyni""",false,"""ebynibond""","""""","""""","""2924286207056584216_2243157491""","""2243157491""",false,"""https://scontent-yyz1-1.cdninstagram.com/v/t51.2885-19/305880300_193109263095110_4189406065666872973_n.jpg?stp=dst-jpg_s150x150&_nc_ht=scontent-yyz1-1.cdninstagram.com&_nc_cat=102&_nc_ohc=M7TFBNBIpq8AX9BCQ6L&edm=ALB854YBAAAA&ccb=7-5&oh=00_AfAujEv04v-SR9rwe71LcyIZEPi8APM3d_XR3xY8-2vkEA&oe=653773DA&_nc_sid=ce9561""",false,"""2243157491""","""2243157491""",0,[],0,false,"""17841402324740394"""
false,"{""is_possible_scammer"": false, ""is_possible_impersonator"": {""is_unconnected_impersonator"": false, ""connected_similar_user_id"": null}, ""is_possible_impersonator_threads"": {""is_unconnected_impersonator"": false, ""connected_similar_user_id"": null}}","""Maryka Lebeau""",false,"""mary_lebeau01""","""""","""""","""3199198909594391224_1291569639""","""1291569639""",false,"""https://scontent-yyz1-1.cdninstagram.com/v/t51.2885-19/382940746_2018761168476595_4464812083042910890_n.jpg?stp=dst-jpg_s150x150&_nc_ht=scontent-yyz1-1.cdninstagram.com&_nc_cat=107&_nc_ohc=Q2W3OdrsohAAX_ivdao&edm=ALB854YBAAAA&ccb=7-5&oh=00_AfDKtTB77VbDumBLmPvESdGGy79NFzYDdnU-eU-7VJtwMg&oe=653683E2&_nc_sid=ce9561""",false,"""1291569639""","""1291569639""",0,[],0,false,"""17841401489190180"""
false,"{""is_possible_scammer"": false, ""is_possible_impersonator"": {""is_unconnected_impersonator"": false, ""connected_similar_user_id"": null}, ""is_possible_impersonator_threads"": {""is_unconnected_impersonator"": false, ""connected_similar_user_id"": null}}","""THOMAS STRAKER""",true,"""thomas_straker""","""""","""""","""3171138881204722169_193974924""","""193974924""",false,"""https://scontent-yyz1-1.cdninstagram.com/v/t51.2885-19/367525142_3514319262230536_882600883236319762_n.jpg?stp=dst-jpg_s150x150&_nc_ht=scontent-yyz1-1.cdninstagram.com&_nc_cat=1&_nc_ohc=He1rNAx3QIoAX-_1RLH&edm=ALB854YBAAAA&ccb=7-5&oh=00_AfAu9MziLTUclrhwu-J4mnAN52CsThxcssSwetYjx5iSeg&oe=6536DD54&_nc_sid=ce9561""",false,"""193974924""","""193974924""",1,[],0,false,"""17841401647723030"""
false,"{""is_possible_scammer"": false, ""is_possible_impersonator"": {""is_unconnected_impersonator"": false, ""connected_similar_user_id"": null}, ""is_possible_impersonator_threads"": {""is_unconnected_impersonator"": false, ""connected_similar_user_id"": null}}","""Jasmin""",false,"""jasminlily_""","""""","""""","""3098280727535670540_56105303581""","""56105303581""",false,"""https://scontent-yyz1-1.cdninstagram.com/v/t51.2885-19/345112589_562971672488170_4769118499932574016_n.jpg?stp=dst-jpg_s150x150&_nc_ht=scontent-yyz1-1.cdninstagram.com&_nc_cat=1&_nc_ohc=hp4UjVq9YpAAX-hIdvX&edm=ALB854YBAAAA&ccb=7-5&oh=00_AfDUVNGy3LW80sffE2szl2JoX-3flRuL5UzNUKXN7qih-Q&oe=6537A99D&_nc_sid=ce9561""",false,"""56105303581""","""56105303581""",0,[],0,false,"""17841456147453162"""
false,"{""is_possible_scammer"": false, ""is_possible_impersonator"": {""is_unconnected_impersonator"": false, ""connected_similar_user_id"": null}, ""is_possible_impersonator_threads"": {""is_unconnected_impersonator"": false, ""connected_similar_user_id"": null}}","""Lala Kent""",true,"""lalakent""","""""","""""","""3017305455413086837_1528850477""","""1528850477""",false,"""https://scontent-yyz1-1.cdninstagram.com/v/t51.2885-19/325607628_1112457342761684_7224162912678710769_n.jpg?stp=dst-jpg_s150x150&_nc_ht=scontent-yyz1-1.cdninstagram.com&_nc_cat=1&_nc_ohc=II_8kGKZ7OMAX96TZPB&edm=ALB854YBAAAA&ccb=7-5&oh=00_AfDDaDPPlFhHWPSCGGVrSHpHOWvn0M_zjU2D305xlupysA&oe=6536B265&_nc_sid=ce9561""",false,"""1528850477""","""1528850477""",1,[],0,false,"""17841400554333888"""
false,"{""is_possible_scammer"": false, ""is_possible_impersonator"": {""is_unconnected_impersonator"": false, ""connected_similar_user_id"": null}, ""is_possible_impersonator_threads"": {""is_unconnected_impersonator"": false, ""connected_similar_user_id"": null}}","""Alyson Grondin""",false,"""alyson_grondin""","""""","""""","""3187409504102383528_2996590597""","""2996590597""",true,"""https://scontent-yyz1-1.cdninstagram.com/v/t51.2885-19/376747746_1343370143248285_6394231513480393403_n.jpg?stp=dst-jpg_s150x150&_nc_ht=scontent-yyz1-1.cdninstagram.com&_nc_cat=101&_nc_ohc=5WiDjC5FhpMAX9oVK2B&edm=ALB854YBAAAA&ccb=7-5&oh=00_AfANhLtsFbfEwTp-1rG_u8o5QplmQ2yFHFYg88POdSUsmQ&oe=6537F3BF&_nc_sid=ce9561""",false,"""2996590597""","""2996590597""",0,[],0,false,"""17841403077924573"""
false,"{""is_possible_scammer"": false, ""is_possible_impersonator"": {""is_unconnected_impersonator"": false, ""connected_similar_user_id"": null}, ""is_possible_impersonator_threads"": {""is_unconnected_impersonator"": false, ""connected_similar_user_id"": null}}","""Marwa Khalil""",false,"""marwa.khalil""","""""","""""","""3208736329944347007_1324400264""","""1324400264""",false,"""https://scontent-yyz1-1.cdninstagram.com/v/t51.2885-19/386459882_265204972592303_6225519284536226576_n.jpg?stp=dst-jpg_s150x150&_nc_ht=scontent-yyz1-1.cdninstagram.com&_nc_cat=111&_nc_ohc=EMQ_3JSrcl8AX84nKlY&edm=ALB854YBAAAA&ccb=7-5&oh=00_AfA3gd5jphBdrDTlKg-ULm3HbHtze-8z6E2NA_bJVlN5UA&oe=6536AA64&_nc_sid=ce9561""",false,"""1324400264""","""1324400264""",0,[],0,false,"""17841401447940693"""
false,"{""is_possible_scammer"": false, ""is_possible_impersonator"": {""is_unconnected_impersonator"": false, ""connected_similar_user_id"": null}, ""is_possible_impersonator_threads"": {""is_unconnected_impersonator"": false, ""connected_similar_user_id"": null}}","""Gabrielle Julien""",false,"""gabriellejulien_""","""""","""""","""2893948151939126788_1343311668""","""1343311668""",false,"""https://scontent-yyz1-1.cdninstagram.com/v/t51.2885-19/296017374_404035781593010_6147123516382423307_n.jpg?stp=dst-jpg_s150x150&_nc_ht=scontent-yyz1-1.cdninstagram.com&_nc_cat=102&_nc_ohc=mj7UkHiCXOgAX9JswgT&edm=ALB854YBAAAA&ccb=7-5&oh=00_AfAJTfPGGlw2_dsWeSvZvGwOYuDV2adiUSNt0Lae4jfjEA&oe=65363AA3&_nc_sid=ce9561""",false,"""1343311668""","""1343311668""",0,[],0,false,"""17841400470060989"""
false,"{""is_possible_scammer"": false, ""is_possible_impersonator"": {""is_unconnected_impersonator"": false, ""connected_similar_user_id"": null}, ""is_possible_impersonator_threads"": {""is_unconnected_impersonator"": false, ""connected_similar_user_id"": null}}","""ᴍᴏᴏɴ ʟᴏᴠᴇʀs""",false,"""moonlovers___""","""""","""""","""2439407175632963276_5311352172""","""5311352172""",false,"""https://scontent-yyz1-1.cdninstagram.com/v/t51.2885-19/124625618_370649504209319_6189151159343428234_n.jpg?stp=dst-jpg_s150x150&_nc_ht=scontent-yyz1-1.cdninstagram.com&_nc_cat=1&_nc_ohc=gRWWEPYOCzcAX9Hdm9G&edm=ALB854YBAAAA&ccb=7-5&oh=00_AfD8mRBbZjuecd-w5-3QtY6TZCbKyz6z42Ao_yupaxexqQ&oe=6536DDB5&_nc_sid=ce9561""",false,"""5311352172""","""5311352172""",1,[],0,false,"""17841405285163919"""
false,"{""is_possible_scammer"": false, ""is_possible_impersonator"": {""is_unconnected_impersonator"": false, ""connected_similar_user_id"": null}, ""is_possible_impersonator_threads"": {""is_unconnected_impersonator"": false, ""connected_similar_user_id"": null}}","""Alexa""",false,"""alexasearth""","""""","""""","""3097497784180374532_189921807""","""189921807""",false,"""https://scontent-yyz1-1.cdninstagram.com/v/t51.2885-19/345072096_275345018164452_7709786690312027536_n.jpg?stp=dst-jpg_s150x150&_nc_ht=scontent-yyz1-1.cdninstagram.com&_nc_cat=100&_nc_ohc=vwarv84AxnEAX-3uEu_&edm=ALB854YBAAAA&ccb=7-5&oh=00_AfCdMw0TzlyAhZlX61X7_7gIMyhrwbxud3G7Qo9UmBming&oe=65366393&_nc_sid=ce9561""",false,"""189921807""","""189921807""",0,[],0,false,"""17841401014212967"""
false,"{""is_possible_scammer"": false, ""is_possible_impersonator"": {""is_unconnected_impersonator"": false, ""connected_similar_user_id"": null}, ""is_possible_impersonator_threads"": {""is_unconnected_impersonator"": false, ""connected_similar_user_id"": null}}","""Alice Linnea🤍""",false,"""xx.alicelinnea.xx""","""""","""""","""3159149687833968021_51023465843""","""51023465843""",false,"""https://scontent-yyz1-1.cdninstagram.com/v/t51.2885-19/363503815_1219188392812864_3336156176558295119_n.jpg?stp=dst-jpg_s150x150&_nc_ht=scontent-yyz1-1.cdninstagram.com&_nc_cat=104&_nc_ohc=6AIlJecMMs4AX8tXmDg&edm=ALB854YBAAAA&ccb=7-5&oh=00_AfAPdYcyGbpuxnCd8fhXIkpiK0G9oOWaCCex0t-eoH5dDA&oe=65374F4C&_nc_sid=ce9561""",false,"""51023465843""","""51023465843""",2,[],0,false,"""17841450935307933"""
false,"{""is_possible_scammer"": false, ""is_possible_impersonator"": {""is_unconnected_impersonator"": false, ""connected_similar_user_id"": null}, ""is_possible_impersonator_threads"": {""is_unconnected_impersonator"": false, ""connected_similar_user_id"": null}}","""Loriane""",false,"""lorianegl""","""""","""""","""2764545941313277338_1249552192""","""1249552192""",false,"""https://scontent-yyz1-1.cdninstagram.com/v/t51.2885-19/260107071_103447625593080_6407994896384291105_n.jpg?stp=dst-jpg_s150x150&_nc_ht=scontent-yyz1-1.cdninstagram.com&_nc_cat=100&_nc_ohc=HK2zAi7Cm5sAX9mP0s1&edm=ALB854YBAAAA&ccb=7-5&oh=00_AfC1mdEPJvjCfDJrN4isWW2kNKY3DBaZJRZWuDs90k8Dkw&oe=65367272&_nc_sid=ce9561""",false,"""1249552192""","""1249552192""",0,[],0,false,"""17841400485779524"""
false,"{""is_possible_scammer"": false, ""is_possible_impersonator"": {""is_unconnected_impersonator"": false, ""connected_similar_user_id"": null}, ""is_possible_impersonator_threads"": {""is_unconnected_impersonator"": false, ""connected_similar_user_id"": null}}","""Juliette Thibodeau""",false,"""juthibz""","""""","""""","""3206351273896613929_1577323449""","""1577323449""",false,"""https://scontent-yyz1-1.cdninstagram.com/v/t51.2885-19/386581986_835690171263507_8632042124473103988_n.jpg?stp=dst-jpg_s150x150&_nc_ht=scontent-yyz1-1.cdninstagram.com&_nc_cat=103&_nc_ohc=vBjfXjset0wAX-8JyN6&edm=ALB854YBAAAA&ccb=7-5&oh=00_AfDi3YXCe3_GeaC6QabQVCjFyMKYVbwnfI6iDLxrWrbGbA&oe=653649DE&_nc_sid=ce9561""",false,"""1577323449""","""1577323449""",0,[],0,false,"""17841401303494645"""
false,"{""is_possible_scammer"": false, ""is_possible_impersonator"": {""is_unconnected_impersonator"": false, ""connected_similar_user_id"": null}, ""is_possible_impersonator_threads"": {""is_unconnected_impersonator"": false, ""connected_similar_user_id"": null}}","""New York Times Travel""",true,"""nytimestravel""","""""","""""","""2293224459160733959_1450084710""","""1450084710""",false,"""https://scontent-yyz1-1.cdninstagram.com/v/t51.2885-19/94225606_684631908968430_7933016462153744384_n.jpg?stp=dst-jpg_s150x150&_nc_ht=scontent-yyz1-1.cdninstagram.com&_nc_cat=1&_nc_ohc=Luad8JRCJ0YAX9NbWqZ&edm=ALB854YBAAAA&ccb=7-5&oh=00_AfAzUFcOwlFc25GrO5imq6dEfSmvDHR5awccmCiuC74fdQ&oe=6536B926&_nc_sid=ce9561""",false,"""1450084710""","""1450084710""",0,[],0,false,"""17841401101322657"""
false,"{""is_possible_scammer"": false, ""is_possible_impersonator"": {""is_unconnected_impersonator"": false, ""connected_similar_user_id"": null}, ""is_possible_impersonator_threads"": {""is_unconnected_impersonator"": false, ""connected_similar_user_id"": null}}","""Womenswear""",false,"""lessisworefemales""","""""","""""","""2231647171512548374_17684409214""","""17684409214""",false,"""https://scontent-yyz1-1.cdninstagram.com/v/t51.2885-19/81914455_135716140825603_2050324053176090624_n.jpg?stp=dst-jpg_s150x150&_nc_ht=scontent-yyz1-1.cdninstagram.com&_nc_cat=1&_nc_ohc=2wpAj0McU8kAX8b8JeZ&edm=ALB854YBAAAA&ccb=7-5&oh=00_AfAImLdQQwWADD_B_C9LOooMQILULTVE2ZQwe4w-kPDQAA&oe=6536C139&_nc_sid=ce9561""",false,"""17684409214""","""17684409214""",0,[],0,false,"""17841417556440551"""
false,"{""is_possible_scammer"": false, ""is_possible_impersonator"": {""is_unconnected_impersonator"": false, ""connected_similar_user_id"": null}, ""is_possible_impersonator_threads"": {""is_unconnected_impersonator"": false, ""connected_similar_user_id"": null}}","""Motivational & Relatable""",false,"""advice""","""""","""""","""2363160738200929083_179887618""","""179887618""",false,"""https://scontent-yyz1-1.cdninstagram.com/v/t51.2885-19/115821383_214623133199457_3304201850383007164_n.jpg?stp=dst-jpg_s150x150&_nc_ht=scontent-yyz1-1.cdninstagram.com&_nc_cat=1&_nc_ohc=u5KLnrqanfMAX-2RYTB&edm=ALB854YBAAAA&ccb=7-5&oh=00_AfD2IRc6aPcBZ2KwpWrLM55FPKalGcJb1ziZ3KIryRMCzw&oe=653622F6&_nc_sid=ce9561""",false,"""179887618""","""179887618""",1,[],0,false,"""17841401428542810"""
false,"{""is_possible_scammer"": false, ""is_possible_impersonator"": {""is_unconnected_impersonator"": false, ""connected_similar_user_id"": null}, ""is_possible_impersonator_threads"": {""is_unconnected_impersonator"": false, ""connected_similar_user_id"": null}}","""Anastazia Dupee""",true,"""anastaziadupee""","""""","""""","""3070898959114366772_315597280""","""315597280""",false,"""https://scontent-yyz1-1.cdninstagram.com/v/t51.2885-19/338893166_233423015878455_5309618055430514101_n.jpg?stp=dst-jpg_s150x150&_nc_ht=scontent-yyz1-1.cdninstagram.com&_nc_cat=1&_nc_ohc=KBqpfzZYkQMAX_qbG-q&edm=ALB854YBAAAA&ccb=7-5&oh=00_AfD0msM61dTXyfjnIvAFY-qSd5DwTMO-zp14HX10cnPByw&oe=65367E55&_nc_sid=ce9561""",false,"""315597280""","""315597280""",1,[],0,false,"""17841400398404931"""
false,"{""is_possible_scammer"": false, ""is_possible_impersonator"": {""is_unconnected_impersonator"": false, ""connected_similar_user_id"": null}, ""is_possible_impersonator_threads"": {""is_unconnected_impersonator"": false, ""connected_similar_user_id"": null}}","""Andréane Blanchard""",false,"""blanchard__a""","""""","""""","""3032469586587513056_441113704""","""441113704""",false,"""https://scontent-yyz1-1.cdninstagram.com/v/t51.2885-19/328684487_746063760418054_6406224299861330517_n.jpg?stp=dst-jpg_s150x150&_nc_ht=scontent-yyz1-1.cdninstagram.com&_nc_cat=110&_nc_ohc=XO4NM10b6AkAX8-eTru&edm=ALB854YBAAAA&ccb=7-5&oh=00_AfCUrX3n7JK2Xek4vZEXB4CZbuA3zqqHEVYl7T-7qk-uVA&oe=6536ED5A&_nc_sid=ce9561""",false,"""441113704""","""441113704""",0,[],0,false,"""17841400771126892"""
false,"{""is_possible_scammer"": false, ""is_possible_impersonator"": {""is_unconnected_impersonator"": false, ""connected_similar_user_id"": null}, ""is_possible_impersonator_threads"": {""is_unconnected_impersonator"": false, ""connected_similar_user_id"": null}}","""Frédérique Crépeau""",false,"""fredcrepeau""","""""","""""","""2956089108570244640_1562593971""","""1562593971""",false,"""https://scontent-yyz1-1.cdninstagram.com/v/t51.2885-19/312610577_666251161507569_8416342363256598645_n.jpg?stp=dst-jpg_s150x150&_nc_ht=scontent-yyz1-1.cdninstagram.com&_nc_cat=109&_nc_ohc=lGHbjiI_aUUAX8WsXDo&edm=ALB854YBAAAA&ccb=7-5&oh=00_AfCDVabLlEL7OKlwVZ8GKVDM8hxh69ox3igT9V35q6XELw&oe=6536FF76&_nc_sid=ce9561""",false,"""1562593971""","""1562593971""",0,[],0,false,"""17841401019154415"""
false,"{""is_possible_scammer"": false, ""is_possible_impersonator"": {""is_unconnected_impersonator"": false, ""connected_similar_user_id"": null}, ""is_possible_impersonator_threads"": {""is_unconnected_impersonator"": false, ""connected_similar_user_id"": null}}","""Poems Porn""",false,"""poemsporn_""","""""","""""","""""","""1117541687""",false,"""https://scontent-yyz1-1.cdninstagram.com/v/t51.2885-19/10899406_323576844501546_1835026942_a.jpg?_nc_ht=scontent-yyz1-1.cdninstagram.com&_nc_cat=1&_nc_ohc=DIfXiM2GTAwAX8nYQ3s&edm=ALB854YBAAAA&ccb=7-5&oh=00_AfDnRTcaKNrBNlMFhuKVXMCAVqeOli5PZIfLttLLXBpLLQ&oe=65376F47&_nc_sid=ce9561""",false,"""1117541687""","""1117541687""",0,[],0,false,"""17841401130627461"""
false,"{""is_possible_scammer"": false, ""is_possible_impersonator"": {""is_unconnected_impersonator"": false, ""connected_similar_user_id"": null}, ""is_possible_impersonator_threads"": {""is_unconnected_impersonator"": false, ""connected_similar_user_id"": null}}","""Nabil Zerban""",false,"""nabilzerban""","""""","""""","""2925187158966434379_1982720104""","""1982720104""",false,"""https://scontent-yyz1-1.cdninstagram.com/v/t51.2885-19/306441203_1280991992726758_6943024342950100180_n.jpg?stp=dst-jpg_s150x150&_nc_ht=scontent-yyz1-1.cdninstagram.com&_nc_cat=110&_nc_ohc=WpMlFYN5MhgAX8WAyhS&edm=ALB854YBAAAA&ccb=7-5&oh=00_AfBT04Ku2zHkDPAUZpOlba3Pv0ASuUwatg6PtNSJ_VbgGA&oe=653610CF&_nc_sid=ce9561""",false,"""1982720104""","""1982720104""",0,[],0,false,"""17841401923127840"""
false,"{""is_possible_scammer"": false, ""is_possible_impersonator"": {""is_unconnected_impersonator"": false, ""connected_similar_user_id"": null}, ""is_possible_impersonator_threads"": {""is_unconnected_impersonator"": false, ""connected_similar_user_id"": null}}","""Sexe Oral Podcast""",false,"""sexeoral.podcast""","""""","""""","""3006349546355021102_47773560371""","""47773560371""",false,"""https://scontent-yyz1-1.cdninstagram.com/v/t51.2885-19/323357859_131505999775613_2707155462497168774_n.jpg?stp=dst-jpg_s150x150&_nc_ht=scontent-yyz1-1.cdninstagram.com&_nc_cat=1&_nc_ohc=Wfza5G_-SfsAX9n4oOS&edm=ALB854YBAAAA&ccb=7-5&oh=00_AfBn43Ys3gvtA-FIJqAGJyKUsTuby-4EfmVh4nVUxkEZIg&oe=653792DF&_nc_sid=ce9561""",false,"""47773560371""","""47773560371""",0,[],0,false,"""17841447771131695"""
false,"{""is_possible_scammer"": false, ""is_possible_impersonator"": {""is_unconnected_impersonator"": false, ""connected_similar_user_id"": null}, ""is_possible_impersonator_threads"": {""is_unconnected_impersonator"": false, ""connected_similar_user_id"": null}}","""Khara""",false,"""kharadenk""","""""","""""","""3134604294057780883_5724661413""","""5724661413""",false,"""https://scontent-yyz1-1.cdninstagram.com/v/t51.2885-19/356382393_512976827636349_2776317662739451176_n.jpg?stp=dst-jpg_s150x150&_nc_ht=scontent-yyz1-1.cdninstagram.com&_nc_cat=109&_nc_ohc=QyEN4l8iD2sAX_a2eIA&edm=ALB854YBAAAA&ccb=7-5&oh=00_AfCe63KzOnnBgI0nICZaY-mpFqr4u37lpfiYFgWOJF3i2w&oe=6536007C&_nc_sid=ce9561""",false,"""5724661413""","""5724661413""",0,[],0,false,"""17841405682415582"""
false,"{""is_possible_scammer"": false, ""is_possible_impersonator"": {""is_unconnected_impersonator"": false, ""connected_similar_user_id"": null}, ""is_possible_impersonator_threads"": {""is_unconnected_impersonator"": false, ""connected_similar_user_id"": null}}","""Emma D’Arcy""",true,"""emmaziadarcy""","""""","""""","""2953209811867385751_38524041236""","""38524041236""",false,"""https://scontent-yyz1-1.cdninstagram.com/v/t51.2885-19/312070925_1428564884334396_5906644155036992593_n.jpg?stp=dst-jpg_s150x150&_nc_ht=scontent-yyz1-1.cdninstagram.com&_nc_cat=100&_nc_ohc=L36RvTbuVvkAX_3D-ex&edm=ALB854YBAAAA&ccb=7-5&oh=00_AfDw8oddopXsyWpYKyeALs2QH_LO1eBKIzVHMnd5RT4Chg&oe=65374ABB&_nc_sid=ce9561""",false,"""38524041236""","""38524041236""",0,[],0,false,"""17841438437095505"""
false,"{""is_possible_scammer"": false, ""is_possible_impersonator"": {""is_unconnected_impersonator"": false, ""connected_similar_user_id"": null}, ""is_possible_impersonator_threads"": {""is_unconnected_impersonator"": false, ""connected_similar_user_id"": null}}","""Ghost""",false,"""elube.w""","""""","""""","""3084410701833927839_2283688256""","""2283688256""",false,"""https://scontent-yyz1-1.cdninstagram.com/v/t51.2885-19/330204319_486378356948172_6021056785617030892_n.jpg?stp=dst-jpg_s150x150&_nc_ht=scontent-yyz1-1.cdninstagram.com&_nc_cat=100&_nc_ohc=rHoKljrUOkMAX_CjeM-&edm=ALB854YBAAAA&ccb=7-5&oh=00_AfAgO4vIBZ8CC_V-EvaOX_5j3O5AVyXcmF34y-yNm2SePg&oe=6537D742&_nc_sid=ce9561""",false,"""2283688256""","""2283688256""",0,[],0,false,"""17841402167695461"""
false,"{""is_possible_scammer"": false, ""is_possible_impersonator"": {""is_unconnected_impersonator"": false, ""connected_similar_user_id"": null}, ""is_possible_impersonator_threads"": {""is_unconnected_impersonator"": false, ""connected_similar_user_id"": null}}","""Jokezar • Your Daily Dose of Memes & Comedy""",false,"""jokezar""","""""","""""","""3085124359144368058_5769514091""","""5769514091""",false,"""https://scontent-yyz1-1.cdninstagram.com/v/t51.2885-19/342066761_625497912727146_1101887585342215850_n.jpg?stp=dst-jpg_s150x150&_nc_ht=scontent-yyz1-1.cdninstagram.com&_nc_cat=1&_nc_ohc=v-hk8JAYH1gAX-jZYX6&edm=ALB854YBAAAA&ccb=7-5&oh=00_AfC8ASTEHBOB7UKnt6Vx4m7I2bzfd5T4MQ-cPAGy9cmPcQ&oe=6536CBD1&_nc_sid=ce9561""",false,"""5769514091""","""5769514091""",0,[],0,false,"""17841405822731189"""
false,"{""is_possible_scammer"": false, ""is_possible_impersonator"": {""is_unconnected_impersonator"": false, ""connected_similar_user_id"": null}, ""is_possible_impersonator_threads"": {""is_unconnected_impersonator"": false, ""connected_similar_user_id"": null}}","""sadquotepage""",false,"""sadquotepage""","""""","""""","""2332393803090756787_371379397""","""371379397""",false,"""https://scontent-yyz1-1.cdninstagram.com/v/t51.2885-19/104201758_613137689556723_2316883891069760888_n.jpg?stp=dst-jpg_s150x150&_nc_ht=scontent-yyz1-1.cdninstagram.com&_nc_cat=1&_nc_ohc=cATBwY-o5bkAX-8bAd1&edm=ALB854YBAAAA&ccb=7-5&oh=00_AfDeuXY954945pc8rysgFaOuwPHJFbFFdz0Wj4A0v9RPlw&oe=6536CF0A&_nc_sid=ce9561""",false,"""371379397""","""371379397""",0,[],0,false,"""17841401541915802"""
false,"{""is_possible_scammer"": false, ""is_possible_impersonator"": {""is_unconnected_impersonator"": false, ""connected_similar_user_id"": null}, ""is_possible_impersonator_threads"": {""is_unconnected_impersonator"": false, ""connected_similar_user_id"": null}}","""Edouard Laurent""",false,"""edouard__laurent""","""""","""""","""3110216561004844040_4184386364""","""4184386364""",false,"""https://scontent-yyz1-1.cdninstagram.com/v/t51.2885-19/348986027_969111937864747_1475197612647699493_n.jpg?stp=dst-jpg_s150x150&_nc_ht=scontent-yyz1-1.cdninstagram.com&_nc_cat=107&_nc_ohc=yVeOSCliLvEAX8GU0iZ&edm=ALB854YBAAAA&ccb=7-5&oh=00_AfB9nbXlp3NCdLojnGvMeXmjaN1dKzXpeTJUuV29HBdTTw&oe=653675A9&_nc_sid=ce9561""",false,"""4184386364""","""4184386364""",0,[],0,false,"""17841404150933048"""
false,"{""is_possible_scammer"": false, ""is_possible_impersonator"": {""is_unconnected_impersonator"": false, ""connected_similar_user_id"": null}, ""is_possible_impersonator_threads"": {""is_unconnected_impersonator"": false, ""connected_similar_user_id"": null}}","""Angelina Lilienne 🦋""",false,"""angelina.lilienne""","""""","""""","""3087546825968031936_2199832430""","""2199832430""",false,"""https://scontent-yyz1-1.cdninstagram.com/v/t51.2885-19/342726321_620984802861286_6546727939139253774_n.jpg?stp=dst-jpg_s150x150&_nc_ht=scontent-yyz1-1.cdninstagram.com&_nc_cat=1&_nc_ohc=tcHlLA8eSS8AX9GsR6L&edm=ALB854YBAAAA&ccb=7-5&oh=00_AfBzyhAEyFv1n6AvXFxoSAxHxeq7TUqUFci4SA70mFjbnQ&oe=6535FCA8&_nc_sid=ce9561""",false,"""2199832430""","""2199832430""",1,[],0,false,"""17841402172904979"""
false,"{""is_possible_scammer"": false, ""is_possible_impersonator"": {""is_unconnected_impersonator"": false, ""connected_similar_user_id"": null}, ""is_possible_impersonator_threads"": {""is_unconnected_impersonator"": false, ""connected_similar_user_id"": null}}","""ALISSA""",false,"""alissajanay""","""""","""""","""2272863994468184189_2368149463""","""2368149463""",false,"""https://scontent-yyz1-1.cdninstagram.com/v/t51.2885-19/90633796_920367728414500_810032395393695744_n.jpg?stp=dst-jpg_s150x150&_nc_ht=scontent-yyz1-1.cdninstagram.com&_nc_cat=1&_nc_ohc=THtVm8FwFp4AX_GaX2p&edm=ALB854YBAAAA&ccb=7-5&oh=00_AfAi10GhzRLZC3LRopHiUSVQ8svi1lygnQJEuF9erPvdvA&oe=6536D15E&_nc_sid=ce9561""",false,"""2368149463""","""2368149463""",1,[],0,false,"""17841402323916018"""
false,"{""is_possible_scammer"": false, ""is_possible_impersonator"": {""is_unconnected_impersonator"": false, ""connected_similar_user_id"": null}, ""is_possible_impersonator_threads"": {""is_unconnected_impersonator"": false, ""connected_similar_user_id"": null}}","""Lyss Boss""",true,"""lyss""","""""","""""","""3198928915653169110_392746336""","""392746336""",false,"""https://scontent-yyz1-1.cdninstagram.com/v/t51.2885-19/381695011_788898756574178_4909297341816618030_n.jpg?stp=dst-jpg_s150x150&_nc_ht=scontent-yyz1-1.cdninstagram.com&_nc_cat=1&_nc_ohc=drgaCmmsOzgAX-GoshB&edm=ALB854YBAAAA&ccb=7-5&oh=00_AfC7gQ0Pc7Kj_dTxhI1X32voe0A5Gv3o_qvl4rITC5NRPg&oe=65378755&_nc_sid=ce9561""",false,"""392746336""","""392746336""",1,[],0,false,"""17841401270086136"""
false,"{""is_possible_scammer"": false, ""is_possible_impersonator"": {""is_unconnected_impersonator"": false, ""connected_similar_user_id"": null}, ""is_possible_impersonator_threads"": {""is_unconnected_impersonator"": false, ""connected_similar_user_id"": null}}","""Kristina Girod""",true,"""thekristinagirod""","""""","""""","""3118012857900275184_4459448522""","""4459448522""",false,"""https://scontent-yyz1-1.cdninstagram.com/v/t51.2885-19/351246687_798223538499393_901886644930620417_n.jpg?stp=dst-jpg_s150x150&_nc_ht=scontent-yyz1-1.cdninstagram.com&_nc_cat=1&_nc_ohc=ML88C1x-St4AX_6gUVs&edm=ALB854YBAAAA&ccb=7-5&oh=00_AfCvpddoqLC48MTAcYp9Rd27JFwUnEvchPed8RCfIesiFg&oe=6536F659&_nc_sid=ce9561""",false,"""4459448522""","""4459448522""",2,[],0,false,"""17841404335677431"""
false,"{""is_possible_scammer"": false, ""is_possible_impersonator"": {""is_unconnected_impersonator"": false, ""connected_similar_user_id"": null}, ""is_possible_impersonator_threads"": {""is_unconnected_impersonator"": false, ""connected_similar_user_id"": null}}","""Clément""",false,"""tlr.clement""","""""","""""","""3175047270701399586_505888429""","""505888429""",false,"""https://scontent-yyz1-1.cdninstagram.com/v/t51.2885-19/369350877_303418832268393_4412263609936372283_n.jpg?stp=dst-jpg_s150x150&_nc_ht=scontent-yyz1-1.cdninstagram.com&_nc_cat=109&_nc_ohc=XVrde40CImAAX8cR5sO&edm=ALB854YBAAAA&ccb=7-5&oh=00_AfDzCizqBmMgz8m3XskuZVE74FjH-hhmln6qEo8h9mY3ww&oe=65365FD8&_nc_sid=ce9561""",false,"""505888429""","""505888429""",1,[],0,false,"""17841400972877904"""
false,"{""is_possible_scammer"": false, ""is_possible_impersonator"": {""is_unconnected_impersonator"": false, ""connected_similar_user_id"": null}, ""is_possible_impersonator_threads"": {""is_unconnected_impersonator"": false, ""connected_similar_user_id"": null}}","""Dominika Brudny""",true,"""domsli22""","""""","""""","""3148790467562453306_531213840""","""531213840""",false,"""https://scontent-yyz1-1.cdninstagram.com/v/t51.2885-19/361080747_600168148957092_3255683757666394532_n.jpg?stp=dst-jpg_s150x150&_nc_ht=scontent-yyz1-1.cdninstagram.com&_nc_cat=1&_nc_ohc=0jlO_bxwj7UAX-djBZb&edm=ALB854YBAAAA&ccb=7-5&oh=00_AfD1eydZWeoQg3vruSFvItU0uMTvPlcOtHAOLJDAXsq1SQ&oe=6537012E&_nc_sid=ce9561""",false,"""531213840""","""531213840""",1,[],0,false,"""17841400415208300"""
false,"{""is_possible_scammer"": false, ""is_possible_impersonator"": {""is_unconnected_impersonator"": false, ""connected_similar_user_id"": null}, ""is_possible_impersonator_threads"": {""is_unconnected_impersonator"": false, ""connected_similar_user_id"": null}}","""GINE MARGRETHE""",true,"""ginemargrethe""","""""","""""","""3207787254258963016_13341900""","""13341900""",false,"""https://scontent-yyz1-1.cdninstagram.com/v/t51.2885-19/386524427_343760751423079_7964559759397980273_n.jpg?stp=dst-jpg_s150x150&_nc_ht=scontent-yyz1-1.cdninstagram.com&_nc_cat=1&_nc_ohc=ERC6zP5_wMoAX833xFe&edm=ALB854YBAAAA&ccb=7-5&oh=00_AfCZn1HV7p09o0NubgHuSrjVlnNkUrG39haN-7LfKNPHKQ&oe=6537F222&_nc_sid=ce9561""",false,"""13341900""","""13341900""",1,[],0,false,"""17841400897000208"""
false,"{""is_possible_scammer"": false, ""is_possible_impersonator"": {""is_unconnected_impersonator"": false, ""connected_similar_user_id"": null}, ""is_possible_impersonator_threads"": {""is_unconnected_impersonator"": false, ""connected_similar_user_id"": null}}","""Emily Carey""",true,"""theemilycarey""","""""","""""","""3186907934732922333_400316086""","""400316086""",false,"""https://scontent-yyz1-1.cdninstagram.com/v/t51.2885-19/375962451_310161731558498_3461411946238719313_n.jpg?stp=dst-jpg_s150x150&_nc_ht=scontent-yyz1-1.cdninstagram.com&_nc_cat=1&_nc_ohc=eupkwXlnrhoAX9uT-TM&edm=ALB854YBAAAA&ccb=7-5&oh=00_AfB-coIAm_wU-VeZlv5Abmg889zLLFAbJZPboqbY0l9_Ww&oe=6537B277&_nc_sid=ce9561""",false,"""400316086""","""400316086""",0,[],0,false,"""17841401802586254"""
false,"{""is_possible_scammer"": false, ""is_possible_impersonator"": {""is_unconnected_impersonator"": false, ""connected_similar_user_id"": null}, ""is_possible_impersonator_threads"": {""is_unconnected_impersonator"": false, ""connected_similar_user_id"": null}}","""Nadine Labaki""",true,"""nadinelabaki""","""""","""""","""2157341077624090957_357285392""","""357285392""",false,"""https://scontent-yyz1-1.cdninstagram.com/v/t51.2885-19/75341339_1749258255209832_364419780267999232_n.jpg?stp=dst-jpg_s150x150&_nc_ht=scontent-yyz1-1.cdninstagram.com&_nc_cat=100&_nc_ohc=YO323zs-RgUAX-_b2Wq&edm=ALB854YBAAAA&ccb=7-5&oh=00_AfBPmUM8zDzDhbuYWhuO4dz0fzo-YTBTcNhFly2EPimRAw&oe=65369A00&_nc_sid=ce9561""",false,"""357285392""","""357285392""",0,[],0,false,"""17841401121765582"""
false,"{""is_possible_scammer"": false, ""is_possible_impersonator"": {""is_unconnected_impersonator"": false, ""connected_similar_user_id"": null}, ""is_possible_impersonator_threads"": {""is_unconnected_impersonator"": false, ""connected_similar_user_id"": null}}","""ELLEINVESTIT 🩷💰✨""",false,"""elleinvestit""","""""","""""","""2587539475116519986_47923041431""","""47923041431""",false,"""https://scontent-yyz1-1.cdninstagram.com/v/t51.2885-19/195253639_310326924019927_882755028719774808_n.jpg?stp=dst-jpg_s150x150&_nc_ht=scontent-yyz1-1.cdninstagram.com&_nc_cat=107&_nc_ohc=oCxClOpIJJsAX9jmhc2&edm=ALB854YBAAAA&ccb=7-5&oh=00_AfBZJHLzZEp2tur-ungReFhypB2KeGrFiOTS3IDyewlyCA&oe=65378D89&_nc_sid=ce9561""",false,"""47923041431""","""47923041431""",0,[],0,false,"""17841447802950380"""
false,"{""is_possible_scammer"": false, ""is_possible_impersonator"": {""is_unconnected_impersonator"": false, ""connected_similar_user_id"": null}, ""is_possible_impersonator_threads"": {""is_unconnected_impersonator"": false, ""connected_similar_user_id"": null}}","""No Chill""",false,"""nochill""","""""","""""","""2735574807628026202_346080030""","""346080030""",false,"""https://scontent-yyz1-1.cdninstagram.com/v/t51.2885-19/269840024_652210579474801_536551782814690822_n.jpg?stp=dst-jpg_s150x150&_nc_ht=scontent-yyz1-1.cdninstagram.com&_nc_cat=1&_nc_ohc=07jElTYgmLUAX9ZUHVF&edm=ALB854YBAAAA&ccb=7-5&oh=00_AfCz1eFotJMXWMoAItKmCXOgV8Dl6i_tw-AHh_Ev9JYWZg&oe=653686A9&_nc_sid=ce9561""",false,"""346080030""","""346080030""",1,[],0,false,"""17841400960905407"""
false,"{""is_possible_scammer"": false, ""is_possible_impersonator"": {""is_unconnected_impersonator"": false, ""connected_similar_user_id"": null}, ""is_possible_impersonator_threads"": {""is_unconnected_impersonator"": false, ""connected_similar_user_id"": null}}","""José Mario""",false,"""j__prince""","""""","""""","""3120980704049522267_1141391084""","""1141391084""",false,"""https://scontent-yyz1-1.cdninstagram.com/v/t51.2885-19/352160937_2117007588494182_1068262765636039919_n.jpg?stp=dst-jpg_s150x150&_nc_ht=scontent-yyz1-1.cdninstagram.com&_nc_cat=110&_nc_ohc=t27-RejbUhsAX95Fnqd&edm=ALB854YBAAAA&ccb=7-5&oh=00_AfAtoJW3O5CjhWWi3X2VOx2-T18wr8ssnvHy1MAP1i0UuQ&oe=6536A1BB&_nc_sid=ce9561""",false,"""1141391084""","""1141391084""",0,[],0,false,"""17841400452537834"""
false,"{""is_possible_scammer"": false, ""is_possible_impersonator"": {""is_unconnected_impersonator"": false, ""connected_similar_user_id"": null}, ""is_possible_impersonator_threads"": {""is_unconnected_impersonator"": false, ""connected_similar_user_id"": null}}","""Lisa Papz""",false,"""lisapapz""","""""","""""","""3185076117063711205_640114982""","""640114982""",false,"""https://scontent-yyz1-1.cdninstagram.com/v/t51.2885-19/374451534_868257068207088_500318002152004748_n.jpg?stp=dst-jpg_s150x150&_nc_ht=scontent-yyz1-1.cdninstagram.com&_nc_cat=100&_nc_ohc=HaWi9ChyZmoAX-yzphI&edm=ALB854YBAAAA&ccb=7-5&oh=00_AfDkS3miOMeX02Sc2DmplhfP_jF6GhI75MGqjhLLT_T2Zg&oe=6536D27B&_nc_sid=ce9561""",false,"""640114982""","""640114982""",0,[],0,false,"""17841401529470001"""
false,"{""is_possible_scammer"": false, ""is_possible_impersonator"": {""is_unconnected_impersonator"": false, ""connected_similar_user_id"": null}, ""is_possible_impersonator_threads"": {""is_unconnected_impersonator"": false, ""connected_similar_user_id"": null}}","""Laurent Pellerin""",false,"""tlr.tendresse""","""""","""""","""2720832289166396902_1478318902""","""1478318902""",false,"""https://scontent-yyz1-1.cdninstagram.com/v/t51.2885-19/263733472_426570415613877_6092198385771235616_n.jpg?stp=dst-jpg_s150x150&_nc_ht=scontent-yyz1-1.cdninstagram.com&_nc_cat=109&_nc_ohc=HB0ANHJGiRIAX9E4lpB&edm=ALB854YBAAAA&ccb=7-5&oh=00_AfCQMUtDWzHRfLygLxDRLjF6QfxywHNEQGm3Thq3Q9iXMQ&oe=653620AD&_nc_sid=ce9561""",false,"""1478318902""","""1478318902""",0,[],0,false,"""17841401407083098"""
false,"{""is_possible_scammer"": false, ""is_possible_impersonator"": {""is_unconnected_impersonator"": false, ""connected_similar_user_id"": null}, ""is_possible_impersonator_threads"": {""is_unconnected_impersonator"": false, ""connected_similar_user_id"": null}}","""Olivia Manni""",false,"""livmanni""","""""","""""","""3215279888612284483_570243928""","""570243928""",false,"""https://scontent-yyz1-1.cdninstagram.com/v/t51.2885-19/391458554_1617461748780728_5396251570409465628_n.jpg?stp=dst-jpg_s150x150&_nc_ht=scontent-yyz1-1.cdninstagram.com&_nc_cat=108&_nc_ohc=CqXf1E01tTwAX9MXIwY&edm=ALB854YBAAAA&ccb=7-5&oh=00_AfBvmbD9qyp617JRmr4FY2K1lRMlsCYMuxaKYc7Vg5uVww&oe=65368204&_nc_sid=ce9561""",false,"""570243928""","""570243928""",1,[],0,false,"""17841400117848910"""
false,"{""is_possible_scammer"": false, ""is_possible_impersonator"": {""is_unconnected_impersonator"": false, ""connected_similar_user_id"": null}, ""is_possible_impersonator_threads"": {""is_unconnected_impersonator"": false, ""connected_similar_user_id"": null}}","""Matthew Hussey""",true,"""thematthewhussey""","""""","""""","""2453981325049340334_308788164""","""308788164""",false,"""https://scontent-yyz1-1.cdninstagram.com/v/t51.2885-19/128424414_2751992631741178_818714455804370196_n.jpg?stp=dst-jpg_s150x150&_nc_ht=scontent-yyz1-1.cdninstagram.com&_nc_cat=1&_nc_ohc=Qiky_PzaLq8AX8fffRn&edm=ALB854YBAAAA&ccb=7-5&oh=00_AfCcZRyqPbeSupIHtehIdnnoT--0wqMgQhd8Xf1OOUXfPg&oe=65374966&_nc_sid=ce9561""",false,"""308788164""","""308788164""",0,[],0,false,"""17841401564924824"""
false,"{""is_possible_scammer"": false, ""is_possible_impersonator"": {""is_unconnected_impersonator"": false, ""connected_similar_user_id"": null}, ""is_possible_impersonator_threads"": {""is_unconnected_impersonator"": false, ""connected_similar_user_id"": null}}","""𝒀𝒂𝒔𝒎𝒊𝒏𝒆""",false,"""yasmine_benazzouz""","""""","""""","""3200056547401046922_5324324773""","""5324324773""",true,"""https://scontent-yyz1-1.cdninstagram.com/v/t51.2885-19/383093980_1027765811890566_5118656200428150716_n.jpg?stp=dst-jpg_s150x150&_nc_ht=scontent-yyz1-1.cdninstagram.com&_nc_cat=106&_nc_ohc=iik3dLIolAYAX8Jxe2P&edm=ALB854YBAAAA&ccb=7-5&oh=00_AfCWVU5ALZLjnPu_Hl1npcG1t7n1XWq-y6zhtJNibUVJ5A&oe=6537D1C0&_nc_sid=ce9561""",false,"""5324324773""","""5324324773""",0,[],0,false,"""17841405423195540"""
false,"{""is_possible_scammer"": false, ""is_possible_impersonator"": {""is_unconnected_impersonator"": false, ""connected_similar_user_id"": null}, ""is_possible_impersonator_threads"": {""is_unconnected_impersonator"": false, ""connected_similar_user_id"": null}}","""Elsa Yoka ✨""",false,"""elsayoka""","""""","""""","""3179027197314437639_41551803""","""41551803""",true,"""https://scontent-yyz1-1.cdninstagram.com/v/t51.2885-19/370094851_841503484303100_2209088296162764841_n.jpg?stp=dst-jpg_s150x150&_nc_ht=scontent-yyz1-1.cdninstagram.com&_nc_cat=108&_nc_ohc=QZaVoSoEq4UAX8hD1CT&edm=ALB854YBAAAA&ccb=7-5&oh=00_AfDe5B-NLpxld7xMLytTEB-N_ejRZaXbNOFBqqU9W3NbIw&oe=653611E9&_nc_sid=ce9561""",false,"""41551803""","""41551803""",0,[],0,false,"""17841400474090649"""
false,"{""is_possible_scammer"": false, ""is_possible_impersonator"": {""is_unconnected_impersonator"": false, ""connected_similar_user_id"": null}, ""is_possible_impersonator_threads"": {""is_unconnected_impersonator"": false, ""connected_similar_user_id"": null}}","""Adrien Wilmot🇧🇪""",false,"""debelgianboy""","""""","""""","""3207972199989924109_1274788706""","""1274788706""",false,"""https://scontent-yyz1-1.cdninstagram.com/v/t51.2885-19/387268897_2008122439545953_5022435838570166250_n.jpg?stp=dst-jpg_s150x150&_nc_ht=scontent-yyz1-1.cdninstagram.com&_nc_cat=105&_nc_ohc=jpav7dUYM9AAX-RfveR&edm=ALB854YBAAAA&ccb=7-5&oh=00_AfCY0iYUBsoTRqo-E7eTS4EH9kPdKsCPSzNsbQ7JBkOQ7g&oe=65366D33&_nc_sid=ce9561""",false,"""1274788706""","""1274788706""",0,[],0,false,"""17841401101199918"""
false,"{""is_possible_scammer"": false, ""is_possible_impersonator"": {""is_unconnected_impersonator"": false, ""connected_similar_user_id"": null}, ""is_possible_impersonator_threads"": {""is_unconnected_impersonator"": false, ""connected_similar_user_id"": null}}","""Lysandre Nadeau""",true,"""lysandrenadeau""","""""","""""","""3168947279100401274_16734041""","""16734041""",false,"""https://scontent-yyz1-1.cdninstagram.com/v/t51.2885-19/367024134_1626510477759733_7946233746584270228_n.jpg?stp=dst-jpg_s150x150&_nc_ht=scontent-yyz1-1.cdninstagram.com&_nc_cat=1&_nc_ohc=Rz5BUa2zUfMAX8XUZzQ&edm=ALB854YBAAAA&ccb=7-5&oh=00_AfBdyk2UycgwcFGKjxUm1NgZKmfcZHzjxd3GwgHsprn85w&oe=6536630C&_nc_sid=ce9561""",false,"""16734041""","""16734041""",0,[],0,false,"""17841400901230261"""
false,"{""is_possible_scammer"": false, ""is_possible_impersonator"": {""is_unconnected_impersonator"": false, ""connected_similar_user_id"": null}, ""is_possible_impersonator_threads"": {""is_unconnected_impersonator"": false, ""connected_similar_user_id"": null}}","""Angelica Blick""",true,"""angelicablick""","""""","""""","""3180910553541394280_192651779""","""192651779""",false,"""https://scontent-yyz1-1.cdninstagram.com/v/t51.2885-19/372628500_6843207529073255_2512367851086285305_n.jpg?stp=dst-jpg_s150x150&_nc_ht=scontent-yyz1-1.cdninstagram.com&_nc_cat=111&_nc_ohc=tZSnw6WAt-IAX872pno&edm=ALB854YBAAAA&ccb=7-5&oh=00_AfD7Mz7Ncm6MY5uIopNll1CFeIyjx5qzfel6ckwNbMk9qw&oe=6536BCF4&_nc_sid=ce9561""",false,"""192651779""","""192651779""",0,[],0,false,"""17841400353373010"""
false,"{""is_possible_scammer"": false, ""is_possible_impersonator"": {""is_unconnected_impersonator"": false, ""connected_similar_user_id"": null}, ""is_possible_impersonator_threads"": {""is_unconnected_impersonator"": false, ""connected_similar_user_id"": null}}","""terriblement Ⓜ️arine""",false,"""terriblementm""","""""","""""","""3186571462649724624_241020209""","""241020209""",false,"""https://scontent-yyz1-1.cdninstagram.com/v/t51.2885-19/376760720_829454932176329_2358803071515877293_n.jpg?stp=dst-jpg_s150x150&_nc_ht=scontent-yyz1-1.cdninstagram.com&_nc_cat=105&_nc_ohc=38Xvvb7ulLUAX__RiaL&edm=ALB854YBAAAA&ccb=7-5&oh=00_AfCEOpxPJAmqDHylrDF-6LHPFEoXZvxtnsTMMQCyN3eDIQ&oe=65372378&_nc_sid=ce9561""",false,"""241020209""","""241020209""",0,[],0,false,"""17841401806273765"""
false,"{""is_possible_scammer"": false, ""is_possible_impersonator"": {""is_unconnected_impersonator"": false, ""connected_similar_user_id"": null}, ""is_possible_impersonator_threads"": {""is_unconnected_impersonator"": false, ""connected_similar_user_id"": null}}","""britney savannah""",false,"""beautybypeach""","""""","""""","""3104143278278630556_5708660792""","""5708660792""",false,"""https://scontent-yyz1-1.cdninstagram.com/v/t51.2885-19/346908578_552249863769299_5747709991603177767_n.jpg?stp=dst-jpg_s150x150&_nc_ht=scontent-yyz1-1.cdninstagram.com&_nc_cat=1&_nc_ohc=Gv1-Y6q0Uj0AX9ynybA&edm=ALB854YBAAAA&ccb=7-5&oh=00_AfBSBuexDWQ-GuxPku2MNXMAHvWHgecZ0D-tC5N1-q98mA&oe=65379649&_nc_sid=ce9561""",false,"""5708660792""","""5708660792""",1,[],0,false,"""17841405663783582"""
false,"{""is_possible_scammer"": false, ""is_possible_impersonator"": {""is_unconnected_impersonator"": false, ""connected_similar_user_id"": null}, ""is_possible_impersonator_threads"": {""is_unconnected_impersonator"": false, ""connected_similar_user_id"": null}}","""Gourmeffe""",false,"""gourmeffe""","""""","""""","""2582818692079323373_4370664848""","""4370664848""",false,"""https://scontent-yyz1-1.cdninstagram.com/v/t51.2885-19/191584076_472271504028996_879244846248652073_n.jpg?stp=dst-jpg_s150x150&_nc_ht=scontent-yyz1-1.cdninstagram.com&_nc_cat=100&_nc_ohc=pa4JsvPnd2IAX-UgP6W&edm=ALB854YBAAAA&ccb=7-5&oh=00_AfDyOyTrwb_iIOGOtptYzn1J09ATNEs0erUjdIZ2XHytKA&oe=6536E47E&_nc_sid=ce9561""",false,"""4370664848""","""4370664848""",0,[],0,false,"""17841404345446333"""
false,"{""is_possible_scammer"": false, ""is_possible_impersonator"": {""is_unconnected_impersonator"": false, ""connected_similar_user_id"": null}, ""is_possible_impersonator_threads"": {""is_unconnected_impersonator"": false, ""connected_similar_user_id"": null}}","""Zoé Saumure-Sicard 🦊""",false,"""picard.sicard""","""""","""""","""2994191521310807242_259091112""","""259091112""",false,"""https://scontent-yyz1-1.cdninstagram.com/v/t51.2885-19/320388340_693158882526250_8569337497740844657_n.jpg?stp=dst-jpg_s150x150&_nc_ht=scontent-yyz1-1.cdninstagram.com&_nc_cat=110&_nc_ohc=8o7XqM0-bA8AX9sbjcK&edm=ALB854YBAAAA&ccb=7-5&oh=00_AfCgCnaxWbjE3nBZS9Y9liuSjoYtYj76Z9mMBKFzpTpPtA&oe=6537496E&_nc_sid=ce9561""",false,"""259091112""","""259091112""",0,[],0,false,"""17841400573364048"""
false,"{""is_possible_scammer"": false, ""is_possible_impersonator"": {""is_unconnected_impersonator"": false, ""connected_similar_user_id"": null}, ""is_possible_impersonator_threads"": {""is_unconnected_impersonator"": false, ""connected_similar_user_id"": null}}","""Baba Ibadan ® in Texas""",false,"""westafrikanman""","""""","""""","""2700643089339393585_235452523""","""235452523""",false,"""https://scontent-yyz1-1.cdninstagram.com/v/t51.2885-19/253057361_466068654816848_746577475204977555_n.jpg?stp=dst-jpg_s150x150&_nc_ht=scontent-yyz1-1.cdninstagram.com&_nc_cat=1&_nc_ohc=wySQJkxM2qsAX9gh1Ke&edm=ALB854YBAAAA&ccb=7-5&oh=00_AfDBRsQI1eLYP17Wp7JwUwcr0mSAjD1k8fKUmnuKYsOFzg&oe=6536C809&_nc_sid=ce9561""",false,"""235452523""","""235452523""",2,[],0,false,"""17841401815693678"""
false,"{""is_possible_scammer"": false, ""is_possible_impersonator"": {""is_unconnected_impersonator"": false, ""connected_similar_user_id"": null}, ""is_possible_impersonator_threads"": {""is_unconnected_impersonator"": false, ""connected_similar_user_id"": null}}","""DRAE COLLECTION""",false,"""drae.collection""","""""","""""","""3191817838803584210_1039572636""","""1039572636""",false,"""https://scontent-yyz1-1.cdninstagram.com/v/t51.2885-19/377769855_325843126682175_2151323192198645634_n.jpg?stp=dst-jpg_s150x150&_nc_ht=scontent-yyz1-1.cdninstagram.com&_nc_cat=103&_nc_ohc=ZLASX0exUiAAX8lLSWj&edm=ALB854YBAAAA&ccb=7-5&oh=00_AfCqralMwvYHUKidAzpV7x2MuRvXV3nNzt7zgK43PnN4qw&oe=6537D8F5&_nc_sid=ce9561""",false,"""1039572636""","""1039572636""",0,[],0,false,"""17841400619096243"""
false,"{""is_possible_scammer"": false, ""is_possible_impersonator"": {""is_unconnected_impersonator"": false, ""connected_similar_user_id"": null}, ""is_possible_impersonator_threads"": {""is_unconnected_impersonator"": false, ""connected_similar_user_id"": null}}","""zz""",false,"""ziadwesh""","""""","""""","""3208674990681205499_2224409636""","""2224409636""",false,"""https://scontent-yyz1-1.cdninstagram.com/v/t51.2885-19/386735463_7408536605840297_9102991433977174368_n.jpg?stp=dst-jpg_s150x150&_nc_ht=scontent-yyz1-1.cdninstagram.com&_nc_cat=105&_nc_ohc=XQKv7jk6bp8AX8sl0qq&edm=ALB854YBAAAA&ccb=7-5&oh=00_AfDGhES4aFnWlGiG8mKwEtv5u5JP-OTNqL-CnYGTTQ5wRQ&oe=6536322F&_nc_sid=ce9561""",false,"""2224409636""","""2224409636""",0,[],0,false,"""17841402209088051"""
false,"{""is_possible_scammer"": false, ""is_possible_impersonator"": {""is_unconnected_impersonator"": false, ""connected_similar_user_id"": null}, ""is_possible_impersonator_threads"": {""is_unconnected_impersonator"": false, ""connected_similar_user_id"": null}}","""DRAE COLLECTION""",false,"""drae.collection""","""""","""""","""3191817838803584210_1039572636""","""1039572636""",false,"""https://scontent-yyz1-1.cdninstagram.com/v/t51.2885-19/377769855_325843126682175_2151323192198645634_n.jpg?stp=dst-jpg_s150x150&_nc_ht=scontent-yyz1-1.cdninstagram.com&_nc_cat=103&_nc_ohc=ZLASX0exUiAAX8lLSWj&edm=ALB854YBAAAA&ccb=7-5&oh=00_AfCqralMwvYHUKidAzpV7x2MuRvXV3nNzt7zgK43PnN4qw&oe=6537D8F5&_nc_sid=ce9561""",false,"""1039572636""","""1039572636""",0,[],1697766764,false,"""17841400619096243"""
false,"{""is_possible_scammer"": false, ""is_possible_impersonator"": {""is_unconnected_impersonator"": false, ""connected_similar_user_id"": null}, ""is_possible_impersonator_threads"": {""is_unconnected_impersonator"": false, ""connected_similar_user_id"": null}}","""zz""",false,"""ziadwesh""","""""","""""","""3208674990681205499_2224409636""","""2224409636""",false,"""https://scontent-yyz1-1.cdninstagram.com/v/t51.2885-19/386735463_7408536605840297_9102991433977174368_n.jpg?stp=dst-jpg_s150x150&_nc_ht=scontent-yyz1-1.cdninstagram.com&_nc_cat=105&_nc_ohc=XQKv7jk6bp8AX8sl0qq&edm=ALB854YBAAAA&ccb=7-5&oh=00_AfDGhES4aFnWlGiG8mKwEtv5u5JP-OTNqL-CnYGTTQ5wRQ&oe=6536322F&_nc_sid=ce9561""",false,"""2224409636""","""2224409636""",0,[],1697774523,false,"""17841402209088051"""
false,"{""is_possible_scammer"": false, ""is_possible_impersonator"": {""is_unconnected_impersonator"": false, ""connected_similar_user_id"": null}, ""is_possible_impersonator_threads"": {""is_unconnected_impersonator"": false, ""connected_similar_user_id"": null}}","""R🕊""",false,"""97archives""","""""","""""","""2299726670877529417_34151324419""","""34151324419""",false,"""https://scontent-yyz1-1.cdninstagram.com/v/t51.2885-19/95420076_229976674948303_3600584819265765376_n.jpg?stp=dst-jpg_s150x150&_nc_ht=scontent-yyz1-1.cdninstagram.com&_nc_cat=107&_nc_ohc=oKNwdSw_Y64AX_gMp_J&edm=ALB854YBAAAA&ccb=7-5&oh=00_AfA22QwbzyZU_Qz4fzLWaw0LiM3Ub5IWf7BXyLO-TTrUlQ&oe=6537DB7E&_nc_sid=ce9561""",false,"""34151324419""","""34151324419""",0,[],0,false,"""17841434212578915"""
false,"{""is_possible_scammer"": false, ""is_possible_impersonator"": {""is_unconnected_impersonator"": false, ""connected_similar_user_id"": null}, ""is_possible_impersonator_threads"": {""is_unconnected_impersonator"": false, ""connected_similar_user_id"": null}}","""Mélyna Gaulin""",false,"""ml_gau""","""""","""""","""2985304597968167253_1607463576""","""1607463576""",true,"""https://scontent-yyz1-1.cdninstagram.com/v/t51.2885-19/317648262_853635272493400_8232733824366269847_n.jpg?stp=dst-jpg_s150x150&_nc_ht=scontent-yyz1-1.cdninstagram.com&_nc_cat=104&_nc_ohc=pNYjKh8x76EAX87bvwt&edm=ALB854YBAAAA&ccb=7-5&oh=00_AfCrs_j9Q5XaoTkh1OvXOPbf9JorvMxySmOov8b4dGYWvw&oe=6536AB6B&_nc_sid=ce9561""",false,"""1607463576""","""1607463576""",0,[],0,false,"""17841401187305116"""
false,"{""is_possible_scammer"": false, ""is_possible_impersonator"": {""is_unconnected_impersonator"": false, ""connected_similar_user_id"": null}, ""is_possible_impersonator_threads"": {""is_unconnected_impersonator"": false, ""connected_similar_user_id"": null}}","""mikaela loach""",true,"""mikaelaloach""","""""","""""","""3186080169621469729_183472433""","""183472433""",false,"""https://scontent-yyz1-1.cdninstagram.com/v/t51.2885-19/375189110_299659539334950_4031612199106574654_n.jpg?stp=dst-jpg_s150x150&_nc_ht=scontent-yyz1-1.cdninstagram.com&_nc_cat=106&_nc_ohc=zug9Pq_pX6cAX-5vDtA&edm=ALB854YBAAAA&ccb=7-5&oh=00_AfDVZuyv-jlQXfiyzfld_BLHnJCLebuquLOXaliAZ7dhUw&oe=653602AC&_nc_sid=ce9561""",false,"""183472433""","""183472433""",0,[],1697740666,false,"""17841401452992866"""
false,"{""is_possible_scammer"": false, ""is_possible_impersonator"": {""is_unconnected_impersonator"": false, ""connected_similar_user_id"": null}, ""is_possible_impersonator_threads"": {""is_unconnected_impersonator"": false, ""connected_similar_user_id"": null}}","""Justine""",false,"""juu_gl""","""""","""""","""3182453215131629502_1366777859""","""1366777859""",false,"""https://scontent-yyz1-1.cdninstagram.com/v/t51.2885-19/372948599_1442844393180300_3075254410853572689_n.jpg?stp=dst-jpg_s150x150&_nc_ht=scontent-yyz1-1.cdninstagram.com&_nc_cat=100&_nc_ohc=GSYk5zaY5UkAX9MfEMS&edm=ALB854YBAAAA&ccb=7-5&oh=00_AfDrhKNPZ7Oj1cZAfkjIWEepkoUkLmCTPvWZNKezjnMQVg&oe=65366D09&_nc_sid=ce9561""",false,"""1366777859""","""1366777859""",0,[],0,false,"""17841401735791355"""
false,"{""is_possible_scammer"": false, ""is_possible_impersonator"": {""is_unconnected_impersonator"": false, ""connected_similar_user_id"": null}, ""is_possible_impersonator_threads"": {""is_unconnected_impersonator"": false, ""connected_similar_user_id"": null}}","""Nyadollie""",false,"""nyadolliee""","""""","""""","""3149448269273306599_1442836211""","""1442836211""",false,"""https://scontent-yyz1-1.cdninstagram.com/v/t51.2885-19/361529349_1157311692326138_7007448331782943544_n.jpg?stp=dst-jpg_s150x150&_nc_ht=scontent-yyz1-1.cdninstagram.com&_nc_cat=102&_nc_ohc=mGM3NDXPFzsAX_61Xik&edm=ALB854YBAAAA&ccb=7-5&oh=00_AfDg3MuxtOCrar2-4Oz3R7t9fzSXIQ7DM7ubvm65tPd7Dg&oe=653697BE&_nc_sid=ce9561""",false,"""1442836211""","""1442836211""",1,[],0,false,"""17841400606352544"""
false,"{""is_possible_scammer"": false, ""is_possible_impersonator"": {""is_unconnected_impersonator"": false, ""connected_similar_user_id"": null}, ""is_possible_impersonator_threads"": {""is_unconnected_impersonator"": false, ""connected_similar_user_id"": null}}","""inna fisun""",false,"""fisunka""","""""","""""","""1910526450230924894_194973441""","""194973441""",false,"""https://scontent-yyz1-1.cdninstagram.com/v/t51.2885-19/42590655_255217278499915_7772261677419986944_n.jpg?stp=dst-jpg_s150x150&_nc_ht=scontent-yyz1-1.cdninstagram.com&_nc_cat=107&_nc_ohc=rgn628W9hm8AX_GPDcp&edm=ALB854YBAAAA&ccb=7-5&oh=00_AfDwNTLnHkAl2UbTAx79X9d3AhEedVB9qP0hTwA_y8kkBA&oe=6537D605&_nc_sid=ce9561""",false,"""194973441""","""194973441""",0,[],1697740496,false,"""17841400883233046"""
false,"{""is_possible_scammer"": false, ""is_possible_impersonator"": {""is_unconnected_impersonator"": false, ""connected_similar_user_id"": null}, ""is_possible_impersonator_threads"": {""is_unconnected_impersonator"": false, ""connected_similar_user_id"": null}}","""Myriam Dubé""",false,"""myriamdube_""","""""","""""","""2986137706489877043_1513764878""","""1513764878""",true,"""https://scontent-yyz1-1.cdninstagram.com/v/t51.2885-19/317928713_1434223143651699_4699712028573853874_n.jpg?stp=dst-jpg_s150x150&_nc_ht=scontent-yyz1-1.cdninstagram.com&_nc_cat=103&_nc_ohc=pbcZbcEr00EAX_npB3J&edm=ALB854YBAAAA&ccb=7-5&oh=00_AfCqa4MSSRqSEBJCd-n5fEyMCwimqFrI8ZQBIhxnmfLsoQ&oe=6536671D&_nc_sid=ce9561""",false,"""1513764878""","""1513764878""",0,[],0,false,"""17841401106363652"""
false,"{""is_possible_scammer"": false, ""is_possible_impersonator"": {""is_unconnected_impersonator"": false, ""connected_similar_user_id"": null}, ""is_possible_impersonator_threads"": {""is_unconnected_impersonator"": false, ""connected_similar_user_id"": null}}","""""",false,"""ninagamgort""","""""","""""","""2951270644475710206_30433767""","""30433767""",false,"""https://scontent-yyz1-1.cdninstagram.com/v/t51.2885-19/311771932_680105403264833_3779094006949087097_n.jpg?stp=dst-jpg_s150x150&_nc_ht=scontent-yyz1-1.cdninstagram.com&_nc_cat=105&_nc_ohc=RcSPuNfStX4AX987xS4&edm=ALB854YBAAAA&ccb=7-5&oh=00_AfCtDv2Q249eLQczGIt9YmcP6PKC9nf8t9eW9_GEhhvxTg&oe=6536EFB4&_nc_sid=ce9561""",false,"""30433767""","""30433767""",0,[],0,false,"""17841401013010475"""
false,"{""is_possible_scammer"": false, ""is_possible_impersonator"": {""is_unconnected_impersonator"": false, ""connected_similar_user_id"": null}, ""is_possible_impersonator_threads"": {""is_unconnected_impersonator"": false, ""connected_similar_user_id"": null}}","""Rosalie Vaillancourt""",true,"""rosalievaillancourt""","""""","""""","""3206161504280673330_357646898""","""357646898""",false,"""https://scontent-yyz1-1.cdninstagram.com/v/t51.2885-19/385637174_198783276563920_8010651827747203103_n.jpg?stp=dst-jpg_s150x150&_nc_ht=scontent-yyz1-1.cdninstagram.com&_nc_cat=1&_nc_ohc=8Qm4sgLwpEcAX8UD2c5&edm=ALB854YBAAAA&ccb=7-5&oh=00_AfDiJ1I6hMD-H5ZOPUlY6A_Kr7eB_e0tqcwtAXFw90OcRA&oe=65368593&_nc_sid=ce9561""",false,"""357646898""","""357646898""",1,[],1697755184,false,"""17841400446945588"""
false,"{""is_possible_scammer"": false, ""is_possible_impersonator"": {""is_unconnected_impersonator"": false, ""connected_similar_user_id"": null}, ""is_possible_impersonator_threads"": {""is_unconnected_impersonator"": false, ""connected_similar_user_id"": null}}","""Florence Nadeau""",false,"""florencenadeau""","""""","""""","""3023275789609317361_42905355""","""42905355""",false,"""https://scontent-yyz1-1.cdninstagram.com/v/t51.2885-19/326814352_2282568331923249_5157157099998705348_n.jpg?stp=dst-jpg_s150x150&_nc_ht=scontent-yyz1-1.cdninstagram.com&_nc_cat=109&_nc_ohc=tf2ICtNFZ2kAX_JmBnJ&edm=ALB854YBAAAA&ccb=7-5&oh=00_AfA1qBypSqne18189GsZ6Ptnz0OQGsyZsqNK6jV4e877Hg&oe=65360D61&_nc_sid=ce9561""",false,"""42905355""","""42905355""",0,[],1697723063,false,"""17841400760650670"""
false,"{""is_possible_scammer"": false, ""is_possible_impersonator"": {""is_unconnected_impersonator"": false, ""connected_similar_user_id"": null}, ""is_possible_impersonator_threads"": {""is_unconnected_impersonator"": false, ""connected_similar_user_id"": null}}","""Kevinidis 🍭""",false,"""kevinveyi""","""""","""""","""3186151769419455542_1462212771""","""1462212771""",false,"""https://scontent-yyz1-1.cdninstagram.com/v/t51.2885-19/375640027_1276928536324040_1619469848333858644_n.jpg?stp=dst-jpg_s150x150&_nc_ht=scontent-yyz1-1.cdninstagram.com&_nc_cat=108&_nc_ohc=VjJBKSbC0iYAX-H3gUZ&edm=ALB854YBAAAA&ccb=7-5&oh=00_AfCUSUn4gKwVfwAyfZPEbc3Z6xj0M9o7h8ZIVkZfypFDHQ&oe=653746AB&_nc_sid=ce9561""",false,"""1462212771""","""1462212771""",0,[],0,false,"""17841400143152847"""
false,"{""is_possible_scammer"": false, ""is_possible_impersonator"": {""is_unconnected_impersonator"": false, ""connected_similar_user_id"": null}, ""is_possible_impersonator_threads"": {""is_unconnected_impersonator"": false, ""connected_similar_user_id"": null}}","""Emanuel Izaguirre""",false,"""izaguirre.emanuell""","""""","""""","""3110888932573188305_4181286645""","""4181286645""",false,"""https://scontent-yyz1-1.cdninstagram.com/v/t51.2885-19/349036782_2452017658296782_5097763684963204793_n.jpg?stp=dst-jpg_s150x150&_nc_ht=scontent-yyz1-1.cdninstagram.com&_nc_cat=102&_nc_ohc=By8ayli0v7kAX-fzt6K&edm=ALB854YBAAAA&ccb=7-5&oh=00_AfATopwW7fJFmBzv3QYFwWPvhFz59nBv4XgYGs5VDO9ocg&oe=6536F86C&_nc_sid=ce9561""",false,"""4181286645""","""4181286645""",0,[],0,false,"""17841404279362660"""
false,"{""is_possible_scammer"": false, ""is_possible_impersonator"": {""is_unconnected_impersonator"": false, ""connected_similar_user_id"": null}, ""is_possible_impersonator_threads"": {""is_unconnected_impersonator"": false, ""connected_similar_user_id"": null}}","""Georgia Costello""",false,"""georgiacostello""","""""","""""","""2946311904020444175_194118723""","""194118723""",false,"""https://scontent-yyz1-1.cdninstagram.com/v/t51.2885-19/311151497_112600321626639_3110639056920907275_n.jpg?stp=dst-jpg_s150x150&_nc_ht=scontent-yyz1-1.cdninstagram.com&_nc_cat=1&_nc_ohc=cV6AAlZH43MAX93OBnv&edm=ALB854YBAAAA&ccb=7-5&oh=00_AfAHsnceez45rPGcGK3-2wcTp7pmScDjDu7zJG_T8RSR-Q&oe=65379601&_nc_sid=ce9561""",false,"""194118723""","""194118723""",0,[],1697767982,false,"""17841400201693033"""
false,"{""is_possible_scammer"": false, ""is_possible_impersonator"": {""is_unconnected_impersonator"": false, ""connected_similar_user_id"": null}, ""is_possible_impersonator_threads"": {""is_unconnected_impersonator"": false, ""connected_similar_user_id"": null}}","""Arta Xhemaili""",false,"""artaxhema""","""""","""""","""3055707401411076191_531597494""","""531597494""",false,"""https://scontent-yyz1-1.cdninstagram.com/v/t51.2885-19/334735095_162216816642381_7859606067523315730_n.jpg?stp=dst-jpg_s150x150&_nc_ht=scontent-yyz1-1.cdninstagram.com&_nc_cat=109&_nc_ohc=GFzacRk-f5kAX81juaa&edm=ALB854YBAAAA&ccb=7-5&oh=00_AfB43SLCRigSPpiWIL3VTbVVDFt5xrA2P1jyuNw6uSM7fg&oe=6536A233&_nc_sid=ce9561""",false,"""531597494""","""531597494""",0,[],1697747947,false,"""17841400404828306"""
false,"{""is_possible_scammer"": false, ""is_possible_impersonator"": {""is_unconnected_impersonator"": false, ""connected_similar_user_id"": null}, ""is_possible_impersonator_threads"": {""is_unconnected_impersonator"": false, ""connected_similar_user_id"": null}}","""Jordy♛""",false,"""jordy.mw""","""""","""""","""3133295984985677490_3281928495""","""3281928495""",false,"""https://scontent-yyz1-1.cdninstagram.com/v/t51.2885-19/356211247_284183564001657_2499710907418430117_n.jpg?stp=dst-jpg_s150x150&_nc_ht=scontent-yyz1-1.cdninstagram.com&_nc_cat=109&_nc_ohc=VeNLAC6cnqkAX-AiHx1&edm=ALB854YBAAAA&ccb=7-5&oh=00_AfANWbCHGVYZlXTrJXC13QFIlpIQJ29KNZd1E1sI7hoSxQ&oe=6536CEC8&_nc_sid=ce9561""",false,"""3281928495""","""3281928495""",0,[],0,false,"""17841403134870241"""
false,"{""is_possible_scammer"": false, ""is_possible_impersonator"": {""is_unconnected_impersonator"": false, ""connected_similar_user_id"": null}, ""is_possible_impersonator_threads"": {""is_unconnected_impersonator"": false, ""connected_similar_user_id"": null}}","""Sarah""",false,"""sarahmmercier""","""""","""""","""3169229113738897138_2097761195""","""2097761195""",false,"""https://scontent-yyz1-1.cdninstagram.com/v/t51.2885-19/367381849_689009612561867_5410136242069920860_n.jpg?stp=dst-jpg_s150x150&_nc_ht=scontent-yyz1-1.cdninstagram.com&_nc_cat=111&_nc_ohc=dNOc8-wIGp8AX9JzkIM&edm=ALB854YBAAAA&ccb=7-5&oh=00_AfClK1Z8Sq1asrkejS2xFFIUitBIUMhWQFoR4ffcoEK24A&oe=6536DA9D&_nc_sid=ce9561""",false,"""2097761195""","""2097761195""",1,[],0,false,"""17841401955872220"""
false,"{""is_possible_scammer"": false, ""is_possible_impersonator"": {""is_unconnected_impersonator"": false, ""connected_similar_user_id"": null}, ""is_possible_impersonator_threads"": {""is_unconnected_impersonator"": false, ""connected_similar_user_id"": null}}","""Kennedy Eurich""",true,"""keneurich""","""""","""""","""3151880157954990302_1141512084""","""1141512084""",false,"""https://scontent-yyz1-1.cdninstagram.com/v/t51.2885-19/361941227_153330011111044_5854935481361821386_n.jpg?stp=dst-jpg_s150x150&_nc_ht=scontent-yyz1-1.cdninstagram.com&_nc_cat=1&_nc_ohc=63M-1Ri1fzwAX-46CWY&edm=ALB854YBAAAA&ccb=7-5&oh=00_AfAlhxbq9Kea4hMrN7Yvfaj0cyPXNrGhhTj2-SjLALg6Jg&oe=65373A7E&_nc_sid=ce9561""",false,"""1141512084""","""1141512084""",1,[],1697756693,false,"""17841400242537836"""
false,"{""is_possible_scammer"": false, ""is_possible_impersonator"": {""is_unconnected_impersonator"": false, ""connected_similar_user_id"": null}, ""is_possible_impersonator_threads"": {""is_unconnected_impersonator"": false, ""connected_similar_user_id"": null}}","""Gabriele Gzimailaite""",true,"""gabrielegz""","""""","""""","""2972750531898983479_28166522""","""28166522""",false,"""https://scontent-yyz1-1.cdninstagram.com/v/t51.2885-19/315492544_5683254775100973_5650070550553955155_n.jpg?stp=dst-jpg_s150x150&_nc_ht=scontent-yyz1-1.cdninstagram.com&_nc_cat=109&_nc_ohc=Ota3_Umc6CMAX8zd2rO&edm=ALB854YBAAAA&ccb=7-5&oh=00_AfAzyEesfH8ddnn2eH-0fv7h7dc9_HsJWvBXV5MLxRo0fQ&oe=65365C42&_nc_sid=ce9561""",false,"""28166522""","""28166522""",1,[],1697743215,false,"""17841400195660440"""
false,"{""is_possible_scammer"": false, ""is_possible_impersonator"": {""is_unconnected_impersonator"": false, ""connected_similar_user_id"": null}, ""is_possible_impersonator_threads"": {""is_unconnected_impersonator"": false, ""connected_similar_user_id"": null}}","""Samy Elhihi 🇲🇦🙏""",false,"""samy_elhihi""","""""","""""","""2864520473280577466_2082996590""","""2082996590""",true,"""https://scontent-yyz1-1.cdninstagram.com/v/t51.2885-19/288839806_713836966505433_2902828131077162628_n.jpg?stp=dst-jpg_s150x150&_nc_ht=scontent-yyz1-1.cdninstagram.com&_nc_cat=109&_nc_ohc=c9jydZ8V3_AAX9JR0ht&edm=ALB854YBAAAA&ccb=7-5&oh=00_AfCvN84Nw9bkn5Cf9kHzTLImAHFt5hdFmQY6qkXbu0py3g&oe=65363CA1&_nc_sid=ce9561""",false,"""2082996590""","""2082996590""",0,[],0,false,"""17841402057720374"""
false,"{""is_possible_scammer"": false, ""is_possible_impersonator"": {""is_unconnected_impersonator"": false, ""connected_similar_user_id"": null}, ""is_possible_impersonator_threads"": {""is_unconnected_impersonator"": false, ""connected_similar_user_id"": null}}","""Hussain Gousin""",false,"""nothussaingousin""","""""","""""","""2832275899913261917_569353901""","""569353901""",false,"""https://scontent-yyz1-1.cdninstagram.com/v/t51.2885-19/279877542_1828380774019862_3968793386088623922_n.jpg?stp=dst-jpg_s150x150&_nc_ht=scontent-yyz1-1.cdninstagram.com&_nc_cat=102&_nc_ohc=1vynmhsfALUAX8x1egW&edm=ALB854YBAAAA&ccb=7-5&oh=00_AfAeTrioeL2Cn_BqHQ-O6RStBLzAJ0_GvWRjHCNdBSlzhA&oe=6537D237&_nc_sid=ce9561""",false,"""569353901""","""569353901""",0,[],0,false,"""17841400297038896"""
false,"{""is_possible_scammer"": false, ""is_possible_impersonator"": {""is_unconnected_impersonator"": false, ""connected_similar_user_id"": null}, ""is_possible_impersonator_threads"": {""is_unconnected_impersonator"": false, ""connected_similar_user_id"": null}}","""ADEOLA PATRONNE""",true,"""adeolapatronne""","""""","""""","""3082243384689316634_176601197""","""176601197""",false,"""https://scontent-yyz1-1.cdninstagram.com/v/t51.2885-19/341291695_545472804165965_1520883788575433191_n.jpg?stp=dst-jpg_s150x150&_nc_ht=scontent-yyz1-1.cdninstagram.com&_nc_cat=1&_nc_ohc=Hf9i3oaI9QgAX_b4DZC&edm=ALB854YBAAAA&ccb=7-5&oh=00_AfCz9y1Pu5XZp58b-XlQGZAm5Hwn8qTAR94UnBuzCYsE3g&oe=6537AE3A&_nc_sid=ce9561""",false,"""176601197""","""176601197""",0,[],1697746667,false,"""17841400755912759"""
false,"{""is_possible_scammer"": false, ""is_possible_impersonator"": {""is_unconnected_impersonator"": false, ""connected_similar_user_id"": null}, ""is_possible_impersonator_threads"": {""is_unconnected_impersonator"": false, ""connected_similar_user_id"": null}}","""Lockeundcici""",false,"""lockecici""","""""","""""","""2733461928464629063_1258904970""","""1258904970""",false,"""https://scontent-yyz1-1.cdninstagram.com/v/t51.2885-19/269596368_148617510855618_5282780568662397734_n.jpg?stp=dst-jpg_s150x150&_nc_ht=scontent-yyz1-1.cdninstagram.com&_nc_cat=106&_nc_ohc=6b4lYTkyUMIAX9LkgYF&edm=ALB854YBAAAA&ccb=7-5&oh=00_AfDEPI9r6PZqI3x1Ashr_wXRAXYEzuCQe7x7lHVIbBCtAg&oe=65371B79&_nc_sid=ce9561""",false,"""1258904970""","""1258904970""",2,[],0,false,"""17841400749119670"""
false,"{""is_possible_scammer"": false, ""is_possible_impersonator"": {""is_unconnected_impersonator"": false, ""connected_similar_user_id"": null}, ""is_possible_impersonator_threads"": {""is_unconnected_impersonator"": false, ""connected_similar_user_id"": null}}","""Atelier Jolie""",true,"""atelierjolieofficial""","""""","""""","""3104752586380012246_57256207905""","""57256207905""",false,"""https://scontent-yyz1-1.cdninstagram.com/v/t51.2885-19/347069801_2088070401403742_1594204189192442260_n.jpg?stp=dst-jpg_s150x150&_nc_ht=scontent-yyz1-1.cdninstagram.com&_nc_cat=102&_nc_ohc=1npBMdzvbl8AX8fvPt5&edm=ALB854YBAAAA&ccb=7-5&oh=00_AfC4_XkXxtOLNzC7iB3b2NFnoE_GqogFdt1L3VAJeXM3-Q&oe=6536C7A3&_nc_sid=ce9561""",false,"""57256207905""","""57256207905""",0,[],0,false,"""17841457357167025"""
false,"{""is_possible_scammer"": false, ""is_possible_impersonator"": {""is_unconnected_impersonator"": false, ""connected_similar_user_id"": null}, ""is_possible_impersonator_threads"": {""is_unconnected_impersonator"": false, ""connected_similar_user_id"": null}}","""Amanda""",false,"""amandaasad""","""""","""""","""2927360676456814023_6955413""","""6955413""",false,"""https://scontent-yyz1-1.cdninstagram.com/v/t51.2885-19/307044763_393125439651566_4750023963302050311_n.jpg?stp=dst-jpg_s150x150&_nc_ht=scontent-yyz1-1.cdninstagram.com&_nc_cat=1&_nc_ohc=PGVqV1ljPAkAX-ulmVX&edm=ALB854YBAAAA&ccb=7-5&oh=00_AfBJdnz_Zxn306Kpc-Ko5b3PTqPdD42fUVfIqUP9RnXnQQ&oe=65363EC3&_nc_sid=ce9561""",false,"""6955413""","""6955413""",1,[],0,false,"""17841401302390108"""
false,"{""is_possible_scammer"": false, ""is_possible_impersonator"": {""is_unconnected_impersonator"": false, ""connected_similar_user_id"": null}, ""is_possible_impersonator_threads"": {""is_unconnected_impersonator"": false, ""connected_similar_user_id"": null}}","""Jael Dorotan""",false,"""jaeldorotan""","""""","""""","""3182756697713828673_218108036""","""218108036""",false,"""https://scontent-yyz1-1.cdninstagram.com/v/t51.2885-19/372629466_292660936706508_7431462218274998689_n.jpg?stp=dst-jpg_s150x150&_nc_ht=scontent-yyz1-1.cdninstagram.com&_nc_cat=1&_nc_ohc=w5XeX1ORuWAAX8qWD0j&edm=ALB854YBAAAA&ccb=7-5&oh=00_AfDDGGcfna7b2rt4Z6vRDGYNFNT0h4t-eZYA1nG8L93vVQ&oe=6537D19F&_nc_sid=ce9561""",false,"""218108036""","""218108036""",1,[],0,false,"""17841401801083407"""
false,"{""is_possible_scammer"": false, ""is_possible_impersonator"": {""is_unconnected_impersonator"": false, ""connected_similar_user_id"": null}, ""is_possible_impersonator_threads"": {""is_unconnected_impersonator"": false, ""connected_similar_user_id"": null}}","""""",true,"""stormibree""","""""","""""","""1692436364443750225_26244601""","""26244601""",false,"""https://scontent-yyz1-1.cdninstagram.com/v/t51.2885-19/26181233_820413501484757_538362485422424064_n.jpg?stp=dst-jpg_s150x150&_nc_ht=scontent-yyz1-1.cdninstagram.com&_nc_cat=105&_nc_ohc=f9iWknb5EuMAX-JJLgP&edm=ALB854YBAAAA&ccb=7-5&oh=00_AfCjicNRRrLxk3dyDxv5tcDtPf2qU3bi_DDMfUCo0YuvdQ&oe=65368A81&_nc_sid=ce9561""",false,"""26244601""","""26244601""",1,[],1697749148,false,"""17841400138030410"""
false,"{""is_possible_scammer"": false, ""is_possible_impersonator"": {""is_unconnected_impersonator"": false, ""connected_similar_user_id"": null}, ""is_possible_impersonator_threads"": {""is_unconnected_impersonator"": false, ""connected_similar_user_id"": null}}","""Alex Cissé""",true,"""alexcisse_""","""""","""""","""3191692727145755718_1568443548""","""1568443548""",false,"""https://scontent-yyz1-1.cdninstagram.com/v/t51.2885-19/378537957_621527653435384_3573674272829530727_n.jpg?stp=dst-jpg_s150x150&_nc_ht=scontent-yyz1-1.cdninstagram.com&_nc_cat=1&_nc_ohc=QyPIAHgrZCQAX8m6Pqx&edm=ALB854YBAAAA&ccb=7-5&oh=00_AfBeD2lwzpS_cbgWButiq_Lscc48Pct4ANwg00xKf7lFqA&oe=65362AD8&_nc_sid=ce9561""",false,"""1568443548""","""1568443548""",0,[],1697705802,false,"""17841401786464506"""
false,"{""is_possible_scammer"": false, ""is_possible_impersonator"": {""is_unconnected_impersonator"": false, ""connected_similar_user_id"": null}, ""is_possible_impersonator_threads"": {""is_unconnected_impersonator"": false, ""connected_similar_user_id"": null}}","""""",true,"""biancaelouise""","""""","""""","""2999227700486681557_688439""","""688439""",false,"""https://scontent-yyz1-1.cdninstagram.com/v/t51.2885-19/321194817_5447630018698214_7483872248049480267_n.jpg?stp=dst-jpg_s150x150&_nc_ht=scontent-yyz1-1.cdninstagram.com&_nc_cat=102&_nc_ohc=sBqmBALv5xsAX_H6sRj&edm=ALB854YBAAAA&ccb=7-5&oh=00_AfBnskwihhsiXaya5McQY3Fmv_jCSlPJAX45GT24s-vD-A&oe=653672B2&_nc_sid=ce9561""",false,"""688439""","""688439""",0,[],1697769535,false,"""17841401453170010"""
false,"{""is_possible_scammer"": false, ""is_possible_impersonator"": {""is_unconnected_impersonator"": false, ""connected_similar_user_id"": null}, ""is_possible_impersonator_threads"": {""is_unconnected_impersonator"": false, ""connected_similar_user_id"": null}}","""Élaury Primeau""",false,"""hello_prim_""","""""","""""","""3196675792191672089_598401239""","""598401239""",false,"""https://scontent-yyz1-1.cdninstagram.com/v/t51.2885-19/380065921_1572531063151306_1621372811839499613_n.jpg?stp=dst-jpg_s150x150&_nc_ht=scontent-yyz1-1.cdninstagram.com&_nc_cat=110&_nc_ohc=Aq8fPpKyKKsAX9x96dL&edm=ALB854YBAAAA&ccb=7-5&oh=00_AfAbUNAK7w_ozUJdcdb1u2glWGV6q9LG60Y55NXxFZA_fg&oe=6536BEE0&_nc_sid=ce9561""",false,"""598401239""","""598401239""",0,[],0,false,"""17841400037179350"""
false,"{""is_possible_scammer"": false, ""is_possible_impersonator"": {""is_unconnected_impersonator"": false, ""connected_similar_user_id"": null}, ""is_possible_impersonator_threads"": {""is_unconnected_impersonator"": false, ""connected_similar_user_id"": null}}","""FallingInSociety""",false,"""fallinginsociety""","""""","""""","""1408922974837077103_375121505""","""375121505""",false,"""https://scontent-yyz1-1.cdninstagram.com/v/t51.2885-19/56832669_365153704120407_6044589393019142144_n.jpg?stp=dst-jpg_s150x150&_nc_ht=scontent-yyz1-1.cdninstagram.com&_nc_cat=1&_nc_ohc=XHfUysFTL-AAX85Ncba&edm=ALB854YBAAAA&ccb=7-5&oh=00_AfDyDhjfDPlimYVXFhLG9gGtAVzXQL3dyn-KcRGJ1SPHbw&oe=6536D631&_nc_sid=ce9561""",false,"""375121505""","""375121505""",1,[],0,false,"""17841400525155861"""
false,"{""is_possible_scammer"": false, ""is_possible_impersonator"": {""is_unconnected_impersonator"": false, ""connected_similar_user_id"": null}, ""is_possible_impersonator_threads"": {""is_unconnected_impersonator"": false, ""connected_similar_user_id"": null}}","""DECOR NO5 LIMITED""",false,"""decorno5""","""""","""""","""2765542714806309785_7038581733""","""7038581733""",false,"""https://scontent-yyz1-1.cdninstagram.com/v/t51.2885-19/259524512_2877440699214207_630559401543727843_n.jpg?stp=dst-jpg_s150x150&_nc_ht=scontent-yyz1-1.cdninstagram.com&_nc_cat=103&_nc_ohc=xqxsn6eoaJ4AX_3txVn&edm=ALB854YBAAAA&ccb=7-5&oh=00_AfAxv_FEGqn2zcHe7dRu66QE2cuv_50wLIcUE0j8lpumvQ&oe=6536B4E3&_nc_sid=ce9561""",false,"""7038581733""","""7038581733""",0,[],1697713427,false,"""17841407131999822"""
false,"{""is_possible_scammer"": false, ""is_possible_impersonator"": {""is_unconnected_impersonator"": false, ""connected_similar_user_id"": null}, ""is_possible_impersonator_threads"": {""is_unconnected_impersonator"": false, ""connected_similar_user_id"": null}}","""GIRLYZAR • HOME OF POP CULTURE NEWS 💖""",false,"""girlyzar""","""""","""""","""3085124721892911341_11115153235""","""11115153235""",false,"""https://scontent-yyz1-1.cdninstagram.com/v/t51.2885-19/342355499_543148777746210_3601202676800479780_n.jpg?stp=dst-jpg_s150x150&_nc_ht=scontent-yyz1-1.cdninstagram.com&_nc_cat=1&_nc_ohc=QebHCNVDdXYAX8KvUxH&edm=ALB854YBAAAA&ccb=7-5&oh=00_AfCAyFnBZcFCAeIAaf2w7lRhfE6qhpQcf0_WY7XQrdUhGg&oe=65374DD5&_nc_sid=ce9561""",false,"""11115153235""","""11115153235""",1,[],0,false,"""17841411077059394"""
false,"{""is_possible_scammer"": false, ""is_possible_impersonator"": {""is_unconnected_impersonator"": false, ""connected_similar_user_id"": null}, ""is_possible_impersonator_threads"": {""is_unconnected_impersonator"": false, ""connected_similar_user_id"": null}}","""Trey Mitchell""",false,"""treymitchelll""","""""","""""","""3196789385378418477_1033591319""","""1033591319""",false,"""https://scontent-yyz1-1.cdninstagram.com/v/t51.2885-19/380415796_6800126610045459_6258040148216897757_n.jpg?stp=dst-jpg_s150x150&_nc_ht=scontent-yyz1-1.cdninstagram.com&_nc_cat=103&_nc_ohc=kYzN4dEvCRQAX9hDPMK&edm=ALB854YBAAAA&ccb=7-5&oh=00_AfBCSe-HzTqe4pmFX_iQtz2nkbgxKHdisUQ3JXkp9FAxgg&oe=6536A1FE&_nc_sid=ce9561""",false,"""1033591319""","""1033591319""",0,[],0,false,"""17841401659586149"""
false,"{""is_possible_scammer"": false, ""is_possible_impersonator"": {""is_unconnected_impersonator"": false, ""connected_similar_user_id"": null}, ""is_possible_impersonator_threads"": {""is_unconnected_impersonator"": false, ""connected_similar_user_id"": null}}","""Ariane Labrèche""",true,"""arianeunicorn""","""""","""""","""2640490888902403564_35788213""","""35788213""",false,"""https://scontent-yyz1-1.cdninstagram.com/v/t51.2885-19/237157416_327061375782321_4615860554571299390_n.jpg?stp=dst-jpg_s150x150&_nc_ht=scontent-yyz1-1.cdninstagram.com&_nc_cat=109&_nc_ohc=C41Rs6KejAcAX8IoRlb&edm=ALB854YBAAAA&ccb=7-5&oh=00_AfAEmKGk2oSbiTnIZPUTUKn04fW5cwb7vAyiu2AJGMuTVQ&oe=6536C06F&_nc_sid=ce9561""",false,"""35788213""","""35788213""",0,[],0,false,"""17841400366390559"""
false,"{""is_possible_scammer"": false, ""is_possible_impersonator"": {""is_unconnected_impersonator"": false, ""connected_similar_user_id"": null}, ""is_possible_impersonator_threads"": {""is_unconnected_impersonator"": false, ""connected_similar_user_id"": null}}","""Freya Tidy""",false,"""freyatidy""","""""","""""","""3162191404318573788_305545336""","""305545336""",false,"""https://scontent-yyz1-1.cdninstagram.com/v/t51.2885-19/365091052_246553401530063_78330459740710388_n.jpg?stp=dst-jpg_s150x150&_nc_ht=scontent-yyz1-1.cdninstagram.com&_nc_cat=111&_nc_ohc=3uE7NL7Yx34AX8kuUy_&edm=ALB854YBAAAA&ccb=7-5&oh=00_AfAV51I3dAxPHdrSHHk_dWwQC980MTkG6fY8_3MR2bxlxA&oe=65363C24&_nc_sid=ce9561""",false,"""305545336""","""305545336""",1,[],0,false,"""17841400280084774"""
false,"{""is_possible_scammer"": false, ""is_possible_impersonator"": {""is_unconnected_impersonator"": false, ""connected_similar_user_id"": null}, ""is_possible_impersonator_threads"": {""is_unconnected_impersonator"": false, ""connected_similar_user_id"": null}}","""CAIT""",false,"""caitregan_""","""""","""""","""3212946490377556743_6493303""","""6493303""",false,"""https://scontent-yyz1-1.cdninstagram.com/v/t51.2885-19/391395414_3540702092851401_4551621976405701734_n.jpg?stp=dst-jpg_s150x150&_nc_ht=scontent-yyz1-1.cdninstagram.com&_nc_cat=109&_nc_ohc=FXZc3lMgbccAX8V4b2X&edm=ALB854YBAAAA&ccb=7-5&oh=00_AfCBkOINc7ZhMrSyl7tmxOyb3vclWLz9OGJhgx6gRD_KUw&oe=65369F98&_nc_sid=ce9561""",false,"""6493303""","""6493303""",1,[],1697770251,false,"""17841400879090101"""
false,"{""is_possible_scammer"": false, ""is_possible_impersonator"": {""is_unconnected_impersonator"": false, ""connected_similar_user_id"": null}, ""is_possible_impersonator_threads"": {""is_unconnected_impersonator"": false, ""connected_similar_user_id"": null}}","""Adam Lavoie""",false,"""lavouah""","""""","""""","""2859776422325049426_6240034799""","""6240034799""",false,"""https://scontent-yyz1-1.cdninstagram.com/v/t51.2885-19/287843156_1466484797117935_6817663849701091991_n.jpg?stp=dst-jpg_s150x150&_nc_ht=scontent-yyz1-1.cdninstagram.com&_nc_cat=107&_nc_ohc=asCoD8MXrH4AX_kbAna&edm=ALB854YBAAAA&ccb=7-5&oh=00_AfBPzDsdDBitSjAoOMQ7yZrxyFnhnOT3enVNvFV127XzSA&oe=65364642&_nc_sid=ce9561""",false,"""6240034799""","""6240034799""",0,[],0,false,"""17841406323970004"""
false,"{""is_possible_scammer"": false, ""is_possible_impersonator"": {""is_unconnected_impersonator"": false, ""connected_similar_user_id"": null}, ""is_possible_impersonator_threads"": {""is_unconnected_impersonator"": false, ""connected_similar_user_id"": null}}","""Madelyn Francesca""",true,"""maddiefrancessca""","""""","""""","""3185636934138511278_3487613721""","""3487613721""",false,"""https://scontent-yyz1-1.cdninstagram.com/v/t51.2885-19/374681277_1701421816951143_4324325084113690506_n.jpg?stp=dst-jpg_s150x150&_nc_ht=scontent-yyz1-1.cdninstagram.com&_nc_cat=1&_nc_ohc=_AL3Z5U6kwAAX-kjioo&edm=ALB854YBAAAA&ccb=7-5&oh=00_AfACFp6hZ4fsKtmbK4WDzolEKQ8otZtcHsmNGMFDuwXWSw&oe=6536AEE3&_nc_sid=ce9561""",false,"""3487613721""","""3487613721""",0,[],0,false,"""17841403531645951"""
false,"{""is_possible_scammer"": false, ""is_possible_impersonator"": {""is_unconnected_impersonator"": false, ""connected_similar_user_id"": null}, ""is_possible_impersonator_threads"": {""is_unconnected_impersonator"": false, ""connected_similar_user_id"": null}}","""Emilie Tømmerberg""",true,"""emilietommerberg""","""""","""""","""3185346199731493114_39292171""","""39292171""",false,"""https://scontent-yyz1-1.cdninstagram.com/v/t51.2885-19/375720146_2160934627450665_7856445079069327101_n.jpg?stp=dst-jpg_s150x150&_nc_ht=scontent-yyz1-1.cdninstagram.com&_nc_cat=1&_nc_ohc=5f1HnAvg3ngAX_ZiWok&edm=ALB854YBAAAA&ccb=7-5&oh=00_AfCFC08JfFbBDZXpQQuRSi6GziknFytrkHQBRe2WaX_G6Q&oe=6536E49C&_nc_sid=ce9561""",false,"""39292171""","""39292171""",0,[],1697746328,false,"""17841401805130613"""
false,"{""is_possible_scammer"": false, ""is_possible_impersonator"": {""is_unconnected_impersonator"": false, ""connected_similar_user_id"": null}, ""is_possible_impersonator_threads"": {""is_unconnected_impersonator"": false, ""connected_similar_user_id"": null}}","""Virginie Fortin""",true,"""virgfortin""","""""","""""","""2550483908712877272_20763921""","""20763921""",false,"""https://scontent-yyz1-1.cdninstagram.com/v/t51.2885-19/171883697_831147011094000_757843300866437013_n.jpg?stp=dst-jpg_s150x150&_nc_ht=scontent-yyz1-1.cdninstagram.com&_nc_cat=100&_nc_ohc=JRPF4Ei2R5AAX8QxcG1&edm=ALB854YBAAAA&ccb=7-5&oh=00_AfCBOv5CK1xx-688ZdgnAXR2LnXzUr11VHSWUN0t9Jce9Q&oe=653787D4&_nc_sid=ce9561""",false,"""20763921""","""20763921""",0,[],1697735847,false,"""17841400837630324"""
false,"{""is_possible_scammer"": false, ""is_possible_impersonator"": {""is_unconnected_impersonator"": false, ""connected_similar_user_id"": null}, ""is_possible_impersonator_threads"": {""is_unconnected_impersonator"": false, ""connected_similar_user_id"": null}}","""bethannee""",false,"""bethanneep""","""""","""""","""2678693684792572867_249356425""","""249356425""",false,"""https://scontent-yyz1-1.cdninstagram.com/v/t51.2885-19/244525127_388656446257947_3680289071383146379_n.jpg?stp=dst-jpg_s150x150&_nc_ht=scontent-yyz1-1.cdninstagram.com&_nc_cat=1&_nc_ohc=hrBxlowvvS8AX_O44m9&edm=ALB854YBAAAA&ccb=7-5&oh=00_AfAgWEDnvTz-7tKkLDzgIRNWYxcOfig1XLQMBMrZpdzoQQ&oe=65363BC9&_nc_sid=ce9561""",false,"""249356425""","""249356425""",2,[],1697712106,false,"""17841400372753896"""
false,"{""is_possible_scammer"": false, ""is_possible_impersonator"": {""is_unconnected_impersonator"": false, ""connected_similar_user_id"": null}, ""is_possible_impersonator_threads"": {""is_unconnected_impersonator"": false, ""connected_similar_user_id"": null}}","""Emily Pichette""",false,"""emilypichette""","""""","""""","""3182374110264688637_1199239385""","""1199239385""",false,"""https://scontent-yyz1-1.cdninstagram.com/v/t51.2885-19/373530741_291322123605617_5893540170473280235_n.jpg?stp=dst-jpg_s150x150&_nc_ht=scontent-yyz1-1.cdninstagram.com&_nc_cat=105&_nc_ohc=3cJvMPU1IQMAX_9Wptl&edm=ALB854YBAAAA&ccb=7-5&oh=00_AfAPFrO7e9HWwEN5VzYB3kr_BxMYZUxEYLYarcdUzF2wRw&oe=6536D4BB&_nc_sid=ce9561""",false,"""1199239385""","""1199239385""",0,[],0,false,"""17841400221568738"""
false,"{""is_possible_scammer"": false, ""is_possible_impersonator"": {""is_unconnected_impersonator"": false, ""connected_similar_user_id"": null}, ""is_possible_impersonator_threads"": {""is_unconnected_impersonator"": false, ""connected_similar_user_id"": null}}","""ALEXANDRA CLARE | LXNDRCLR""",false,"""alexandraclare""","""""","""""","""3188276108679705526_48870968""","""48870968""",false,"""https://scontent-yyz1-1.cdninstagram.com/v/t51.2885-19/376692884_618415990341822_4579157973160786830_n.jpg?stp=dst-jpg_s150x150&_nc_ht=scontent-yyz1-1.cdninstagram.com&_nc_cat=106&_nc_ohc=2J9R7PcuZvUAX9H-KLe&edm=ALB854YBAAAA&ccb=7-5&oh=00_AfBcZexeBvQ3_yb-tZWHKhaVFsavYD3pojMT3AMql1owaw&oe=65376EF3&_nc_sid=ce9561""",false,"""48870968""","""48870968""",0,[],1697748596,false,"""17841401169040763"""
false,"{""is_possible_scammer"": false, ""is_possible_impersonator"": {""is_unconnected_impersonator"": false, ""connected_similar_user_id"": null}, ""is_possible_impersonator_threads"": {""is_unconnected_impersonator"": false, ""connected_similar_user_id"": null}}","""zeina زينة""",true,"""zeinamates""","""""","""""","""2876845158064244768_35135712""","""35135712""",false,"""https://scontent-yyz1-1.cdninstagram.com/v/t51.2885-19/292340762_176352731516372_3686602338532346378_n.jpg?stp=dst-jpg_s150x150&_nc_ht=scontent-yyz1-1.cdninstagram.com&_nc_cat=108&_nc_ohc=wdKav7Wn9hAAX8j3XMN&edm=ALB854YBAAAA&ccb=7-5&oh=00_AfBuVkKLTaL04IW1UlBAoiJduvLU0mXcIjiVpXiJxWrPnA&oe=6537D1FA&_nc_sid=ce9561""",false,"""35135712""","""35135712""",0,[],1697730677,false,"""17841401911360548"""
false,"{""is_possible_scammer"": false, ""is_possible_impersonator"": {""is_unconnected_impersonator"": false, ""connected_similar_user_id"": null}, ""is_possible_impersonator_threads"": {""is_unconnected_impersonator"": false, ""connected_similar_user_id"": null}}","""LegacyLondon | BrandManagement""",false,"""legacylondon""","""""","""""","""2550088723786492863_1718913100""","""1718913100""",false,"""https://scontent-yyz1-1.cdninstagram.com/v/t51.2885-19/172431524_212543087308552_8532805678197345819_n.jpg?stp=dst-jpg_s150x150&_nc_ht=scontent-yyz1-1.cdninstagram.com&_nc_cat=104&_nc_ohc=bDHAb9PY380AX_-q0zm&edm=ALB854YBAAAA&ccb=7-5&oh=00_AfDXjFnUqhU0as3vIMTGLq79u1rK1GzPR2pBPNGkKHM5Rw&oe=65374808&_nc_sid=ce9561""",false,"""1718913100""","""1718913100""",1,[],0,false,"""17841400033026858"""
false,"{""is_possible_scammer"": false, ""is_possible_impersonator"": {""is_unconnected_impersonator"": false, ""connected_similar_user_id"": null}, ""is_possible_impersonator_threads"": {""is_unconnected_impersonator"": false, ""connected_similar_user_id"": null}}","""Mina Zibayi asil""",false,"""minazibayibeauty""","""""","""""","""3216030264655111753_1585683613""","""1585683613""",false,"""https://scontent-yyz1-1.cdninstagram.com/v/t51.2885-19/393177569_2678135452334901_2612949621261891962_n.jpg?stp=dst-jpg_s150x150&_nc_ht=scontent-yyz1-1.cdninstagram.com&_nc_cat=1&_nc_ohc=z_hptA1_VjUAX-5_5F8&edm=ALB854YBAAAA&ccb=7-5&oh=00_AfBPpsLAGkqTiwUTBn7h5qpQFjKNN-UToACY8JxcLlKnEA&oe=65370298&_nc_sid=ce9561""",false,"""1585683613""","""1585683613""",1,[],1697728537,false,"""17841400588414776"""
false,"{""is_possible_scammer"": false, ""is_possible_impersonator"": {""is_unconnected_impersonator"": false, ""connected_similar_user_id"": null}, ""is_possible_impersonator_threads"": {""is_unconnected_impersonator"": false, ""connected_similar_user_id"": null}}","""ThatFrenchboigotthejuiice""",false,"""_bodiesbytshims_zed""","""""","""""","""3181902793681704734_1438554672""","""1438554672""",false,"""https://scontent-yyz1-1.cdninstagram.com/v/t51.2885-19/372881580_671132938276063_6996909351476883318_n.jpg?stp=dst-jpg_s150x150&_nc_ht=scontent-yyz1-1.cdninstagram.com&_nc_cat=107&_nc_ohc=1a6L6SH2jbsAX9bSMFn&edm=ALB854YBAAAA&ccb=7-5&oh=00_AfC7NxVyEYX5OaMPgQ3ZIzpe-w552tNhradgL6h7OBkokQ&oe=65367969&_nc_sid=ce9561""",false,"""1438554672""","""1438554672""",1,[],1697762518,false,"""17841400800182477"""
false,"{""is_possible_scammer"": false, ""is_possible_impersonator"": {""is_unconnected_impersonator"": false, ""connected_similar_user_id"": null}, ""is_possible_impersonator_threads"": {""is_unconnected_impersonator"": false, ""connected_similar_user_id"": null}}","""GRETA aka Kika 🍄""",false,"""greta.taraj""","""""","""""","""3136526467578547945_10178916087""","""10178916087""",false,"""https://scontent-yyz1-1.cdninstagram.com/v/t51.2885-19/356958951_1784488868672807_4252695193227698836_n.jpg?stp=dst-jpg_s150x150&_nc_ht=scontent-yyz1-1.cdninstagram.com&_nc_cat=111&_nc_ohc=yYd9WRDvAzAAX_mA_43&edm=ALB854YBAAAA&ccb=7-5&oh=00_AfBl1BWaBXTUD-583kPqFJzUFaB28cHgfTQsr_wrfIApBQ&oe=65373839&_nc_sid=ce9561""",false,"""10178916087""","""10178916087""",0,[],1697745447,false,"""17841410202622364"""
false,"{""is_possible_scammer"": false, ""is_possible_impersonator"": {""is_unconnected_impersonator"": false, ""connected_similar_user_id"": null}, ""is_possible_impersonator_threads"": {""is_unconnected_impersonator"": false, ""connected_similar_user_id"": null}}","""FRUITER""",false,"""memesfruiter""","""""","""""","""2845591066281505827_4141003569""","""4141003569""",false,"""https://scontent-yyz1-1.cdninstagram.com/v/t51.2885-19/283882808_1190940838142944_8551187539384521312_n.jpg?stp=dst-jpg_s150x150&_nc_ht=scontent-yyz1-1.cdninstagram.com&_nc_cat=104&_nc_ohc=gBFB_riSE_YAX9_pzKl&edm=ALB854YBAAAA&ccb=7-5&oh=00_AfD5XFfaZ6M4uq9jAKkDIagHUB01qxCR7V4rR8gD8cbU1w&oe=6537771A&_nc_sid=ce9561""",false,"""4141003569""","""4141003569""",0,[],0,false,"""17841404187077625"""
false,"{""is_possible_scammer"": false, ""is_possible_impersonator"": {""is_unconnected_impersonator"": false, ""connected_similar_user_id"": null}, ""is_possible_impersonator_threads"": {""is_unconnected_impersonator"": false, ""connected_similar_user_id"": null}}","""Baba Ibadan ® in Texas""",false,"""westafrikanman""","""""","""""","""2700643089339393585_235452523""","""235452523""",false,"""https://scontent-yyz1-1.cdninstagram.com/v/t51.2885-19/253057361_466068654816848_746577475204977555_n.jpg?stp=dst-jpg_s150x150&_nc_ht=scontent-yyz1-1.cdninstagram.com&_nc_cat=1&_nc_ohc=wySQJkxM2qsAX9gh1Ke&edm=ALB854YBAAAA&ccb=7-5&oh=00_AfDBRsQI1eLYP17Wp7JwUwcr0mSAjD1k8fKUmnuKYsOFzg&oe=6536C809&_nc_sid=ce9561""",false,"""235452523""","""235452523""",2,[],0,false,"""17841401815693678"""
false,"{""is_possible_scammer"": false, ""is_possible_impersonator"": {""is_unconnected_impersonator"": false, ""connected_similar_user_id"": null}, ""is_possible_impersonator_threads"": {""is_unconnected_impersonator"": false, ""connected_similar_user_id"": null}}","""""",false,"""alexis.mercure""","""""","""""","""3113589366366675021_1591025614""","""1591025614""",false,"""https://scontent-yyz1-1.cdninstagram.com/v/t51.2885-19/350570776_1300941504193467_2851466783648175251_n.jpg?stp=dst-jpg_s150x150&_nc_ht=scontent-yyz1-1.cdninstagram.com&_nc_cat=103&_nc_ohc=2z6cWHQjOCQAX-0SjeJ&edm=ALB854YBAAAA&ccb=7-5&oh=00_AfAs0P7mR_PBq4XsmGg0r3Jqo-60gsiIunAOysuOCb71vQ&oe=6537B36B&_nc_sid=ce9561""",false,"""1591025614""","""1591025614""",0,[],0,false,"""17841401488444859"""
false,"{""is_possible_scammer"": false, ""is_possible_impersonator"": {""is_unconnected_impersonator"": false, ""connected_similar_user_id"": null}, ""is_possible_impersonator_threads"": {""is_unconnected_impersonator"": false, ""connected_similar_user_id"": null}}","""amy | astrologer""",false,"""sistersvillage""","""""","""""","""3018072585931537127_1309633359""","""1309633359""",false,"""https://scontent-yyz1-1.cdninstagram.com/v/t51.2885-19/325772061_1374521323319535_5876332742024092180_n.jpg?stp=dst-jpg_s150x150&_nc_ht=scontent-yyz1-1.cdninstagram.com&_nc_cat=1&_nc_ohc=UYgOYzB9t54AX_BykCi&edm=ALB854YBAAAA&ccb=7-5&oh=00_AfBgKrTPiby9EJ0en8ouH0heyzkTUUfmZa60NJIbQSFzTw&oe=6537DCD1&_nc_sid=ce9561""",false,"""1309633359""","""1309633359""",0,[],0,false,"""17841400040790463"""
false,"{""is_possible_scammer"": false, ""is_possible_impersonator"": {""is_unconnected_impersonator"": false, ""connected_similar_user_id"": null}, ""is_possible_impersonator_threads"": {""is_unconnected_impersonator"": false, ""connected_similar_user_id"": null}}","""The New York Times Archives""",true,"""nytarchives""","""""","""""","""1714704782440231610_2009786105""","""2009786105""",false,"""https://scontent-yyz1-1.cdninstagram.com/v/t51.2885-19/27880089_1517809398340379_3127443250479104000_n.jpg?stp=dst-jpg_s150x150&_nc_ht=scontent-yyz1-1.cdninstagram.com&_nc_cat=111&_nc_ohc=35RRwfUBM0MAX_huSBF&edm=ALB854YBAAAA&ccb=7-5&oh=00_AfB_OpiQTlC6TH8O29LEj7EE45iezpNFOcTC2AXCfbDwMA&oe=65365E1C&_nc_sid=ce9561""",false,"""2009786105""","""2009786105""",0,[],0,false,"""17841401983161223"""
false,"{""is_possible_scammer"": false, ""is_possible_impersonator"": {""is_unconnected_impersonator"": false, ""connected_similar_user_id"": null}, ""is_possible_impersonator_threads"": {""is_unconnected_impersonator"": false, ""connected_similar_user_id"": null}}","""Collective World""",true,"""collectiveworld""","""""","""""","""1528628524016198817_5504184648""","""5504184648""",false,"""https://scontent-yyz1-1.cdninstagram.com/v/t51.2885-19/19379736_330776444019524_8625418791460798464_n.jpg?stp=dst-jpg_s150x150&_nc_ht=scontent-yyz1-1.cdninstagram.com&_nc_cat=108&_nc_ohc=FhiHzbe6W6QAX8NqCEx&edm=ALB854YBAAAA&ccb=7-5&oh=00_AfB11-keYe9tMN7IYT85QjnmXaioX5rtgsee3dLgaZK52w&oe=6536C7E1&_nc_sid=ce9561""",false,"""5504184648""","""5504184648""",1,[],0,false,"""17841405299468023"""
false,"{""is_possible_scammer"": false, ""is_possible_impersonator"": {""is_unconnected_impersonator"": false, ""connected_similar_user_id"": null}, ""is_possible_impersonator_threads"": {""is_unconnected_impersonator"": false, ""connected_similar_user_id"": null}}","""𝐸𝑚𝑚𝑦 𝑙𝑎𝑟𝑟𝑜𝑧𝑎""",false,"""emmy_larroza""","""""","""""","""3142134349965241488_1486190069""","""1486190069""",true,"""https://scontent-yyz1-1.cdninstagram.com/v/t51.2885-19/358350494_1272278296993065_5302976559589255177_n.jpg?stp=dst-jpg_s150x150&_nc_ht=scontent-yyz1-1.cdninstagram.com&_nc_cat=109&_nc_ohc=XLGpJt7gPdUAX96enLB&edm=ALB854YBAAAA&ccb=7-5&oh=00_AfBvo71XWzE7vLXzHx29k8DUmnXMbmRXR5c0JKUCkAosJA&oe=65374DE9&_nc_sid=ce9561""",false,"""1486190069""","""1486190069""",0,[],0,false,"""17841401382093221"""
false,"{""is_possible_scammer"": false, ""is_possible_impersonator"": {""is_unconnected_impersonator"": false, ""connected_similar_user_id"": null}, ""is_possible_impersonator_threads"": {""is_unconnected_impersonator"": false, ""connected_similar_user_id"": null}}","""Fashion Week""",true,"""fashionweek""","""""","""""","""2162566521976908260_7501971""","""7501971""",false,"""https://scontent-yyz1-1.cdninstagram.com/v/t51.2885-19/72864817_2191013827864630_6574273007961767936_n.jpg?stp=dst-jpg_s150x150&_nc_ht=scontent-yyz1-1.cdninstagram.com&_nc_cat=1&_nc_ohc=4mmq2QF05DwAX8cCIBY&edm=ALB854YBAAAA&ccb=7-5&oh=00_AfCWwMHgUVXLZUjV1QY-OOWzt0BbBN2THt4NhloY10SI8A&oe=65374CAC&_nc_sid=ce9561""",false,"""7501971""","""7501971""",1,[],0,false,"""17841400419130117"""
false,"{""is_possible_scammer"": false, ""is_possible_impersonator"": {""is_unconnected_impersonator"": false, ""connected_similar_user_id"": null}, ""is_possible_impersonator_threads"": {""is_unconnected_impersonator"": false, ""connected_similar_user_id"": null}}","""Jay Du Temple""",true,"""jaydutemple""","""""","""""","""2448800994111711222_187429115""","""187429115""",false,"""https://scontent-yyz1-1.cdninstagram.com/v/t51.2885-19/126946686_188858132958685_1917381453992131125_n.jpg?stp=dst-jpg_s150x150&_nc_ht=scontent-yyz1-1.cdninstagram.com&_nc_cat=101&_nc_ohc=g1b-uTP6430AX-euTfQ&edm=ALB854YBAAAA&ccb=7-5&oh=00_AfBpxPeXqENDdUi0lsEUzFZzb4UqbeJ5gkq1SLizUpb9Ag&oe=6536FD25&_nc_sid=ce9561""",false,"""187429115""","""187429115""",0,[],0,false,"""17841401113452928"""
false,"{""is_possible_scammer"": false, ""is_possible_impersonator"": {""is_unconnected_impersonator"": false, ""connected_similar_user_id"": null}, ""is_possible_impersonator_threads"": {""is_unconnected_impersonator"": false, ""connected_similar_user_id"": null}}","""Bella Michlo""",true,"""bellamichlo""","""""","""""","""2220491431580357054_1614456476""","""1614456476""",false,"""https://scontent-yyz1-1.cdninstagram.com/v/t51.2885-19/80693703_486774412250957_7278738594733228032_n.jpg?stp=dst-jpg_s150x150&_nc_ht=scontent-yyz1-1.cdninstagram.com&_nc_cat=105&_nc_ohc=JrGDzwvPeT8AX-o80SB&edm=ALB854YBAAAA&ccb=7-5&oh=00_AfB6t0KXW5tff1PPs3Hu8fnCzZ9-RsyBNWocWmw6yIgQRQ&oe=65373C17&_nc_sid=ce9561""",false,"""1614456476""","""1614456476""",0,[],0,false,"""17841401694305225"""
false,"{""is_possible_scammer"": false, ""is_possible_impersonator"": {""is_unconnected_impersonator"": false, ""connected_similar_user_id"": null}, ""is_possible_impersonator_threads"": {""is_unconnected_impersonator"": false, ""connected_similar_user_id"": null}}","""Hattie Smith""",false,"""hattiebourn""","""""","""""","""2903457647096195699_336242725""","""336242725""",false,"""https://scontent-yyz1-1.cdninstagram.com/v/t51.2885-19/298747694_458560375914252_5245214279004590103_n.jpg?stp=dst-jpg_s150x150&_nc_ht=scontent-yyz1-1.cdninstagram.com&_nc_cat=1&_nc_ohc=tQwuzey9mpMAX-6uSf4&edm=ALB854YBAAAA&ccb=7-5&oh=00_AfDVgvBjy0s6YNu5l_GiU6sNgYWAp2rqquXT3n5YESLFzg&oe=65365723&_nc_sid=ce9561""",false,"""336242725""","""336242725""",0,[],0,false,"""17841401521755253"""
false,"{""is_possible_scammer"": false, ""is_possible_impersonator"": {""is_unconnected_impersonator"": false, ""connected_similar_user_id"": null}, ""is_possible_impersonator_threads"": {""is_unconnected_impersonator"": false, ""connected_similar_user_id"": null}}","""Эстетика""",false,"""emperiance""","""""","""""","""1944220850341710532_4735353633""","""4735353633""",false,"""https://scontent-yyz1-1.cdninstagram.com/v/t51.2885-19/46366863_278121359554606_7278683674986414080_n.jpg?stp=dst-jpg_s150x150&_nc_ht=scontent-yyz1-1.cdninstagram.com&_nc_cat=1&_nc_ohc=RQNy_13tq18AX8MKCBY&edm=ALB854YBAAAA&ccb=7-5&oh=00_AfCHkKtw1tO3czMBbtSP1a_zdnsD3WOrL3u4Yz2FVTveEA&oe=6537CC6E&_nc_sid=ce9561""",false,"""4735353633""","""4735353633""",0,[],0,false,"""17841404609011919"""
false,"{""is_possible_scammer"": false, ""is_possible_impersonator"": {""is_unconnected_impersonator"": false, ""connected_similar_user_id"": null}, ""is_possible_impersonator_threads"": {""is_unconnected_impersonator"": false, ""connected_similar_user_id"": null}}","""Jessy Hartel""",false,"""jessyhartel""","""""","""""","""3203118170876904257_216154551""","""216154551""",false,"""https://scontent-yyz1-1.cdninstagram.com/v/t51.2885-19/384121206_792432199302300_5659067139111743229_n.jpg?stp=dst-jpg_s150x150&_nc_ht=scontent-yyz1-1.cdninstagram.com&_nc_cat=1&_nc_ohc=J4dQwp4H334AX9ckUW4&edm=ALB854YBAAAA&ccb=7-5&oh=00_AfAB3B1VSjSCKs1jdgaOuj8G85MOOZpK9J--QuKNCAGDwQ&oe=65365247&_nc_sid=ce9561""",false,"""216154551""","""216154551""",0,[],0,false,"""17841400796533377"""
false,"{""is_possible_scammer"": false, ""is_possible_impersonator"": {""is_unconnected_impersonator"": false, ""connected_similar_user_id"": null}, ""is_possible_impersonator_threads"": {""is_unconnected_impersonator"": false, ""connected_similar_user_id"": null}}","""marianne :)""",false,"""quirionmarianne""","""""","""""","""2704111375112577366_7434751543""","""7434751543""",false,"""https://scontent-yyz1-1.cdninstagram.com/v/t51.2885-19/255468018_262573555827824_8277313436569570458_n.jpg?stp=dst-jpg_s150x150&_nc_ht=scontent-yyz1-1.cdninstagram.com&_nc_cat=108&_nc_ohc=jHurdCb-OcsAX_OdSap&edm=ALB854YBAAAA&ccb=7-5&oh=00_AfBTZsi4yi4OM02ZUoFYQy64gvH7msBJzZ5Ii3mAndfeOQ&oe=653793B4&_nc_sid=ce9561""",false,"""7434751543""","""7434751543""",0,[],0,false,"""17841407426319343"""
false,"{""is_possible_scammer"": false, ""is_possible_impersonator"": {""is_unconnected_impersonator"": false, ""connected_similar_user_id"": null}, ""is_possible_impersonator_threads"": {""is_unconnected_impersonator"": false, ""connected_similar_user_id"": null}}","""Omar Khalil""",false,"""omar_kkhalil""","""""","""""","""3211667001013034644_8033516406""","""8033516406""",true,"""https://scontent-yyz1-1.cdninstagram.com/v/t51.2885-19/391211103_845199727196626_4569431843273470772_n.jpg?stp=dst-jpg_s150x150&_nc_ht=scontent-yyz1-1.cdninstagram.com&_nc_cat=110&_nc_ohc=-AXTCv-V3zkAX-YxSCq&edm=ALB854YBAAAA&ccb=7-5&oh=00_AfB2fnTg62N8sbQrdggtaLorVoXqWoas8AoqjHENBA65ZA&oe=65365A05&_nc_sid=ce9561""",false,"""8033516406""","""8033516406""",0,[],0,false,"""17841408052194189"""
false,"{""is_possible_scammer"": false, ""is_possible_impersonator"": {""is_unconnected_impersonator"": false, ""connected_similar_user_id"": null}, ""is_possible_impersonator_threads"": {""is_unconnected_impersonator"": false, ""connected_similar_user_id"": null}}","""hayley rose""",false,"""hayleyroseyoga""","""""","""""","""1714221288745499703_4706677488""","""4706677488""",false,"""https://scontent-yyz1-1.cdninstagram.com/v/t51.2885-19/49854670_2302907373367309_3355508071186038784_n.jpg?stp=dst-jpg_s150x150&_nc_ht=scontent-yyz1-1.cdninstagram.com&_nc_cat=101&_nc_ohc=VbSa8ql2ezcAX_nLwd2&edm=ALB854YBAAAA&ccb=7-5&oh=00_AfCcQMW_JqOEfvNwwvnRMjSFa52seBoYZ2IGj94IdnYTVw&oe=65372F4D&_nc_sid=ce9561""",false,"""4706677488""","""4706677488""",0,[],0,false,"""17841404724658334"""
false,"{""is_possible_scammer"": false, ""is_possible_impersonator"": {""is_unconnected_impersonator"": false, ""connected_similar_user_id"": null}, ""is_possible_impersonator_threads"": {""is_unconnected_impersonator"": false, ""connected_similar_user_id"": null}}","""Polina Chursanova""",true,"""polchursanova""","""""","""""","""2592338918357049634_215816655""","""215816655""",false,"""https://scontent-yyz1-1.cdninstagram.com/v/t51.2885-19/198534431_579509513436533_3748681557832364524_n.jpg?stp=dst-jpg_s150x150&_nc_ht=scontent-yyz1-1.cdninstagram.com&_nc_cat=1&_nc_ohc=rVpIX2hkcIQAX-ryYRF&edm=ALB854YBAAAA&ccb=7-5&oh=00_AfCff8w-hSz1ZrA4WGVWEHUrVW0EIEloaL8Eqeju0faCdA&oe=6537AD00&_nc_sid=ce9561""",false,"""215816655""","""215816655""",1,[],0,false,"""17841400259653372"""
false,"{""is_possible_scammer"": false, ""is_possible_impersonator"": {""is_unconnected_impersonator"": false, ""connected_similar_user_id"": null}, ""is_possible_impersonator_threads"": {""is_unconnected_impersonator"": false, ""connected_similar_user_id"": null}}","""dunyasnoor""",false,"""dunyasnoor""","""""","""""","""3138826682857559589_47623386029""","""47623386029""",false,"""https://scontent-yyz1-1.cdninstagram.com/v/t51.2885-19/357771754_237316789119596_3500707382872710550_n.jpg?stp=dst-jpg_s150x150&_nc_ht=scontent-yyz1-1.cdninstagram.com&_nc_cat=108&_nc_ohc=4YvgN374jdcAX_4hvWu&edm=ALB854YBAAAA&ccb=7-5&oh=00_AfDEA2GopCWhKxx7gwPrKdoJqEQzXas7UfAtQrVRMFLMKA&oe=65374649&_nc_sid=ce9561""",false,"""47623386029""","""47623386029""",0,[],0,false,"""17841447580882923"""
false,"{""is_possible_scammer"": false, ""is_possible_impersonator"": {""is_unconnected_impersonator"": false, ""connected_similar_user_id"": null}, ""is_possible_impersonator_threads"": {""is_unconnected_impersonator"": false, ""connected_similar_user_id"": null}}","""kylei halbakken""",false,"""kylei.ann""","""""","""""","""3156234918949620415_45763521574""","""45763521574""",false,"""https://scontent-yyz1-1.cdninstagram.com/v/t51.2885-19/363888235_1401299457319248_2604770099361709162_n.jpg?stp=dst-jpg_s150x150&_nc_ht=scontent-yyz1-1.cdninstagram.com&_nc_cat=1&_nc_ohc=JVBvdkuwahQAX-JdVgz&edm=ALB854YBAAAA&ccb=7-5&oh=00_AfCWN8G1O_U6_AEs4cJsHJ1gVMYJVHW3uRRsaxkJbsLuFw&oe=6536FC4B&_nc_sid=ce9561""",false,"""45763521574""","""45763521574""",1,[],0,false,"""17841445647240440"""
false,"{""is_possible_scammer"": false, ""is_possible_impersonator"": {""is_unconnected_impersonator"": false, ""connected_similar_user_id"": null}, ""is_possible_impersonator_threads"": {""is_unconnected_impersonator"": false, ""connected_similar_user_id"": null}}","""Olympia of Greece""",true,"""olympiagreece""","""""","""""","""3177301615114819625_202011848""","""202011848""",false,"""https://scontent-yyz1-1.cdninstagram.com/v/t51.2885-19/369663050_816488863255952_2507112427994164095_n.jpg?stp=dst-jpg_s150x150&_nc_ht=scontent-yyz1-1.cdninstagram.com&_nc_cat=108&_nc_ohc=NqmEot7IBf0AX8unsuv&edm=ALB854YBAAAA&ccb=7-5&oh=00_AfC1AJ1mX5p0KEBMMRdziFY4qe5eguKOTTOPZRMh4kBLNg&oe=6537842F&_nc_sid=ce9561""",false,"""202011848""","""202011848""",0,[],0,false,"""17841400835443156"""
true,"{""is_possible_scammer"": false, ""is_possible_impersonator"": {""is_unconnected_impersonator"": false, ""connected_similar_user_id"": null}, ""is_possible_impersonator_threads"": {""is_unconnected_impersonator"": false, ""connected_similar_user_id"": null}}","""Sanaa""",false,"""sanaa.mrm""","""""","""""","""""","""827728744""",false,"""https://instagram.fgoi2-1.fna.fbcdn.net/v/t51.2885-19/44884218_345707102882519_2446069589734326272_n.jpg?_nc_ht=instagram.fgoi2-1.fna.fbcdn.net&_nc_cat=1&_nc_ohc=RL4se8fak_MAX-7q6EZ&edm=ACkAUu0BAAAA&ccb=7-5&ig_cache_key=YW5vbnltb3VzX3Byb2ZpbGVfcGlj.2-ccb7-5&oh=00_AfAw6EK6NF1IHJ91B46lZaHO7IFM9gX47-W3QM4ESgu_eg&oe=6537D14F&_nc_sid=123e20""",false,"""827728744""","""827728744""",0,[],0,false,"""17841400502332933"""
false,"{""is_possible_scammer"": false, ""is_possible_impersonator"": {""is_unconnected_impersonator"": false, ""connected_similar_user_id"": null}, ""is_possible_impersonator_threads"": {""is_unconnected_impersonator"": false, ""connected_similar_user_id"": null}}","""Dayna Kathan""",true,"""dadadayns""","""""","""""","""3216178752815430292_13428097""","""13428097""",false,"""https://scontent-yyz1-1.cdninstagram.com/v/t51.2885-19/392954717_1967243213648658_5790269382810439768_n.jpg?stp=dst-jpg_s150x150&_nc_ht=scontent-yyz1-1.cdninstagram.com&_nc_cat=106&_nc_ohc=1RGZ-ijG-tcAX8V-JDJ&edm=ALB854YBAAAA&ccb=7-5&oh=00_AfA2TY4JduePpZPOc_xNPVvDn0xlpGp10TvL2SJDQelOpw&oe=6536E30F&_nc_sid=ce9561""",false,"""13428097""","""13428097""",1,[],0,false,"""17841401562910209"""
false,"{""is_possible_scammer"": false, ""is_possible_impersonator"": {""is_unconnected_impersonator"": false, ""connected_similar_user_id"": null}, ""is_possible_impersonator_threads"": {""is_unconnected_impersonator"": false, ""connected_similar_user_id"": null}}","""Laura""",true,"""loewhaley""","""""","""""","""3176599576429608178_194376494""","""194376494""",false,"""https://scontent-yyz1-1.cdninstagram.com/v/t51.2885-19/369815150_673458401333671_5796070010240506479_n.jpg?stp=dst-jpg_s150x150&_nc_ht=scontent-yyz1-1.cdninstagram.com&_nc_cat=1&_nc_ohc=-KUxSxJQ8soAX-MLIG0&edm=ALB854YBAAAA&ccb=7-5&oh=00_AfB2kzMO9tlekFAvzQAuA5XyA9HDfmmUUek6sS1JvVskhQ&oe=65367E9F&_nc_sid=ce9561""",false,"""194376494""","""194376494""",0,[],0,false,"""17841400254823037"""
false,"{""is_possible_scammer"": false, ""is_possible_impersonator"": {""is_unconnected_impersonator"": false, ""connected_similar_user_id"": null}, ""is_possible_impersonator_threads"": {""is_unconnected_impersonator"": false, ""connected_similar_user_id"": null}}","""AMBER HOLLY REGEL // Beauty Content Creator""",false,"""amberhollyregel""","""""","""""","""3012082760918521336_2803979541""","""2803979541""",false,"""https://scontent-yyz1-1.cdninstagram.com/v/t51.2885-19/324275493_230154596017086_1572107357313631867_n.jpg?stp=dst-jpg_s150x150&_nc_ht=scontent-yyz1-1.cdninstagram.com&_nc_cat=106&_nc_ohc=hCwjdtlEf9AAX-rYHG_&edm=ALB854YBAAAA&ccb=7-5&oh=00_AfA2stsdXr3Auud4Hr4MQjmv8PtySA3UagUSItWiLw4p0A&oe=653635EA&_nc_sid=ce9561""",false,"""2803979541""","""2803979541""",1,[],0,false,"""17841402746250497"""
false,"{""is_possible_scammer"": false, ""is_possible_impersonator"": {""is_unconnected_impersonator"": false, ""connected_similar_user_id"": null}, ""is_possible_impersonator_threads"": {""is_unconnected_impersonator"": false, ""connected_similar_user_id"": null}}","""🦋Inaya🦋""",false,"""plume_dune_gangster""","""""","""""","""3176003813151668709_3112060264""","""3112060264""",false,"""https://scontent-yyz1-1.cdninstagram.com/v/t51.2885-19/369618075_259967603643839_8121262456318305324_n.jpg?stp=dst-jpg_s150x150&_nc_ht=scontent-yyz1-1.cdninstagram.com&_nc_cat=111&_nc_ohc=GfRCZacy8PYAX8PW4NT&edm=ALB854YBAAAA&ccb=7-5&oh=00_AfDtW9Kcfl89F4RsQyKrkxLkCcUDYPiOGN2ehMcMWbVgpQ&oe=65360A69&_nc_sid=ce9561""",false,"""3112060264""","""3112060264""",0,[],0,false,"""17841403007949007"""
false,"{""is_possible_scammer"": false, ""is_possible_impersonator"": {""is_unconnected_impersonator"": false, ""connected_similar_user_id"": null}, ""is_possible_impersonator_threads"": {""is_unconnected_impersonator"": false, ""connected_similar_user_id"": null}}","""B E T H""",false,"""_elizabethbreton_""","""""","""""","""2905006215307891659_8960829635""","""8960829635""",false,"""https://scontent-yyz1-1.cdninstagram.com/v/t51.2885-19/299030611_474466304140793_5439726391071623069_n.jpg?stp=dst-jpg_s150x150&_nc_ht=scontent-yyz1-1.cdninstagram.com&_nc_cat=105&_nc_ohc=bgRDFLfANHUAX9cwZAG&edm=ALB854YBAAAA&ccb=7-5&oh=00_AfBl3yBthSya1buQHGNhu9Gc2nY545wo5CdF6hCgWA6HrA&oe=6537A0D2&_nc_sid=ce9561""",false,"""8960829635""","""8960829635""",0,[],0,false,"""17841409049060103"""
false,"{""is_possible_scammer"": false, ""is_possible_impersonator"": {""is_unconnected_impersonator"": false, ""connected_similar_user_id"": null}, ""is_possible_impersonator_threads"": {""is_unconnected_impersonator"": false, ""connected_similar_user_id"": null}}","""ZOE WEES""",true,"""zoewees""","""""","""""","""3170746437325731890_1134981219""","""1134981219""",false,"""https://scontent-yyz1-1.cdninstagram.com/v/t51.2885-19/367520050_1094088078235526_7784755535531123714_n.jpg?stp=dst-jpg_s150x150&_nc_ht=scontent-yyz1-1.cdninstagram.com&_nc_cat=102&_nc_ohc=wCPGDdT7sP0AX_nPs4Z&edm=ALB854YBAAAA&ccb=7-5&oh=00_AfBqOw7LFfVxcD9ILXgSuGAzWmuYc1yY1PYie70M5jaJdA&oe=6537C9D5&_nc_sid=ce9561""",false,"""1134981219""","""1134981219""",0,[],0,false,"""17841400156587734"""
false,"{""is_possible_scammer"": false, ""is_possible_impersonator"": {""is_unconnected_impersonator"": false, ""connected_similar_user_id"": null}, ""is_possible_impersonator_threads"": {""is_unconnected_impersonator"": false, ""connected_similar_user_id"": null}}","""MYRASWIM""",true,"""myraswim""","""""","""""","""2304208407561066466_1081858678""","""1081858678""",false,"""https://scontent-yyz1-1.cdninstagram.com/v/t51.2885-19/95774179_843136649546108_2092277512766750720_n.jpg?stp=dst-jpg_s150x150&_nc_ht=scontent-yyz1-1.cdninstagram.com&_nc_cat=108&_nc_ohc=ZJCanKmb3YEAX_gDMNF&edm=ALB854YBAAAA&ccb=7-5&oh=00_AfBAACe2tKEPIlW1asz6YnUuajNXtNxAqe4xXGrWJz6dVQ&oe=65360137&_nc_sid=ce9561""",false,"""1081858678""","""1081858678""",0,[],0,false,"""17841400080356904"""
false,"{""is_possible_scammer"": false, ""is_possible_impersonator"": {""is_unconnected_impersonator"": false, ""connected_similar_user_id"": null}, ""is_possible_impersonator_threads"": {""is_unconnected_impersonator"": false, ""connected_similar_user_id"": null}}","""Love By Luna®""",false,"""lovebyluna""","""""","""""","""1935498684068034136_2198987077""","""2198987077""",false,"""https://scontent-yyz1-1.cdninstagram.com/v/t51.2885-19/46768030_276021353060090_2046147274790141952_n.jpg?stp=dst-jpg_s150x150&_nc_ht=scontent-yyz1-1.cdninstagram.com&_nc_cat=102&_nc_ohc=a5XlXdAe7c8AX-uT1Oz&edm=ALB854YBAAAA&ccb=7-5&oh=00_AfBA8ksYxyr5MGJq-3103LYw7lwvsNvuzsWlNfivpG8cUw&oe=6536BE4F&_nc_sid=ce9561""",false,"""2198987077""","""2198987077""",2,[],0,false,"""17841402252314873"""
false,"{""is_possible_scammer"": false, ""is_possible_impersonator"": {""is_unconnected_impersonator"": false, ""connected_similar_user_id"": null}, ""is_possible_impersonator_threads"": {""is_unconnected_impersonator"": false, ""connected_similar_user_id"": null}}","""shilan شیلان""",false,"""shilanshoko""","""""","""""","""3041198224246846239_207748097""","""207748097""",false,"""https://scontent-yyz1-1.cdninstagram.com/v/t51.2885-19/332160412_1153686938661644_22985541034714924_n.jpg?stp=dst-jpg_s150x150&_nc_ht=scontent-yyz1-1.cdninstagram.com&_nc_cat=108&_nc_ohc=1SVCgcy43icAX8pyU-i&edm=ALB854YBAAAA&ccb=7-5&oh=00_AfCsUq5jcuW4e05hUoAhCGBEV9D3Ba_ijQ63TX61J88j6Q&oe=6537E673&_nc_sid=ce9561""",false,"""207748097""","""207748097""",0,[],0,false,"""17841400122913246"""
false,"{""is_possible_scammer"": false, ""is_possible_impersonator"": {""is_unconnected_impersonator"": false, ""connected_similar_user_id"": null}, ""is_possible_impersonator_threads"": {""is_unconnected_impersonator"": false, ""connected_similar_user_id"": null}}","""Kay""",false,"""kayxstars""","""""","""""","""3065991319105256064_8476296665""","""8476296665""",false,"""https://scontent-yyz1-1.cdninstagram.com/v/t51.2885-19/337677454_1310844936161586_5618942619259192529_n.jpg?stp=dst-jpg_s150x150&_nc_ht=scontent-yyz1-1.cdninstagram.com&_nc_cat=106&_nc_ohc=4SgrVv1gWjgAX8u7kyh&edm=ALB854YBAAAA&ccb=7-5&oh=00_AfDBs07d3HcVBZkYOXvsfxHphMd9ErA96miS5JSXAQ1jMA&oe=6537C781&_nc_sid=ce9561""",false,"""8476296665""","""8476296665""",0,[],0,false,"""17841408419959537"""
false,"{""is_possible_scammer"": false, ""is_possible_impersonator"": {""is_unconnected_impersonator"": false, ""connected_similar_user_id"": null}, ""is_possible_impersonator_threads"": {""is_unconnected_impersonator"": false, ""connected_similar_user_id"": null}}","""Marie Gagné""",true,"""ma.gagne""","""""","""""","""3051285004861552752_4853496""","""4853496""",false,"""https://scontent-yyz1-1.cdninstagram.com/v/t51.2885-19/334625873_190808533583104_655042317086700556_n.jpg?stp=dst-jpg_s150x150&_nc_ht=scontent-yyz1-1.cdninstagram.com&_nc_cat=104&_nc_ohc=7KlQajk2zP4AX8Nc8lt&edm=ALB854YBAAAA&ccb=7-5&oh=00_AfBcemXr4i3gjU3OA3-A_1Bv6J37f8kgmhMiPD5T5yW6fg&oe=653646C2&_nc_sid=ce9561""",false,"""4853496""","""4853496""",1,[],0,false,"""17841401604880075"""
false,"{""is_possible_scammer"": false, ""is_possible_impersonator"": {""is_unconnected_impersonator"": false, ""connected_similar_user_id"": null}, ""is_possible_impersonator_threads"": {""is_unconnected_impersonator"": false, ""connected_similar_user_id"": null}}","""Mathieu Dufour""",true,"""mathduff""","""""","""""","""2998539294683718280_53348769""","""53348769""",false,"""https://scontent-yyz1-1.cdninstagram.com/v/t51.2885-19/320949202_559852695595573_8401275707497541974_n.jpg?stp=dst-jpg_s150x150&_nc_ht=scontent-yyz1-1.cdninstagram.com&_nc_cat=1&_nc_ohc=ygk_NfaNFUgAX-AxN4U&edm=ALB854YBAAAA&ccb=7-5&oh=00_AfBE91w2HWmUWO3ndoUUAbe9ZojvpXng_7-xsCMTJSiaow&oe=653757CC&_nc_sid=ce9561""",false,"""53348769""","""53348769""",0,[],0,false,"""17841401103070833"""
false,"{""is_possible_scammer"": false, ""is_possible_impersonator"": {""is_unconnected_impersonator"": false, ""connected_similar_user_id"": null}, ""is_possible_impersonator_threads"": {""is_unconnected_impersonator"": false, ""connected_similar_user_id"": null}}","""E M I L Y S H A K""",true,"""emilyshak""","""""","""""","""2958657415033152494_301060758""","""301060758""",false,"""https://scontent-yyz1-1.cdninstagram.com/v/t51.2885-19/312917635_781160136316117_5834866459606635264_n.jpg?stp=dst-jpg_s150x150&_nc_ht=scontent-yyz1-1.cdninstagram.com&_nc_cat=1&_nc_ohc=UL6nmUyzKRMAX9Hq4Ne&edm=ALB854YBAAAA&ccb=7-5&oh=00_AfDFX3p7qD8v4sSd6vMHdf-n5k8nQkSWOQLW5HUcLBenJQ&oe=653700FE&_nc_sid=ce9561""",false,"""301060758""","""301060758""",1,[],0,false,"""17841400142744704"""
false,"{""is_possible_scammer"": false, ""is_possible_impersonator"": {""is_unconnected_impersonator"": false, ""connected_similar_user_id"": null}, ""is_possible_impersonator_threads"": {""is_unconnected_impersonator"": false, ""connected_similar_user_id"": null}}","""Mohammed Essefar""",false,"""momo_essefar""","""""","""""","""3000638157734041443_1570595620""","""1570595620""",false,"""https://scontent-yyz1-1.cdninstagram.com/v/t51.2885-19/321351541_1186953145584095_4702650676103442292_n.jpg?stp=dst-jpg_s150x150&_nc_ht=scontent-yyz1-1.cdninstagram.com&_nc_cat=111&_nc_ohc=Uxd6KDchFAQAX93YIMX&edm=ALB854YBAAAA&ccb=7-5&oh=00_AfC3lyCFCehEb3d-1-_jf8srEB3H-WfhgbJdRXrsH5FaIQ&oe=65370B23&_nc_sid=ce9561""",false,"""1570595620""","""1570595620""",0,[],0,false,"""17841401068624540"""
false,"{""is_possible_scammer"": false, ""is_possible_impersonator"": {""is_unconnected_impersonator"": false, ""connected_similar_user_id"": null}, ""is_possible_impersonator_threads"": {""is_unconnected_impersonator"": false, ""connected_similar_user_id"": null}}","""Daisy | Visionary Astrologer 🪩""",false,"""flowersfordais""","""""","""""","""3216054642002225857_48360110""","""48360110""",false,"""https://scontent-yyz1-1.cdninstagram.com/v/t51.2885-19/393131476_1502898843857461_5149797068618101650_n.jpg?stp=dst-jpg_s150x150&_nc_ht=scontent-yyz1-1.cdninstagram.com&_nc_cat=101&_nc_ohc=boZ9DtbkC5EAX8j0dbf&edm=ALB854YBAAAA&ccb=7-5&oh=00_AfDhs2cprCQ65D3xieL8p3I_QKyq4LmEfH2Oiu9SGH0sFw&oe=65365D74&_nc_sid=ce9561""",false,"""48360110""","""48360110""",0,[],0,false,"""17841401203300755"""
false,"{""is_possible_scammer"": false, ""is_possible_impersonator"": {""is_unconnected_impersonator"": false, ""connected_similar_user_id"": null}, ""is_possible_impersonator_threads"": {""is_unconnected_impersonator"": false, ""connected_similar_user_id"": null}}","""Markayza Mitchell""",false,"""markayzamitchell""","""""","""""","""3130191021518379360_342473306""","""342473306""",false,"""https://scontent-yyz1-1.cdninstagram.com/v/t51.2885-19/355239755_802248534820707_9181106964688402436_n.jpg?stp=dst-jpg_s150x150&_nc_ht=scontent-yyz1-1.cdninstagram.com&_nc_cat=103&_nc_ohc=-LntGs1mqqwAX-p-2gR&edm=ALB854YBAAAA&ccb=7-5&oh=00_AfBKrwipjpKSDh7jx4aEuc763mVdtjqZcTGYeGF-vq54FA&oe=6537C5AF&_nc_sid=ce9561""",false,"""342473306""","""342473306""",0,[],0,false,"""17841400279185351"""
false,"{""is_possible_scammer"": false, ""is_possible_impersonator"": {""is_unconnected_impersonator"": false, ""connected_similar_user_id"": null}, ""is_possible_impersonator_threads"": {""is_unconnected_impersonator"": false, ""connected_similar_user_id"": null}}","""Official NA Meme Page 💯""",false,"""north_africans_united""","""""","""""","""2511245763783561137_13587831973""","""13587831973""",false,"""https://scontent-yyz1-1.cdninstagram.com/v/t51.2885-19/150814271_1803259013175040_892079364938197257_n.jpg?stp=dst-jpg_s150x150&_nc_ht=scontent-yyz1-1.cdninstagram.com&_nc_cat=104&_nc_ohc=BXRg_LCMICQAX8pWJJE&edm=ALB854YBAAAA&ccb=7-5&oh=00_AfAVeCwp-S3ArVl6Xwj0RaiWUOMvWEJ_FEd7NSadi9H0pQ&oe=65374C22&_nc_sid=ce9561""",false,"""13587831973""","""13587831973""",0,[],0,false,"""17841413679208478"""
false,"{""is_possible_scammer"": false, ""is_possible_impersonator"": {""is_unconnected_impersonator"": false, ""connected_similar_user_id"": null}, ""is_possible_impersonator_threads"": {""is_unconnected_impersonator"": false, ""connected_similar_user_id"": null}}","""Deanna Di Carlo""",true,"""dedica""","""""","""""","""3119006738245981773_22389928""","""22389928""",false,"""https://scontent-yyz1-1.cdninstagram.com/v/t51.2885-19/351397382_644171200563585_1199946584263592902_n.jpg?stp=dst-jpg_s150x150&_nc_ht=scontent-yyz1-1.cdninstagram.com&_nc_cat=109&_nc_ohc=aVf7WIvJI3UAX_gIsP3&edm=ALB854YBAAAA&ccb=7-5&oh=00_AfDxZs_Wf4wyBoTJ8QKgQcZrdkV5uuGO9s8j6rsXeLthCw&oe=653795C4&_nc_sid=ce9561""",false,"""22389928""","""22389928""",0,[],0,false,"""17841401617840349"""
false,"{""is_possible_scammer"": false, ""is_possible_impersonator"": {""is_unconnected_impersonator"": false, ""connected_similar_user_id"": null}, ""is_possible_impersonator_threads"": {""is_unconnected_impersonator"": false, ""connected_similar_user_id"": null}}","""Nasty Feminism""",false,"""nastyfeminism""","""""","""""","""1958342906319646588_1926662121""","""1926662121""",false,"""https://scontent-yyz1-1.cdninstagram.com/v/t51.2885-19/49440959_577203792704040_6673461236098662400_n.jpg?stp=dst-jpg_s150x150&_nc_ht=scontent-yyz1-1.cdninstagram.com&_nc_cat=1&_nc_ohc=mUBKDGnaA1MAX9OExj4&edm=ALB854YBAAAA&ccb=7-5&oh=00_AfC652BPOZMZh2cE1j25om_17XgeRrloyA-tMFnKowbTNQ&oe=6537660F&_nc_sid=ce9561""",false,"""1926662121""","""1926662121""",0,[],0,false,"""17841402103630832"""
false,"{""is_possible_scammer"": false, ""is_possible_impersonator"": {""is_unconnected_impersonator"": false, ""connected_similar_user_id"": null}, ""is_possible_impersonator_threads"": {""is_unconnected_impersonator"": false, ""connected_similar_user_id"": null}}","""Treasure Box""",false,"""treasurebox.jewelry""","""""","""""","""2841776051143851637_3175731563""","""3175731563""",false,"""https://scontent-yyz1-1.cdninstagram.com/v/t51.2885-19/282033134_595323408594828_1832083483140535707_n.jpg?stp=dst-jpg_s150x150&_nc_ht=scontent-yyz1-1.cdninstagram.com&_nc_cat=100&_nc_ohc=Mkwq_hMh378AX9TosFw&edm=ALB854YBAAAA&ccb=7-5&oh=00_AfB4zILA4e26ROdskBsjBHG0ubGrhCde6gUnQmrurFda9Q&oe=6537778E&_nc_sid=ce9561""",false,"""3175731563""","""3175731563""",0,[],0,false,"""17841403226896966"""
false,"{""is_possible_scammer"": false, ""is_possible_impersonator"": {""is_unconnected_impersonator"": false, ""connected_similar_user_id"": null}, ""is_possible_impersonator_threads"": {""is_unconnected_impersonator"": false, ""connected_similar_user_id"": null}}","""Amira Al Zuhair""",true,"""amiraalzuhair""","""""","""""","""3182488865078405866_515038043""","""515038043""",false,"""https://scontent-yyz1-1.cdninstagram.com/v/t51.2885-19/373019789_149866481498613_4560984739377562150_n.jpg?stp=dst-jpg_s150x150&_nc_ht=scontent-yyz1-1.cdninstagram.com&_nc_cat=109&_nc_ohc=Xi9tArgsXLAAX95qMf_&edm=ALB854YBAAAA&ccb=7-5&oh=00_AfApcRY6pK7ZtMfYggXKUE1O_rkKstekZ3z_MwDK-772fQ&oe=6537DAFD&_nc_sid=ce9561""",false,"""515038043""","""515038043""",0,[],0,false,"""17841400901298047"""
false,"{""is_possible_scammer"": false, ""is_possible_impersonator"": {""is_unconnected_impersonator"": false, ""connected_similar_user_id"": null}, ""is_possible_impersonator_threads"": {""is_unconnected_impersonator"": false, ""connected_similar_user_id"": null}}","""Khadijha Red Thunder""",true,"""khadijha""","""""","""""","""3165166412175855437_46084574""","""46084574""",false,"""https://scontent-yyz1-1.cdninstagram.com/v/t51.2885-19/365760505_252886494223459_5194569794206484007_n.jpg?stp=dst-jpg_s150x150&_nc_ht=scontent-yyz1-1.cdninstagram.com&_nc_cat=107&_nc_ohc=EcU8O4M5cTIAX8JbI5l&edm=ALB854YBAAAA&ccb=7-5&oh=00_AfDpe4ZrkPZRGzlUifDBiNgew-KnwqIEsT9srb8_w_zcaA&oe=6536B112&_nc_sid=ce9561""",false,"""46084574""","""46084574""",1,[],0,false,"""17841400137220720"""
false,"{""is_possible_scammer"": false, ""is_possible_impersonator"": {""is_unconnected_impersonator"": false, ""connected_similar_user_id"": null}, ""is_possible_impersonator_threads"": {""is_unconnected_impersonator"": false, ""connected_similar_user_id"": null}}","""meganetheroux""",false,"""meganetheroux""","""""","""""","""2978930775761301640_219354900""","""219354900""",false,"""https://scontent-yyz1-1.cdninstagram.com/v/t51.2885-19/316694669_448731620670640_5383443274309479621_n.jpg?stp=dst-jpg_s150x150&_nc_ht=scontent-yyz1-1.cdninstagram.com&_nc_cat=104&_nc_ohc=XCgkPs-5IkQAX89ioWt&edm=ALB854YBAAAA&ccb=7-5&oh=00_AfBEf-uFsxW-suAE2Ecjs_1dsEpS2L7yEZ8R2jLmMyqIYA&oe=653719EE&_nc_sid=ce9561""",false,"""219354900""","""219354900""",0,[],0,false,"""17841400807003427"""
false,"{""is_possible_scammer"": false, ""is_possible_impersonator"": {""is_unconnected_impersonator"": false, ""connected_similar_user_id"": null}, ""is_possible_impersonator_threads"": {""is_unconnected_impersonator"": false, ""connected_similar_user_id"": null}}","""Zackael Langevin""",false,"""_zackael""","""""","""""","""2520661078668352263_4046696536""","""4046696536""",false,"""https://scontent-yyz1-1.cdninstagram.com/v/t51.2885-19/155849920_909656906463525_2194625765209785349_n.jpg?stp=dst-jpg_s150x150&_nc_ht=scontent-yyz1-1.cdninstagram.com&_nc_cat=109&_nc_ohc=lLmQC_MO1voAX-vzsXW&edm=ALB854YBAAAA&ccb=7-5&oh=00_AfAPjf0rmdByqnGJSOubhWtE66Gz4l1VVuvCweWJt8J1sQ&oe=65375DF2&_nc_sid=ce9561""",false,"""4046696536""","""4046696536""",0,[],0,false,"""17841403856105837"""
false,"{""is_possible_scammer"": false, ""is_possible_impersonator"": {""is_unconnected_impersonator"": false, ""connected_similar_user_id"": null}, ""is_possible_impersonator_threads"": {""is_unconnected_impersonator"": false, ""connected_similar_user_id"": null}}","""Femme Fatale""",false,"""onparledemode""","""""","""""","""1647464235548305498_6345059543""","""6345059543""",false,"""https://scontent-yyz1-1.cdninstagram.com/v/t51.2885-19/23594370_371993773232857_8172514915299360768_n.jpg?stp=dst-jpg_s150x150&_nc_ht=scontent-yyz1-1.cdninstagram.com&_nc_cat=1&_nc_ohc=q1NfXTbxzXAAX9oP2Yb&edm=ALB854YBAAAA&ccb=7-5&oh=00_AfAPr5NPG4B-jxPeD4Oc8D474lrKVwEeM7hNO684dOkQeQ&oe=6537A6BB&_nc_sid=ce9561""",false,"""6345059543""","""6345059543""",0,[],0,false,"""17841406346303132"""
false,"{""is_possible_scammer"": false, ""is_possible_impersonator"": {""is_unconnected_impersonator"": false, ""connected_similar_user_id"": null}, ""is_possible_impersonator_threads"": {""is_unconnected_impersonator"": false, ""connected_similar_user_id"": null}}","""𝚉𝚘𝚎́ 𝙲𝚊𝚛𝚛𝚒𝚎𝚛""",false,"""zhorsy""","""""","""""","""3206314302742569697_2182835847""","""2182835847""",false,"""https://scontent-yyz1-1.cdninstagram.com/v/t51.2885-19/385751374_997434321357138_5270985972877755626_n.jpg?stp=dst-jpg_s150x150&_nc_ht=scontent-yyz1-1.cdninstagram.com&_nc_cat=106&_nc_ohc=duFiLWdLqvMAX-_luUa&edm=ALB854YBAAAA&ccb=7-5&oh=00_AfD92ijzjavTXLLcZYzm104FCvJSdcXj-L2Wm40ItNxVyA&oe=6537B322&_nc_sid=ce9561""",false,"""2182835847""","""2182835847""",0,[],0,false,"""17841402275412854"""
false,"{""is_possible_scammer"": false, ""is_possible_impersonator"": {""is_unconnected_impersonator"": false, ""connected_similar_user_id"": null}, ""is_possible_impersonator_threads"": {""is_unconnected_impersonator"": false, ""connected_similar_user_id"": null}}","""victoria sharp""",false,"""victoriasharp_""","""""","""""","""3160053058237920940_22212913""","""22212913""",false,"""https://scontent-yyz1-1.cdninstagram.com/v/t51.2885-19/364310865_1372488906664197_5573762314877558062_n.jpg?stp=dst-jpg_s150x150&_nc_ht=scontent-yyz1-1.cdninstagram.com&_nc_cat=109&_nc_ohc=8MAMcGKAVikAX_vQS62&edm=ALB854YBAAAA&ccb=7-5&oh=00_AfAR-_0J9bL0O0Xmi2qb7ebvF5UZsfh2DDAjr8VpfOOFkA&oe=6536EEEA&_nc_sid=ce9561""",false,"""22212913""","""22212913""",1,[],0,false,"""17841400147390347"""
false,"{""is_possible_scammer"": false, ""is_possible_impersonator"": {""is_unconnected_impersonator"": false, ""connected_similar_user_id"": null}, ""is_possible_impersonator_threads"": {""is_unconnected_impersonator"": false, ""connected_similar_user_id"": null}}","""E M I L Y 🍊""",false,"""nolan_em""","""""","""""","""3143333371950249910_422084168""","""422084168""",false,"""https://scontent-yyz1-1.cdninstagram.com/v/t51.2885-19/359363886_244151665066257_5608539725959664007_n.jpg?stp=dst-jpg_s150x150&_nc_ht=scontent-yyz1-1.cdninstagram.com&_nc_cat=109&_nc_ohc=gGb3fGy6pUIAX-LY7dz&edm=ALB854YBAAAA&ccb=7-5&oh=00_AfDkts55A5mh5YYw7eCS7i9WVFZFLwksal8a96pjbm_HoA&oe=65377CF3&_nc_sid=ce9561""",false,"""422084168""","""422084168""",0,[],0,false,"""17841400125046595"""
false,"{""is_possible_scammer"": false, ""is_possible_impersonator"": {""is_unconnected_impersonator"": false, ""connected_similar_user_id"": null}, ""is_possible_impersonator_threads"": {""is_unconnected_impersonator"": false, ""connected_similar_user_id"": null}}","""Felix Lemay""",false,"""filoulemay3""","""""","""""","""2765560319164002777_11779758329""","""11779758329""",false,"""https://scontent-yyz1-1.cdninstagram.com/v/t51.2885-19/260019322_2079388005555132_6824870146670648125_n.jpg?stp=dst-jpg_s150x150&_nc_ht=scontent-yyz1-1.cdninstagram.com&_nc_cat=100&_nc_ohc=v5ICjOxpTOwAX-yAQuP&edm=ALB854YBAAAA&ccb=7-5&oh=00_AfDuzxeF0bu2ixgMH6ty9P1TDsYwx4FYE6RSr7JEVzRX0Q&oe=6535FBA1&_nc_sid=ce9561""",false,"""11779758329""","""11779758329""",0,[],0,false,"""17841411949872469"""
false,"{""is_possible_scammer"": false, ""is_possible_impersonator"": {""is_unconnected_impersonator"": false, ""connected_similar_user_id"": null}, ""is_possible_impersonator_threads"": {""is_unconnected_impersonator"": false, ""connected_similar_user_id"": null}}","""Olivia Cooke""",true,"""livkatecooke""","""""","""""","""2524391078749111926_36352841081""","""36352841081""",false,"""https://scontent-yyz1-1.cdninstagram.com/v/t51.2885-19/158191805_1344930472506780_6327283287732500409_n.jpg?stp=dst-jpg_s150x150&_nc_ht=scontent-yyz1-1.cdninstagram.com&_nc_cat=100&_nc_ohc=cu0tf9DL-G0AX_9f6Lb&edm=ALB854YBAAAA&ccb=7-5&oh=00_AfAonTRMWHg9ik5KJouzVXYDcOmb0vKtfm1Wl2bVDcyh2g&oe=65366F20&_nc_sid=ce9561""",false,"""36352841081""","""36352841081""",0,[],0,false,"""17841436272444105"""
false,"{""is_possible_scammer"": false, ""is_possible_impersonator"": {""is_unconnected_impersonator"": false, ""connected_similar_user_id"": null}, ""is_possible_impersonator_threads"": {""is_unconnected_impersonator"": false, ""connected_similar_user_id"": null}}","""Samuel Simard""",false,"""nephtys.piercings""","""""","""""","""2643106354166552068_49264896320""","""49264896320""",false,"""https://scontent-yyz1-1.cdninstagram.com/v/t51.2885-19/239339307_141962148088862_7881486618944288776_n.jpg?stp=dst-jpg_s150x150&_nc_ht=scontent-yyz1-1.cdninstagram.com&_nc_cat=102&_nc_ohc=XkuNPPpCsvIAX8YqYkE&edm=ALB854YBAAAA&ccb=7-5&oh=00_AfChOvyVpe5C0VZG939gn42aEwZmb5YuDP9SnmnS5W7Ovw&oe=65369FCB&_nc_sid=ce9561""",false,"""49264896320""","""49264896320""",0,[],0,false,"""17841449209608112"""
false,"{""is_possible_scammer"": false, ""is_possible_impersonator"": {""is_unconnected_impersonator"": false, ""connected_similar_user_id"": null}, ""is_possible_impersonator_threads"": {""is_unconnected_impersonator"": false, ""connected_similar_user_id"": null}}","""☾ Julia | travel, outdoors, van life""",false,"""juliiathompson""","""""","""""","""2641809757048204774_24993265""","""24993265""",false,"""https://scontent-yyz1-1.cdninstagram.com/v/t51.2885-19/238917518_1510022392675882_6981839668837803365_n.jpg?stp=dst-jpg_s150x150&_nc_ht=scontent-yyz1-1.cdninstagram.com&_nc_cat=110&_nc_ohc=2NmHaQu_27cAX-yhUQS&edm=ALB854YBAAAA&ccb=7-5&oh=00_AfCZN0YiWeJ7Zih8d51L8JYSXor2rZ0DxhpV1YrqBmlnyQ&oe=65378EF4&_nc_sid=ce9561""",false,"""24993265""","""24993265""",2,[],0,false,"""17841400997950390"""
false,"{""is_possible_scammer"": false, ""is_possible_impersonator"": {""is_unconnected_impersonator"": false, ""connected_similar_user_id"": null}, ""is_possible_impersonator_threads"": {""is_unconnected_impersonator"": false, ""connected_similar_user_id"": null}}","""Bella 🦋""",true,"""bellahadid""","""""","""""","""3165929352843256337_16516077""","""16516077""",false,"""https://scontent-yyz1-1.cdninstagram.com/v/t51.2885-19/366451591_1320330135566496_7329666472091195962_n.jpg?stp=dst-jpg_s150x150&_nc_ht=scontent-yyz1-1.cdninstagram.com&_nc_cat=1&_nc_ohc=S1hZ4juBNSAAX8N2vEP&edm=ALB854YBAAAA&ccb=7-5&oh=00_AfB39Br3ANxjVsX2KyXHpmP3hxtTAo-HC0ZN1q9LiTusdQ&oe=6537A45A&_nc_sid=ce9561""",false,"""16516077""","""16516077""",1,[],0,false,"""17841400122310258"""
false,"{""is_possible_scammer"": false, ""is_possible_impersonator"": {""is_unconnected_impersonator"": false, ""connected_similar_user_id"": null}, ""is_possible_impersonator_threads"": {""is_unconnected_impersonator"": false, ""connected_similar_user_id"": null}}","""cloclo 🧿🧿🧿""",false,"""claudiadimopoulos""","""""","""""","""3009539969245545394_691614989""","""691614989""",false,"""https://scontent-yyz1-1.cdninstagram.com/v/t51.2885-19/324075518_1950510365152512_2802343751018562744_n.jpg?stp=dst-jpg_s150x150&_nc_ht=scontent-yyz1-1.cdninstagram.com&_nc_cat=100&_nc_ohc=k5GU-brIp50AX8h_Edm&edm=ALB854YBAAAA&ccb=7-5&oh=00_AfB_ICYcswpCI7XnRcIsDGa5vSWUAP5jMRqlTFXT_910nA&oe=6536E522&_nc_sid=ce9561""",false,"""691614989""","""691614989""",0,[],0,false,"""17841400929680806"""
false,"{""is_possible_scammer"": false, ""is_possible_impersonator"": {""is_unconnected_impersonator"": false, ""connected_similar_user_id"": null}, ""is_possible_impersonator_threads"": {""is_unconnected_impersonator"": false, ""connected_similar_user_id"": null}}","""W Magazine""",true,"""wmag""","""""","""""","""3008571227955208357_146182543""","""146182543""",false,"""https://scontent-yyz1-1.cdninstagram.com/v/t51.2885-19/323513858_1199808030633800_7319399451232495516_n.jpg?stp=dst-jpg_s150x150&_nc_ht=scontent-yyz1-1.cdninstagram.com&_nc_cat=1&_nc_ohc=CDFOYlf8YkIAX-X64N7&edm=ALB854YBAAAA&ccb=7-5&oh=00_AfDetBYK0duphcu4F_FTdUMkpTuqU03wqHh6VQ-hE2u7mA&oe=6536DFFF&_nc_sid=ce9561""",false,"""146182543""","""146182543""",1,[],0,false,"""17841400196292284"""
false,"{""is_possible_scammer"": false, ""is_possible_impersonator"": {""is_unconnected_impersonator"": false, ""connected_similar_user_id"": null}, ""is_possible_impersonator_threads"": {""is_unconnected_impersonator"": false, ""connected_similar_user_id"": null}}","""Nat Geo in the Field""",true,"""natgeointhefield""","""""","""""","""2261944138207125799_379895100""","""379895100""",false,"""https://scontent-yyz1-1.cdninstagram.com/v/t51.2885-19/87629259_2526215710927727_4304279768645238784_n.jpg?stp=dst-jpg_s150x150&_nc_ht=scontent-yyz1-1.cdninstagram.com&_nc_cat=1&_nc_ohc=HT3AXuihb5QAX-tKyQc&edm=ALB854YBAAAA&ccb=7-5&oh=00_AfBDeEpGEp5tp41zCOdDvwA3eQCp0EFgj8CI0t8JJ_xv4w&oe=6536F284&_nc_sid=ce9561""",false,"""379895100""","""379895100""",0,[],0,false,"""17841401653005935"""
false,"{""is_possible_scammer"": false, ""is_possible_impersonator"": {""is_unconnected_impersonator"": false, ""connected_similar_user_id"": null}, ""is_possible_impersonator_threads"": {""is_unconnected_impersonator"": false, ""connected_similar_user_id"": null}}","""MURIËLLE""",false,"""murielle""","""""","""""","""3145396843747711175_14834057""","""14834057""",false,"""https://scontent-yyz1-1.cdninstagram.com/v/t51.2885-19/360038667_6220300038019645_1362913099683552766_n.jpg?stp=dst-jpg_s150x150&_nc_ht=scontent-yyz1-1.cdninstagram.com&_nc_cat=101&_nc_ohc=-E7npEUxEgkAX9Bacc_&edm=ALB854YBAAAA&ccb=7-5&oh=00_AfDMfCYG_GTyibjw81zZAl5m1_DF3lrIiCn8jiQX5g4wvg&oe=6536F0BF&_nc_sid=ce9561""",false,"""14834057""","""14834057""",1,[],0,false,"""17841401501710231"""
false,"{""is_possible_scammer"": false, ""is_possible_impersonator"": {""is_unconnected_impersonator"": false, ""connected_similar_user_id"": null}, ""is_possible_impersonator_threads"": {""is_unconnected_impersonator"": false, ""connected_similar_user_id"": null}}","""Agéric Amédin""",false,"""ag.amedin""","""""","""""","""2918883977261002201_2825405137""","""2825405137""",false,"""https://scontent-yyz1-1.cdninstagram.com/v/t51.2885-19/302444251_1140247330034758_5220463522578177462_n.jpg?stp=dst-jpg_s150x150&_nc_ht=scontent-yyz1-1.cdninstagram.com&_nc_cat=110&_nc_ohc=68mqpM1-EIsAX9HLk5Z&edm=ALB854YBAAAA&ccb=7-5&oh=00_AfAToFXWuCgJdBM6gNyPypfeUiI4ulMAaANz8oEnrNZIgg&oe=65366EFA&_nc_sid=ce9561""",false,"""2825405137""","""2825405137""",0,[],0,false,"""17841402794133175"""
false,"{""is_possible_scammer"": false, ""is_possible_impersonator"": {""is_unconnected_impersonator"": false, ""connected_similar_user_id"": null}, ""is_possible_impersonator_threads"": {""is_unconnected_impersonator"": false, ""connected_similar_user_id"": null}}","""Valérie Lbrk""",false,"""h0neyy_x""","""""","""""","""3086920869666772354_1418048194""","""1418048194""",false,"""https://scontent-yyz1-1.cdninstagram.com/v/t51.2885-19/342699852_747820290345051_6324019477260049435_n.jpg?stp=dst-jpg_s150x150&_nc_ht=scontent-yyz1-1.cdninstagram.com&_nc_cat=103&_nc_ohc=m5z_i7gb4YcAX8QbV3e&edm=ALB854YBAAAA&ccb=7-5&oh=00_AfCsy5cdy24KEi2nny7ntgriIeLOKiEUSMZB0kpIa2G4wg&oe=65365E46&_nc_sid=ce9561""",false,"""1418048194""","""1418048194""",0,[],0,false,"""17841400005842157"""
false,"{""is_possible_scammer"": false, ""is_possible_impersonator"": {""is_unconnected_impersonator"": false, ""connected_similar_user_id"": null}, ""is_possible_impersonator_threads"": {""is_unconnected_impersonator"": false, ""connected_similar_user_id"": null}}","""Elle-May""",false,"""ellemaywatson""","""""","""""","""2692935772017042432_259073963""","""259073963""",false,"""https://scontent-yyz1-1.cdninstagram.com/v/t51.2885-19/248306968_623833215465094_3212222690330769686_n.jpg?stp=dst-jpg_s150x150&_nc_ht=scontent-yyz1-1.cdninstagram.com&_nc_cat=110&_nc_ohc=fFw_CxSn1UIAX_6vzsx&edm=ALB854YBAAAA&ccb=7-5&oh=00_AfATyAdpeISoFFiUxe-L3dMN-MIbnSrLnZ0LF5SEPJL19Q&oe=653605B0&_nc_sid=ce9561""",false,"""259073963""","""259073963""",0,[],0,false,"""17841400058894048"""
false,"{""is_possible_scammer"": false, ""is_possible_impersonator"": {""is_unconnected_impersonator"": false, ""connected_similar_user_id"": null}, ""is_possible_impersonator_threads"": {""is_unconnected_impersonator"": false, ""connected_similar_user_id"": null}}","""Sarah""",false,"""infarofflands""","""""","""""","""2916759172599966049_47361398321""","""47361398321""",false,"""https://scontent-yyz1-1.cdninstagram.com/v/t51.2885-19/302161829_1117130722250410_7289265947437397127_n.jpg?stp=dst-jpg_s150x150&_nc_ht=scontent-yyz1-1.cdninstagram.com&_nc_cat=110&_nc_ohc=RM8gtdd6WWgAX_MB7GZ&edm=ALB854YBAAAA&ccb=7-5&oh=00_AfC1tpH2xAHDjx1qFgTvVM5PJi-cnwm0AwSPYqGb01QuNg&oe=6537AE1D&_nc_sid=ce9561""",false,"""47361398321""","""47361398321""",1,[],0,false,"""17841447469640174"""
false,"{""is_possible_scammer"": false, ""is_possible_impersonator"": {""is_unconnected_impersonator"": false, ""connected_similar_user_id"": null}, ""is_possible_impersonator_threads"": {""is_unconnected_impersonator"": false, ""connected_similar_user_id"": null}}","""Sarah Remahi""",false,"""sarahrem_""","""""","""""","""3049762426044563570_1445521824""","""1445521824""",true,"""https://scontent-yyz1-1.cdninstagram.com/v/t51.2885-19/334427649_755286392692568_1346030571604705811_n.jpg?stp=dst-jpg_s150x150&_nc_ht=scontent-yyz1-1.cdninstagram.com&_nc_cat=108&_nc_ohc=1WfA-mRbjkwAX-dYvbd&edm=ALB854YBAAAA&ccb=7-5&oh=00_AfCOMHVzcKu2osZ9FU-OcXDSPs9K8Bk9D_ZV45HUTXLwaA&oe=65377BD9&_nc_sid=ce9561""",false,"""1445521824""","""1445521824""",0,[],0,false,"""17841400534742586"""
false,"{""is_possible_scammer"": false, ""is_possible_impersonator"": {""is_unconnected_impersonator"": false, ""connected_similar_user_id"": null}, ""is_possible_impersonator_threads"": {""is_unconnected_impersonator"": false, ""connected_similar_user_id"": null}}","""Makeuptutorials""",false,"""make.up.holics""","""""","""""","""2483154967239897155_2137503939""","""2137503939""",false,"""https://scontent-yyz1-1.cdninstagram.com/v/t51.2885-19/137550081_250768003064140_2589058971045050085_n.jpg?stp=dst-jpg_s150x150&_nc_ht=scontent-yyz1-1.cdninstagram.com&_nc_cat=1&_nc_ohc=WjZjDc8ehq4AX81Hptk&edm=ALB854YBAAAA&ccb=7-5&oh=00_AfCeLhW9vzuKjEUDlqe4u5Pu0DNy2bib5DbPgEbbGb-u6A&oe=65369307&_nc_sid=ce9561""",false,"""2137503939""","""2137503939""",1,[],0,false,"""17841402158197187"""
false,"{""is_possible_scammer"": false, ""is_possible_impersonator"": {""is_unconnected_impersonator"": false, ""connected_similar_user_id"": null}, ""is_possible_impersonator_threads"": {""is_unconnected_impersonator"": false, ""connected_similar_user_id"": null}}","""Jade-Émilie St-Hilaire""",false,"""jadee.st""","""""","""""","""3186219979489632000_1541777678""","""1541777678""",false,"""https://scontent-yyz1-1.cdninstagram.com/v/t51.2885-19/375620614_3402387706690634_1566343789428609702_n.jpg?stp=dst-jpg_s150x150&_nc_ht=scontent-yyz1-1.cdninstagram.com&_nc_cat=102&_nc_ohc=qcmnaeiq32QAX_CHBWd&edm=ALB854YBAAAA&ccb=7-5&oh=00_AfBLAcXzXMO1cnWdySVYKhr0ruew-cI1seK_ZP-tY2i4TQ&oe=65369EBB&_nc_sid=ce9561""",false,"""1541777678""","""1541777678""",0,[],0,false,"""17841400530364090"""
false,"{""is_possible_scammer"": false, ""is_possible_impersonator"": {""is_unconnected_impersonator"": false, ""connected_similar_user_id"": null}, ""is_possible_impersonator_threads"": {""is_unconnected_impersonator"": false, ""connected_similar_user_id"": null}}","""Magassou""",false,"""its_magassou""","""""","""""","""2959505484000804048_2685239303""","""2685239303""",false,"""https://scontent-yyz1-1.cdninstagram.com/v/t51.2885-19/312742377_1506315279832892_4674359929897755478_n.jpg?stp=dst-jpg_s150x150&_nc_ht=scontent-yyz1-1.cdninstagram.com&_nc_cat=108&_nc_ohc=c-uSVoNkF_QAX_2fW1C&edm=ALB854YBAAAA&ccb=7-5&oh=00_AfC5o5yEgllTVOucwvkOuKEmtfjDLkLRzSRmwGs0wlTrVg&oe=65368F28&_nc_sid=ce9561""",false,"""2685239303""","""2685239303""",0,[],0,false,"""17841402859095654"""
false,"{""is_possible_scammer"": false, ""is_possible_impersonator"": {""is_unconnected_impersonator"": false, ""connected_similar_user_id"": null}, ""is_possible_impersonator_threads"": {""is_unconnected_impersonator"": false, ""connected_similar_user_id"": null}}","""𝑉𝑖𝑛𝑡𝑎𝑔𝑒 𝐹𝑒𝑒𝑙𝑖𝑛𝑔""",false,"""vintageefeeling""","""""","""""","""2275587927002381560_13043498624""","""13043498624""",false,"""https://scontent-yyz1-1.cdninstagram.com/v/t51.2885-19/90977027_838453039994447_4022428230676905984_n.jpg?stp=dst-jpg_s150x150&_nc_ht=scontent-yyz1-1.cdninstagram.com&_nc_cat=111&_nc_ohc=EEelchJgqRQAX_xgYK7&edm=ALB854YBAAAA&ccb=7-5&oh=00_AfAHrMy6009kgeVSEpWI6AFiAOoVaRm4pn-BhcWxtkgdeg&oe=6536BA37&_nc_sid=ce9561""",false,"""13043498624""","""13043498624""",0,[],0,false,"""17841413038730437"""
false,"{""is_possible_scammer"": false, ""is_possible_impersonator"": {""is_unconnected_impersonator"": false, ""connected_similar_user_id"": null}, ""is_possible_impersonator_threads"": {""is_unconnected_impersonator"": false, ""connected_similar_user_id"": null}}","""Shama | شما""",false,"""makeup.shama""","""""","""""","""2685667860507701498_1483253844""","""1483253844""",false,"""https://scontent-yyz1-1.cdninstagram.com/v/t51.2885-19/246004123_416647286504245_4766422889469557078_n.jpg?stp=dst-jpg_s150x150&_nc_ht=scontent-yyz1-1.cdninstagram.com&_nc_cat=101&_nc_ohc=vmolgnOtCK4AX_60xLH&edm=ALB854YBAAAA&ccb=7-5&oh=00_AfD2M-3o-mW8Zr9ZTu66aSzUJN1D-_pTX7mhKiBwrCchUg&oe=6536B98F&_nc_sid=ce9561""",false,"""1483253844""","""1483253844""",0,[],0,false,"""17841401615343175"""
false,"{""is_possible_scammer"": false, ""is_possible_impersonator"": {""is_unconnected_impersonator"": false, ""connected_similar_user_id"": null}, ""is_possible_impersonator_threads"": {""is_unconnected_impersonator"": false, ""connected_similar_user_id"": null}}","""Genny Jeanne Chamaa""",false,"""genny.chamaa""","""""","""""","""3209466572808284817_3306430027""","""3306430027""",false,"""https://scontent-yyz1-1.cdninstagram.com/v/t51.2885-19/387684441_309172465147722_358980230554650395_n.jpg?stp=dst-jpg_s150x150&_nc_ht=scontent-yyz1-1.cdninstagram.com&_nc_cat=106&_nc_ohc=YkpPIRVoIokAX_2gGRg&edm=ALB854YBAAAA&ccb=7-5&oh=00_AfCKLTs_6zJaPQpY9ArG64OyCbg649ekYCTVGy6SeJTlTA&oe=65369B3C&_nc_sid=ce9561""",false,"""3306430027""","""3306430027""",0,[],0,false,"""17841403300833303"""
false,"{""is_possible_scammer"": false, ""is_possible_impersonator"": {""is_unconnected_impersonator"": false, ""connected_similar_user_id"": null}, ""is_possible_impersonator_threads"": {""is_unconnected_impersonator"": false, ""connected_similar_user_id"": null}}","""Gabriel Choquette""",false,"""gabrielchoquette13""","""""","""""","""3162039272307511319_413501426""","""413501426""",false,"""https://scontent-yyz1-1.cdninstagram.com/v/t51.2885-19/365405982_1671483199993636_626261685172233248_n.jpg?stp=dst-jpg_s150x150&_nc_ht=scontent-yyz1-1.cdninstagram.com&_nc_cat=104&_nc_ohc=Kv8JYTCVJL8AX_ivpE7&edm=ALB854YBAAAA&ccb=7-5&oh=00_AfB-K3Dy58C9MKJpXamlW6MY6qO6WtrrUf8V_mH0_jR9sg&oe=6537C13D&_nc_sid=ce9561""",false,"""413501426""","""413501426""",0,[],0,false,"""17841401842786460"""
false,"{""is_possible_scammer"": false, ""is_possible_impersonator"": {""is_unconnected_impersonator"": false, ""connected_similar_user_id"": null}, ""is_possible_impersonator_threads"": {""is_unconnected_impersonator"": false, ""connected_similar_user_id"": null}}","""Jeanne Zizi Margot de Kroon""",true,"""jeannedekroon""","""""","""""","""3074205443664604374_964172517""","""964172517""",false,"""https://scontent-yyz1-1.cdninstagram.com/v/t51.2885-19/339703293_178024607993469_7347978035083262042_n.jpg?stp=dst-jpg_s150x150&_nc_ht=scontent-yyz1-1.cdninstagram.com&_nc_cat=109&_nc_ohc=yoBuMmEekEIAX_vNrbv&edm=ALB854YBAAAA&ccb=7-5&oh=00_AfAheh41JkxAWSo24QI1vlA3x8DPB4_85Cly0p8UDvQ9BA&oe=6537222B&_nc_sid=ce9561""",false,"""964172517""","""964172517""",0,[],0,false,"""17841400375525065"""
false,"{""is_possible_scammer"": false, ""is_possible_impersonator"": {""is_unconnected_impersonator"": false, ""connected_similar_user_id"": null}, ""is_possible_impersonator_threads"": {""is_unconnected_impersonator"": false, ""connected_similar_user_id"": null}}","""Amanda Khamkaew""",false,"""amandakhamkaew""","""""","""""","""2974483975541201954_22306797""","""22306797""",false,"""https://scontent-yyz1-1.cdninstagram.com/v/t51.2885-19/315958514_6225904887437406_7491402459710392262_n.jpg?stp=dst-jpg_s150x150&_nc_ht=scontent-yyz1-1.cdninstagram.com&_nc_cat=106&_nc_ohc=urMexlEyLNkAX8vocdG&edm=ALB854YBAAAA&ccb=7-5&oh=00_AfB6FJohGLolTItpUq0f_Ko7oe7msmuYv97jKoxtrdpg1A&oe=65378A7D&_nc_sid=ce9561""",false,"""22306797""","""22306797""",0,[],0,false,"""17841401043910348"""
false,"{""is_possible_scammer"": false, ""is_possible_impersonator"": {""is_unconnected_impersonator"": false, ""connected_similar_user_id"": null}, ""is_possible_impersonator_threads"": {""is_unconnected_impersonator"": false, ""connected_similar_user_id"": null}}","""Chloe Bean""",false,"""chl0ebean""","""""","""""","""3185637442857022327_483532945""","""483532945""",false,"""https://scontent-yyz1-1.cdninstagram.com/v/t51.2885-19/374780804_688449016067054_5806651761540401392_n.jpg?stp=dst-jpg_s150x150&_nc_ht=scontent-yyz1-1.cdninstagram.com&_nc_cat=102&_nc_ohc=FTAitx3T6JoAX_E6ZRz&edm=ALB854YBAAAA&ccb=7-5&oh=00_AfAI5j2upPQQwPkjfAF-4jBm8kuvy6_Y0lvB6V8c17tZjg&oe=653601CE&_nc_sid=ce9561""",false,"""483532945""","""483532945""",1,[],0,false,"""17841400388357555"""
false,"{""is_possible_scammer"": false, ""is_possible_impersonator"": {""is_unconnected_impersonator"": false, ""connected_similar_user_id"": null}, ""is_possible_impersonator_threads"": {""is_unconnected_impersonator"": false, ""connected_similar_user_id"": null}}","""Anouk Yve""",true,"""anoukyve""","""""","""""","""2977356650986855785_9326920""","""9326920""",false,"""https://scontent-yyz1-1.cdninstagram.com/v/t51.2885-19/316436404_1169696513673714_6962838387792490878_n.jpg?stp=dst-jpg_s150x150&_nc_ht=scontent-yyz1-1.cdninstagram.com&_nc_cat=1&_nc_ohc=T3ylWVUUEuoAX_E6nfH&edm=ALB854YBAAAA&ccb=7-5&oh=00_AfC-p0oAh3ZMBsUd01CnXubHtzdzJ_bUzu_EVB5y9wpNjQ&oe=6535FEED&_nc_sid=ce9561""",false,"""9326920""","""9326920""",0,[],0,false,"""17841401407600145"""
false,"{""is_possible_scammer"": false, ""is_possible_impersonator"": {""is_unconnected_impersonator"": false, ""connected_similar_user_id"": null}, ""is_possible_impersonator_threads"": {""is_unconnected_impersonator"": false, ""connected_similar_user_id"": null}}","""Josh Brown""",false,"""brownbeats""","""""","""""","""2568481627060466172_3604225""","""3604225""",false,"""https://scontent-yyz1-1.cdninstagram.com/v/t51.2885-19/182330488_1653433744848303_833297155744381600_n.jpg?stp=dst-jpg_s150x150&_nc_ht=scontent-yyz1-1.cdninstagram.com&_nc_cat=103&_nc_ohc=KMaQCRlwyyMAX_NvCSX&edm=ALB854YBAAAA&ccb=7-5&oh=00_AfAgFrvixAwdoFnf2bR8hkryiJ9ftSpVlz9kv7Yns5Eh0Q&oe=65365544&_nc_sid=ce9561""",false,"""3604225""","""3604225""",0,[],0,false,"""17841400606750056"""
false,"{""is_possible_scammer"": false, ""is_possible_impersonator"": {""is_unconnected_impersonator"": false, ""connected_similar_user_id"": null}, ""is_possible_impersonator_threads"": {""is_unconnected_impersonator"": false, ""connected_similar_user_id"": null}}","""KEN & JAME™️""",false,"""kenandjame""","""""","""""","""2659875630406337026_4867477548""","""4867477548""",false,"""https://scontent-yyz1-1.cdninstagram.com/v/t51.2885-19/241664894_883387619263980_7984422301452479489_n.jpg?stp=dst-jpg_s150x150&_nc_ht=scontent-yyz1-1.cdninstagram.com&_nc_cat=100&_nc_ohc=OO99UmhzpkwAX-gmCAh&edm=ALB854YBAAAA&ccb=7-5&oh=00_AfDt7o9QeSOGnMq5FgX58ND1arsixf98nGxFWhUJHoqtfQ&oe=65361AA0&_nc_sid=ce9561""",false,"""4867477548""","""4867477548""",0,[],0,false,"""17841404966448434"""
false,"{""is_possible_scammer"": false, ""is_possible_impersonator"": {""is_unconnected_impersonator"": false, ""connected_similar_user_id"": null}, ""is_possible_impersonator_threads"": {""is_unconnected_impersonator"": false, ""connected_similar_user_id"": null}}","""Andrea Suarez, MD, FAAD""",true,"""drdrayzday""","""""","""""","""3213572755570880806_143981720""","""143981720""",false,"""https://scontent-yyz1-1.cdninstagram.com/v/t51.2885-19/391427444_1687544438324264_7501531465969815105_n.jpg?stp=dst-jpg_s150x150&_nc_ht=scontent-yyz1-1.cdninstagram.com&_nc_cat=1&_nc_ohc=4mbnPZtQ600AX91LRpX&edm=ALB854YBAAAA&ccb=7-5&oh=00_AfDyPRjYw_p15MHrtBPTCWwGAe5OabOan_5HvMKJxbtunQ&oe=653736C1&_nc_sid=ce9561""",false,"""143981720""","""143981720""",1,[],0,false,"""17841401371602249"""
false,"{""is_possible_scammer"": false, ""is_possible_impersonator"": {""is_unconnected_impersonator"": false, ""connected_similar_user_id"": null}, ""is_possible_impersonator_threads"": {""is_unconnected_impersonator"": false, ""connected_similar_user_id"": null}}","""LAURA HARRIER""",true,"""lauraharrier""","""""","""""","""3127621352030194330_12421808""","""12421808""",false,"""https://scontent-yyz1-1.cdninstagram.com/v/t51.2885-19/354183926_2821364951328468_5286676367666915086_n.jpg?stp=dst-jpg_s150x150&_nc_ht=scontent-yyz1-1.cdninstagram.com&_nc_cat=100&_nc_ohc=MeaKvPV1swEAX9yUY-g&edm=ALB854YBAAAA&ccb=7-5&oh=00_AfCvLldSlJaHiIWGDnhe-DKc5FIA3sOGpW_zJyXIpgkKLA&oe=65378944&_nc_sid=ce9561""",false,"""12421808""","""12421808""",0,[],0,false,"""17841400174240194"""
false,"{""is_possible_scammer"": false, ""is_possible_impersonator"": {""is_unconnected_impersonator"": false, ""connected_similar_user_id"": null}, ""is_possible_impersonator_threads"": {""is_unconnected_impersonator"": false, ""connected_similar_user_id"": null}}","""india blue""",true,"""indyblue_""","""""","""""","""2951413742804226204_16723009""","""16723009""",false,"""https://scontent-yyz1-1.cdninstagram.com/v/t51.2885-19/311827581_1708005969580622_5732687985376191372_n.jpg?stp=dst-jpg_s150x150&_nc_ht=scontent-yyz1-1.cdninstagram.com&_nc_cat=1&_nc_ohc=7uNFI0s9gq4AX9Z81sc&edm=ALB854YBAAAA&ccb=7-5&oh=00_AfAW5OO3RKLOKtjukDh_WDACP9ogYbWPf2jsNl8fmRFkzw&oe=65375AFD&_nc_sid=ce9561""",false,"""16723009""","""16723009""",1,[],0,false,"""17841400570270261"""
false,"{""is_possible_scammer"": false, ""is_possible_impersonator"": {""is_unconnected_impersonator"": false, ""connected_similar_user_id"": null}, ""is_possible_impersonator_threads"": {""is_unconnected_impersonator"": false, ""connected_similar_user_id"": null}}","""Lee Litumbe 🇨🇲🇺🇸""",true,"""spiritedpursuit""","""""","""""","""2489469951448935257_212097121""","""212097121""",false,"""https://scontent-yyz1-1.cdninstagram.com/v/t51.2885-19/140049533_151165673313798_2006503469479752736_n.jpg?stp=dst-jpg_s150x150&_nc_ht=scontent-yyz1-1.cdninstagram.com&_nc_cat=106&_nc_ohc=lDudS7Yz7usAX9DKqA9&edm=ALB854YBAAAA&ccb=7-5&oh=00_AfBV9zAJ8cHTHN9GgFWiqmnG8-E1U1hdYEUYJuIPD3Yngg&oe=653767F1&_nc_sid=ce9561""",false,"""212097121""","""212097121""",1,[],0,false,"""17841400033633314"""
false,"{""is_possible_scammer"": false, ""is_possible_impersonator"": {""is_unconnected_impersonator"": false, ""connected_similar_user_id"": null}, ""is_possible_impersonator_threads"": {""is_unconnected_impersonator"": false, ""connected_similar_user_id"": null}}","""eva rose rankin""",true,"""evarankiin""","""""","""""","""3113929106970476515_319937791""","""319937791""",false,"""https://scontent-yyz1-1.cdninstagram.com/v/t51.2885-19/350093745_567650532229919_5107732687555107049_n.jpg?stp=dst-jpg_s150x150&_nc_ht=scontent-yyz1-1.cdninstagram.com&_nc_cat=111&_nc_ohc=9RQntEyAgWsAX_D4KMN&edm=ALB854YBAAAA&ccb=7-5&oh=00_AfCT-333JKSfCAEFoquK6p-Hkbg_2TqgIuwrJBvLoE9L7Q&oe=6536E0CD&_nc_sid=ce9561""",false,"""319937791""","""319937791""",1,[],0,false,"""17841400053734999"""
false,"{""is_possible_scammer"": false, ""is_possible_impersonator"": {""is_unconnected_impersonator"": false, ""connected_similar_user_id"": null}, ""is_possible_impersonator_threads"": {""is_unconnected_impersonator"": false, ""connected_similar_user_id"": null}}","""Cult Cutter ™""",false,"""cultcutter""","""""","""""","""2798771894285675109_38918776265""","""38918776265""",false,"""https://scontent-yyz1-1.cdninstagram.com/v/t51.2885-19/276040066_121822863651453_4403609328995263636_n.jpg?stp=dst-jpg_s150x150&_nc_ht=scontent-yyz1-1.cdninstagram.com&_nc_cat=109&_nc_ohc=BkXTLtUAnH8AX-5qVHN&edm=ALB854YBAAAA&ccb=7-5&oh=00_AfCfyi_7nM1vDoaaGfKUfb_0fZJzhQQatwDNn3IOnos4Rg&oe=65379EE4&_nc_sid=ce9561""",false,"""38918776265""","""38918776265""",0,[],0,false,"""17841438887954847"""
false,"{""is_possible_scammer"": false, ""is_possible_impersonator"": {""is_unconnected_impersonator"": false, ""connected_similar_user_id"": null}, ""is_possible_impersonator_threads"": {""is_unconnected_impersonator"": false, ""connected_similar_user_id"": null}}","""Laurence🤭""",false,"""laurence_robert""","""""","""""","""3115583378820862673_300788152""","""300788152""",true,"""https://scontent-yyz1-1.cdninstagram.com/v/t51.2885-19/350594592_141249498959393_5570170151236899844_n.jpg?stp=dst-jpg_s150x150&_nc_ht=scontent-yyz1-1.cdninstagram.com&_nc_cat=105&_nc_ohc=ZgbQYIheGg0AX8wsoXQ&edm=ALB854YBAAAA&ccb=7-5&oh=00_AfBvatSWWHz0kmY0TkgkiaVOTZSS92E5BnE6MkyGeWb44g&oe=653691A8&_nc_sid=ce9561""",false,"""300788152""","""300788152""",0,[],0,false,"""17841401564564699"""
false,"{""is_possible_scammer"": false, ""is_possible_impersonator"": {""is_unconnected_impersonator"": false, ""connected_similar_user_id"": null}, ""is_possible_impersonator_threads"": {""is_unconnected_impersonator"": false, ""connected_similar_user_id"": null}}","""san ᵕ̈""",false,"""sanna.grey""","""""","""""","""3109825607235766000_2356212217""","""2356212217""",true,"""https://scontent-yyz1-1.cdninstagram.com/v/t51.2885-19/348689555_1297231211004062_5354886690479283669_n.jpg?stp=dst-jpg_s150x150&_nc_ht=scontent-yyz1-1.cdninstagram.com&_nc_cat=102&_nc_ohc=qXYcfGK-mhcAX_EmGta&edm=ALB854YBAAAA&ccb=7-5&oh=00_AfBzvdqkvaq5YqS8SL_ArTSfaQyYoYfKnGVT8cPAZo4HPg&oe=6536A018&_nc_sid=ce9561""",false,"""2356212217""","""2356212217""",0,[],0,false,"""17841402286534526"""
false,"{""is_possible_scammer"": false, ""is_possible_impersonator"": {""is_unconnected_impersonator"": false, ""connected_similar_user_id"": null}, ""is_possible_impersonator_threads"": {""is_unconnected_impersonator"": false, ""connected_similar_user_id"": null}}","""KEVIN-A WALLACE""",false,"""k_a_wallace""","""""","""""","""3153175247791692648_855600136""","""855600136""",false,"""https://scontent-yyz1-1.cdninstagram.com/v/t51.2885-19/362049836_558923219601132_4181391690149088010_n.jpg?stp=dst-jpg_s150x150&_nc_ht=scontent-yyz1-1.cdninstagram.com&_nc_cat=100&_nc_ohc=c2vKOuXl9qsAX-C1bp5&edm=ALB854YBAAAA&ccb=7-5&oh=00_AfCpbuzo51SYJ03haA7IO79QvA61ggZ4-0UMl1MVruMQ7Q&oe=653655F5&_nc_sid=ce9561""",false,"""855600136""","""855600136""",0,[],0,false,"""17841401444093368"""
false,"{""is_possible_scammer"": false, ""is_possible_impersonator"": {""is_unconnected_impersonator"": false, ""connected_similar_user_id"": null}, ""is_possible_impersonator_threads"": {""is_unconnected_impersonator"": false, ""connected_similar_user_id"": null}}","""Adelina Lazarova✨""",true,"""adelina_lazarova""","""""","""""","""3172041156929328064_187790945""","""187790945""",false,"""https://scontent-yyz1-1.cdninstagram.com/v/t51.2885-19/367734980_594215622654663_2537804491776563646_n.jpg?stp=dst-jpg_s150x150&_nc_ht=scontent-yyz1-1.cdninstagram.com&_nc_cat=103&_nc_ohc=_W_nk_YxZyoAX9kF-ZE&edm=ALB854YBAAAA&ccb=7-5&oh=00_AfBueNDxu65a8fTb7qBA4ulsFGIQ0Crp3OK3bBwBpJN6yw&oe=6537B1A0&_nc_sid=ce9561""",false,"""187790945""","""187790945""",0,[],0,false,"""17841400448352934"""
false,"{""is_possible_scammer"": false, ""is_possible_impersonator"": {""is_unconnected_impersonator"": false, ""connected_similar_user_id"": null}, ""is_possible_impersonator_threads"": {""is_unconnected_impersonator"": false, ""connected_similar_user_id"": null}}","""Flavie Shama""",false,"""flavieshama""","""""","""""","""3204784940550142306_344744140""","""344744140""",false,"""https://scontent-yyz1-1.cdninstagram.com/v/t51.2885-19/385520695_826948269222284_9127414420440132609_n.jpg?stp=dst-jpg_s150x150&_nc_ht=scontent-yyz1-1.cdninstagram.com&_nc_cat=108&_nc_ohc=WmVTT1ngXUUAX8xLtSy&edm=ALB854YBAAAA&ccb=7-5&oh=00_AfAjDnwmJoVynjf0rRkwoPvFsNKGgijo5Nxf4kzfsFFjjg&oe=6536EB6F&_nc_sid=ce9561""",false,"""344744140""","""344744140""",0,[],0,false,"""17841401204205386"""
false,"{""is_possible_scammer"": false, ""is_possible_impersonator"": {""is_unconnected_impersonator"": false, ""connected_similar_user_id"": null}, ""is_possible_impersonator_threads"": {""is_unconnected_impersonator"": false, ""connected_similar_user_id"": null}}","""Gemma Peace""",true,"""gemmapeacemakeup""","""""","""""","""3130350427794574923_2161064943""","""2161064943""",false,"""https://scontent-yyz1-1.cdninstagram.com/v/t51.2885-19/355426696_1056143725769938_2771949637513666498_n.jpg?stp=dst-jpg_s150x150&_nc_ht=scontent-yyz1-1.cdninstagram.com&_nc_cat=110&_nc_ohc=iQSL41poeosAX8F1oKm&edm=ALB854YBAAAA&ccb=7-5&oh=00_AfBWXZ23HTKzr6K4ZVjlTlS0fTfe0JOLu5Rhcev5N591vA&oe=653601E0&_nc_sid=ce9561""",false,"""2161064943""","""2161064943""",1,[],0,false,"""17841402188290133"""
false,"{""is_possible_scammer"": false, ""is_possible_impersonator"": {""is_unconnected_impersonator"": false, ""connected_similar_user_id"": null}, ""is_possible_impersonator_threads"": {""is_unconnected_impersonator"": false, ""connected_similar_user_id"": null}}","""Alexane Roy""",false,"""roy_alexane""","""""","""""","""2980411456357958075_417308739""","""417308739""",false,"""https://scontent-yyz1-1.cdninstagram.com/v/t51.2885-19/316995501_2925517171078076_4757700512588387252_n.jpg?stp=dst-jpg_s150x150&_nc_ht=scontent-yyz1-1.cdninstagram.com&_nc_cat=108&_nc_ohc=UZ_3fsrxiZkAX_0kN4h&edm=ALB854YBAAAA&ccb=7-5&oh=00_AfAFPJCDxFSJv1J_5OvDOCQ30_Jrz3Jbu1MV45H5WgPUUg&oe=6536A580&_nc_sid=ce9561""",false,"""417308739""","""417308739""",0,[],0,false,"""17841400862176520"""
false,"{""is_possible_scammer"": false, ""is_possible_impersonator"": {""is_unconnected_impersonator"": false, ""connected_similar_user_id"": null}, ""is_possible_impersonator_threads"": {""is_unconnected_impersonator"": false, ""connected_similar_user_id"": null}}","""Chloée Deblois""",false,"""chlodeb""","""""","""""","""2952746221328346762_198601160""","""198601160""",false,"""https://scontent-yyz1-1.cdninstagram.com/v/t51.2885-19/311998604_633041561819182_8457922716470857694_n.jpg?stp=dst-jpg_s150x150&_nc_ht=scontent-yyz1-1.cdninstagram.com&_nc_cat=110&_nc_ohc=Ep7LXIjzIywAX9UHGWm&edm=ALB854YBAAAA&ccb=7-5&oh=00_AfBtgMDvf6s7o3QcBX2nDaXIvsYVtUJU3nwOeV8EWD5JvA&oe=65361702&_nc_sid=ce9561""",false,"""198601160""","""198601160""",1,[],0,false,"""17841400274803103"""
false,"{""is_possible_scammer"": false, ""is_possible_impersonator"": {""is_unconnected_impersonator"": false, ""connected_similar_user_id"": null}, ""is_possible_impersonator_threads"": {""is_unconnected_impersonator"": false, ""connected_similar_user_id"": null}}","""Marco Caxila""",false,"""mcaxila""","""""","""""","""3214168943211070591_783308837""","""783308837""",false,"""https://scontent-yyz1-1.cdninstagram.com/v/t51.2885-19/391164113_2083094212034774_748015255629722853_n.jpg?stp=dst-jpg_s150x150&_nc_ht=scontent-yyz1-1.cdninstagram.com&_nc_cat=102&_nc_ohc=NtxAL5uTtjEAX_2yCnb&edm=ALB854YBAAAA&ccb=7-5&oh=00_AfCi-TbMNlQy16Qt6h8GMNWO49B3UMAfy6oueTlxkjPz1Q&oe=653654FC&_nc_sid=ce9561""",false,"""783308837""","""783308837""",0,[],0,false,"""17841400385122239"""
false,"{""is_possible_scammer"": false, ""is_possible_impersonator"": {""is_unconnected_impersonator"": false, ""connected_similar_user_id"": null}, ""is_possible_impersonator_threads"": {""is_unconnected_impersonator"": false, ""connected_similar_user_id"": null}}","""Melanie Kharad""",true,"""berlin.interior""","""""","""""","""2552219115597725684_7237324364""","""7237324364""",false,"""https://scontent-yyz1-1.cdninstagram.com/v/t51.2885-19/174222629_252581343226188_2251498767044435841_n.jpg?stp=dst-jpg_s150x150&_nc_ht=scontent-yyz1-1.cdninstagram.com&_nc_cat=100&_nc_ohc=Cpj34pv5t7IAX_eCMSP&edm=ALB854YBAAAA&ccb=7-5&oh=00_AfBLC7nZ-DQ1wdwbpy2UNPTIov61LcwXmWVvDwNkNgnlJw&oe=65365F8D&_nc_sid=ce9561""",false,"""7237324364""","""7237324364""",2,[],0,false,"""17841407330924665"""
false,"{""is_possible_scammer"": false, ""is_possible_impersonator"": {""is_unconnected_impersonator"": false, ""connected_similar_user_id"": null}, ""is_possible_impersonator_threads"": {""is_unconnected_impersonator"": false, ""connected_similar_user_id"": null}}","""Adamovich Katherine""",false,"""adamovichkatherine""","""""","""""","""3196353011582702398_524028911""","""524028911""",false,"""https://scontent-yyz1-1.cdninstagram.com/v/t51.2885-19/380441244_261198032937470_9111042878036833112_n.jpg?stp=dst-jpg_s150x150&_nc_ht=scontent-yyz1-1.cdninstagram.com&_nc_cat=102&_nc_ohc=p3RWi6lclo4AX9T2oPW&edm=ALB854YBAAAA&ccb=7-5&oh=00_AfCm5U9wwYsYq1zs915KvjNZiEO7PAXFMVZ0_-FEwCEArQ&oe=6536456F&_nc_sid=ce9561""",false,"""524028911""","""524028911""",0,[],0,false,"""17841401827338187"""
false,"{""is_possible_scammer"": false, ""is_possible_impersonator"": {""is_unconnected_impersonator"": false, ""connected_similar_user_id"": null}, ""is_possible_impersonator_threads"": {""is_unconnected_impersonator"": false, ""connected_similar_user_id"": null}}","""Charlotte Deragon""",false,"""chaderagon""","""""","""""","""3141438568610152688_406977081""","""406977081""",false,"""https://scontent-yyz1-1.cdninstagram.com/v/t51.2885-19/358193071_287351277167111_1846479895647670866_n.jpg?stp=dst-jpg_s150x150&_nc_ht=scontent-yyz1-1.cdninstagram.com&_nc_cat=111&_nc_ohc=TbtEC4eGV0QAX-umGzE&edm=ALB854YBAAAA&ccb=7-5&oh=00_AfCbXyPMZ3q9eoUUCEiWQeTvMbxUzveHgppSQ4UJhv9-8w&oe=6536501A&_nc_sid=ce9561""",false,"""406977081""","""406977081""",0,[],0,false,"""17841400032436359"""
false,"{""is_possible_scammer"": false, ""is_possible_impersonator"": {""is_unconnected_impersonator"": false, ""connected_similar_user_id"": null}, ""is_possible_impersonator_threads"": {""is_unconnected_impersonator"": false, ""connected_similar_user_id"": null}}","""Sacha Lauzière-Fitzgerald""",false,"""sacha_raptorsfan""","""""","""""","""3209245783244919794_444677621""","""444677621""",false,"""https://scontent-yyz1-1.cdninstagram.com/v/t51.2885-19/387267350_705847464752844_510674191980770712_n.jpg?stp=dst-jpg_s150x150&_nc_ht=scontent-yyz1-1.cdninstagram.com&_nc_cat=100&_nc_ohc=QVTgGIClylAAX_taHcQ&edm=ALB854YBAAAA&ccb=7-5&oh=00_AfAObIj9El2ZDOSo2CggP3gb-gGuggNeQX9Dcf-jJKrW2Q&oe=6537BF8F&_nc_sid=ce9561""",false,"""444677621""","""444677621""",0,[],0,false,"""17841400168636948"""
false,"{""is_possible_scammer"": false, ""is_possible_impersonator"": {""is_unconnected_impersonator"": false, ""connected_similar_user_id"": null}, ""is_possible_impersonator_threads"": {""is_unconnected_impersonator"": false, ""connected_similar_user_id"": null}}","""P""",true,"""pyperamerica""","""""","""""","""3214053615857252002_7096413""","""7096413""",false,"""https://scontent-yyz1-1.cdninstagram.com/v/t51.2885-19/391334249_1056284788730156_7839896572819285282_n.jpg?stp=dst-jpg_s150x150&_nc_ht=scontent-yyz1-1.cdninstagram.com&_nc_cat=108&_nc_ohc=ItcC-5HU1jIAX_OjviC&edm=ALB854YBAAAA&ccb=7-5&oh=00_AfDe_y-JpQJ9VD5MIlGN8_VzSLOaSOcrVGAaUOLCRal8Fg&oe=6536D427&_nc_sid=ce9561""",false,"""7096413""","""7096413""",1,[],0,false,"""17841401692390110"""
false,"{""is_possible_scammer"": false, ""is_possible_impersonator"": {""is_unconnected_impersonator"": false, ""connected_similar_user_id"": null}, ""is_possible_impersonator_threads"": {""is_unconnected_impersonator"": false, ""connected_similar_user_id"": null}}","""JULIA STAWSKA""",false,"""julka.stawska""","""""","""""","""3048273086532062748_2009529695""","""2009529695""",false,"""https://scontent-yyz1-1.cdninstagram.com/v/t51.2885-19/333494354_928096465012259_8211512776942102549_n.jpg?stp=dst-jpg_s150x150&_nc_ht=scontent-yyz1-1.cdninstagram.com&_nc_cat=111&_nc_ohc=3rRbIXi06-UAX8IR91D&edm=ALB854YBAAAA&ccb=7-5&oh=00_AfAMy9a8FNENdr0jIuGfZDMxxacGwcy2ExQoKumIXFSxjQ&oe=65372B1D&_nc_sid=ce9561""",false,"""2009529695""","""2009529695""",0,[],0,false,"""17841401970861191"""
false,"{""is_possible_scammer"": false, ""is_possible_impersonator"": {""is_unconnected_impersonator"": false, ""connected_similar_user_id"": null}, ""is_possible_impersonator_threads"": {""is_unconnected_impersonator"": false, ""connected_similar_user_id"": null}}","""Elma Krkic""",false,"""elma.krkic""","""""","""""","""3194945919538860332_7235743688""","""7235743688""",true,"""https://scontent-yyz1-1.cdninstagram.com/v/t51.2885-19/380708055_1023584885737017_3389495260205044291_n.jpg?stp=dst-jpg_s150x150&_nc_ht=scontent-yyz1-1.cdninstagram.com&_nc_cat=109&_nc_ohc=Q0mJcDV5oyIAX8EZ5Eb&edm=ALB854YBAAAA&ccb=7-5&oh=00_AfCA7Xx5Uek_cK7sscrtquSh-oEdkaD-CIvnMGpTrIEFpQ&oe=6537A30E&_nc_sid=ce9561""",false,"""7235743688""","""7235743688""",0,[],0,false,"""17841407430644467"""
false,"{""is_possible_scammer"": false, ""is_possible_impersonator"": {""is_unconnected_impersonator"": false, ""connected_similar_user_id"": null}, ""is_possible_impersonator_threads"": {""is_unconnected_impersonator"": false, ""connected_similar_user_id"": null}}","""Laurianne Albert""",false,"""lau_albert4""","""""","""""","""2952259718614655778_3997422497""","""3997422497""",false,"""https://scontent-yyz1-1.cdninstagram.com/v/t51.2885-19/311998608_1356098828531225_7344086865638476952_n.jpg?stp=dst-jpg_s150x150&_nc_ht=scontent-yyz1-1.cdninstagram.com&_nc_cat=105&_nc_ohc=ZHnCYhaiwycAX_kh-4a&edm=ALB854YBAAAA&ccb=7-5&oh=00_AfDNbZoIXCbn7JvaJlKxqbREQzn4xaHy7HJsjejGlfR0YA&oe=65367C1B&_nc_sid=ce9561""",false,"""3997422497""","""3997422497""",0,[],0,false,"""17841404034929677"""
false,"{""is_possible_scammer"": false, ""is_possible_impersonator"": {""is_unconnected_impersonator"": false, ""connected_similar_user_id"": null}, ""is_possible_impersonator_threads"": {""is_unconnected_impersonator"": false, ""connected_similar_user_id"": null}}","""Melissa Findley""",true,"""melissafindley""","""""","""""","""3204147361030411250_2694222""","""2694222""",false,"""https://scontent-yyz1-1.cdninstagram.com/v/t51.2885-19/384784211_1525298414954153_7168006517231863744_n.jpg?stp=dst-jpg_s150x150&_nc_ht=scontent-yyz1-1.cdninstagram.com&_nc_cat=105&_nc_ohc=w1d-4fUGxHYAX_i6Cn5&edm=ALB854YBAAAA&ccb=7-5&oh=00_AfAKkkRREAkm4XySzBqwoHDiVjR222WfDdZ55D-EmKxeHA&oe=65376667&_nc_sid=ce9561""",false,"""2694222""","""2694222""",1,[],0,false,"""17841400186660042"""
false,"{""is_possible_scammer"": false, ""is_possible_impersonator"": {""is_unconnected_impersonator"": false, ""connected_similar_user_id"": null}, ""is_possible_impersonator_threads"": {""is_unconnected_impersonator"": false, ""connected_similar_user_id"": null}}","""Raph Casse""",false,"""raph_casse""","""""","""""","""3210112252287536342_3616850539""","""3616850539""",false,"""https://scontent-yyz1-1.cdninstagram.com/v/t51.2885-19/387266516_224297433752265_262744195985474540_n.jpg?stp=dst-jpg_s150x150&_nc_ht=scontent-yyz1-1.cdninstagram.com&_nc_cat=109&_nc_ohc=Ufo-urjjkoIAX9mkPOD&edm=ALB854YBAAAA&ccb=7-5&oh=00_AfDAgb1OJiWUmtdjb2MF7ApjBIq4xMyBHUwUqs8bxJ88SQ&oe=653751F6&_nc_sid=ce9561""",false,"""3616850539""","""3616850539""",0,[],0,false,"""17841403676172106"""
false,"{""is_possible_scammer"": false, ""is_possible_impersonator"": {""is_unconnected_impersonator"": false, ""connected_similar_user_id"": null}, ""is_possible_impersonator_threads"": {""is_unconnected_impersonator"": false, ""connected_similar_user_id"": null}}","""Yuliya Bezpalko""",true,"""yuliyacalister""","""""","""""","""3189245317802959611_145172429""","""145172429""",false,"""https://scontent-yyz1-1.cdninstagram.com/v/t51.2885-19/376280434_1328736637744688_3634884234645642179_n.jpg?stp=dst-jpg_s150x150&_nc_ht=scontent-yyz1-1.cdninstagram.com&_nc_cat=1&_nc_ohc=i_kgEo_eOB0AX-F9fnU&edm=ALB854YBAAAA&ccb=7-5&oh=00_AfAHcUN-thheFR5Sps8fjicUABxdQdJrBBqPSy0V7s7SMw&oe=65369D3F&_nc_sid=ce9561""",false,"""145172429""","""145172429""",0,[],0,false,"""17841400612872268"""
false,"{""is_possible_scammer"": false, ""is_possible_impersonator"": {""is_unconnected_impersonator"": false, ""connected_similar_user_id"": null}, ""is_possible_impersonator_threads"": {""is_unconnected_impersonator"": false, ""connected_similar_user_id"": null}}","""Jordane Villeneuve""",false,"""jordyyye""","""""","""""","""3210242383714792613_579867494""","""579867494""",false,"""https://scontent-yyz1-1.cdninstagram.com/v/t51.2885-19/387264846_201647272944299_5278759071698618729_n.jpg?stp=dst-jpg_s150x150&_nc_ht=scontent-yyz1-1.cdninstagram.com&_nc_cat=111&_nc_ohc=BG9UJuSqb2AAX_mgeIT&edm=ALB854YBAAAA&ccb=7-5&oh=00_AfDSiWt2VxEk6_6Zu4B9zJEIUiF25fcsmE50q3iuQKe1mQ&oe=65371EAB&_nc_sid=ce9561""",false,"""579867494""","""579867494""",0,[],0,false,"""17841400824829060"""
false,"{""is_possible_scammer"": false, ""is_possible_impersonator"": {""is_unconnected_impersonator"": false, ""connected_similar_user_id"": null}, ""is_possible_impersonator_threads"": {""is_unconnected_impersonator"": false, ""connected_similar_user_id"": null}}","""The Living Room""",false,"""tlr.thelivingroom""","""""","""""","""3136307933117689658_25601660494""","""25601660494""",false,"""https://scontent-yyz1-1.cdninstagram.com/v/t51.2885-19/356618304_1018700172827107_6184523945730732496_n.jpg?stp=dst-jpg_s150x150&_nc_ht=scontent-yyz1-1.cdninstagram.com&_nc_cat=107&_nc_ohc=c0riHWmFF7MAX8ZqJzD&edm=ALB854YBAAAA&ccb=7-5&oh=00_AfAACVnsxIYGjyg5gD_sPeqBNhIX1xhB7ypHfwrnidh-kg&oe=653654E9&_nc_sid=ce9561""",false,"""25601660494""","""25601660494""",0,[],0,false,"""17841425574840207"""
true,"{""is_possible_scammer"": false, ""is_possible_impersonator"": {""is_unconnected_impersonator"": false, ""connected_similar_user_id"": null}, ""is_possible_impersonator_threads"": {""is_unconnected_impersonator"": false, ""connected_similar_user_id"": null}}","""Riziki""",false,"""theycallmeriz""","""""","""""","""""","""3166725405""",false,"""https://instagram.fgoi2-1.fna.fbcdn.net/v/t51.2885-19/44884218_345707102882519_2446069589734326272_n.jpg?_nc_ht=instagram.fgoi2-1.fna.fbcdn.net&_nc_cat=1&_nc_ohc=RL4se8fak_MAX-7q6EZ&edm=ACkAUu0BAAAA&ccb=7-5&ig_cache_key=YW5vbnltb3VzX3Byb2ZpbGVfcGlj.2-ccb7-5&oh=00_AfAw6EK6NF1IHJ91B46lZaHO7IFM9gX47-W3QM4ESgu_eg&oe=6537D14F&_nc_sid=123e20""",false,"""3166725405""","""3166725405""",0,[],0,false,"""17841403282155840"""
false,"{""is_possible_scammer"": false, ""is_possible_impersonator"": {""is_unconnected_impersonator"": false, ""connected_similar_user_id"": null}, ""is_possible_impersonator_threads"": {""is_unconnected_impersonator"": false, ""connected_similar_user_id"": null}}","""ɴɪᴢᴀʀ ᴇᴢᴢɪɴᴇ""",false,"""nizar_.ez""","""""","""""","""2917347070104836064_6204115253""","""6204115253""",true,"""https://scontent-yyz1-1.cdninstagram.com/v/t51.2885-19/302240395_1098920614351589_1600993227089769853_n.jpg?stp=dst-jpg_s150x150&_nc_ht=scontent-yyz1-1.cdninstagram.com&_nc_cat=105&_nc_ohc=nWx0HY56q_cAX8pebv-&edm=ALB854YBAAAA&ccb=7-5&oh=00_AfDDC2QnjqaIyQRZzcy6lhRaVSBKdxA1MEEv-x4EDukokg&oe=6537A6C9&_nc_sid=ce9561""",false,"""6204115253""","""6204115253""",0,[],0,false,"""17841406097615514"""
false,"{""is_possible_scammer"": false, ""is_possible_impersonator"": {""is_unconnected_impersonator"": false, ""connected_similar_user_id"": null}, ""is_possible_impersonator_threads"": {""is_unconnected_impersonator"": false, ""connected_similar_user_id"": null}}","""J E S S""",false,"""jess.metni""","""""","""""","""3125109004963610390_1144090378""","""1144090378""",false,"""https://scontent-yyz1-1.cdninstagram.com/v/t51.2885-19/352962547_559462109734758_2852910440968680920_n.jpg?stp=dst-jpg_s150x150&_nc_ht=scontent-yyz1-1.cdninstagram.com&_nc_cat=106&_nc_ohc=1JGMGksW0OAAX9TY9x3&edm=ALB854YBAAAA&ccb=7-5&oh=00_AfDKGcj4dgksjSpm_4iB4nCPjXNnzwD0EtoWXkes3w-Gww&oe=653787E4&_nc_sid=ce9561""",false,"""1144090378""","""1144090378""",0,[],0,false,"""17841400791357876"""
false,"{""is_possible_scammer"": false, ""is_possible_impersonator"": {""is_unconnected_impersonator"": false, ""connected_similar_user_id"": null}, ""is_possible_impersonator_threads"": {""is_unconnected_impersonator"": false, ""connected_similar_user_id"": null}}","""juan millan""",false,"""papi_juanchoww""","""""","""""","""3211561995496621728_3953392438""","""3953392438""",false,"""https://scontent-yyz1-1.cdninstagram.com/v/t51.2885-19/391077864_1523268165085637_196636609747933483_n.jpg?stp=dst-jpg_s150x150&_nc_ht=scontent-yyz1-1.cdninstagram.com&_nc_cat=105&_nc_ohc=irC4gykmyRMAX-y6pOD&edm=ALB854YBAAAA&ccb=7-5&oh=00_AfDSbvh2OvFOnqBtCAACo-Wp2h5eOH5MT17xK41pF5UeTg&oe=653771BF&_nc_sid=ce9561""",false,"""3953392438""","""3953392438""",0,[],0,false,"""17841403853154174"""
false,"{""is_possible_scammer"": false, ""is_possible_impersonator"": {""is_unconnected_impersonator"": false, ""connected_similar_user_id"": null}, ""is_possible_impersonator_threads"": {""is_unconnected_impersonator"": false, ""connected_similar_user_id"": null}}","""krissy!""",false,"""krissywood""","""""","""""","""3209857916085178923_219803924""","""219803924""",false,"""https://scontent-yyz1-1.cdninstagram.com/v/t51.2885-19/387733301_180689561677545_8810387108927508283_n.jpg?stp=dst-jpg_s150x150&_nc_ht=scontent-yyz1-1.cdninstagram.com&_nc_cat=109&_nc_ohc=W3Rj2118m90AX9GYa61&edm=ALB854YBAAAA&ccb=7-5&oh=00_AfBgt4KephwWR6PtCzon8mTnB1-JwPieAZQYRzoEZH7B0g&oe=65377AB4&_nc_sid=ce9561""",false,"""219803924""","""219803924""",0,[],0,false,"""17841400837723434"""
false,"{""is_possible_scammer"": false, ""is_possible_impersonator"": {""is_unconnected_impersonator"": false, ""connected_similar_user_id"": null}, ""is_possible_impersonator_threads"": {""is_unconnected_impersonator"": false, ""connected_similar_user_id"": null}}","""Fabien Frankel""",true,"""fabienfrankel""","""""","""""","""2475666093073346678_17626552263""","""17626552263""",false,"""https://scontent-yyz1-1.cdninstagram.com/v/t51.2885-19/132199968_147039780554478_5798997338977112505_n.jpg?stp=dst-jpg_s150x150&_nc_ht=scontent-yyz1-1.cdninstagram.com&_nc_cat=106&_nc_ohc=_yGlr_FF0gIAX-dY3xT&edm=ALB854YBAAAA&ccb=7-5&oh=00_AfBNLiiKEsRHSMNAwHqwyDH3NCeVLijG5n57PSGcSnxlvQ&oe=6536F3AA&_nc_sid=ce9561""",false,"""17626552263""","""17626552263""",0,[],0,false,"""17841417527903319"""
false,"{""is_possible_scammer"": false, ""is_possible_impersonator"": {""is_unconnected_impersonator"": false, ""connected_similar_user_id"": null}, ""is_possible_impersonator_threads"": {""is_unconnected_impersonator"": false, ""connected_similar_user_id"": null}}","""Star-Charly Joa""",false,"""charlyjoa""","""""","""""","""3206730905183399229_5833498875""","""5833498875""",true,"""https://scontent-yyz1-1.cdninstagram.com/v/t51.2885-19/386137396_808825531247057_4544222163268372873_n.jpg?stp=dst-jpg_s150x150&_nc_ht=scontent-yyz1-1.cdninstagram.com&_nc_cat=105&_nc_ohc=kZPrO8b5jG0AX9_FNnS&edm=ALB854YBAAAA&ccb=7-5&oh=00_AfAaOsg6ECIvnE95tudv3P0OxTkPoBSfN0yqp_KSAFDiwQ&oe=6537ADF9&_nc_sid=ce9561""",false,"""5833498875""","""5833498875""",0,[],0,false,"""17841405846259187"""
false,"{""is_possible_scammer"": false, ""is_possible_impersonator"": {""is_unconnected_impersonator"": false, ""connected_similar_user_id"": null}, ""is_possible_impersonator_threads"": {""is_unconnected_impersonator"": false, ""connected_similar_user_id"": null}}","""Tania Dutel""",true,"""taniadutel""","""""","""""","""3130193037954634018_196742056""","""196742056""",false,"""https://scontent-yyz1-1.cdninstagram.com/v/t51.2885-19/355119195_310177031335035_4508154392623617189_n.jpg?stp=dst-jpg_s150x150&_nc_ht=scontent-yyz1-1.cdninstagram.com&_nc_cat=103&_nc_ohc=drCIli4WdpIAX9eHJf5&edm=ALB854YBAAAA&ccb=7-5&oh=00_AfAaYpyAv5FWzJjAJFkTp63Go7P1FrXQkLCc0xIotxzuFA&oe=65363B70&_nc_sid=ce9561""",false,"""196742056""","""196742056""",0,[],0,false,"""17841400181683074"""
false,"{""is_possible_scammer"": false, ""is_possible_impersonator"": {""is_unconnected_impersonator"": false, ""connected_similar_user_id"": null}, ""is_possible_impersonator_threads"": {""is_unconnected_impersonator"": false, ""connected_similar_user_id"": null}}","""Leon F Martin""",false,"""tlr.leon""","""""","""""","""3156164063499229963_313321887""","""313321887""",false,"""https://scontent-yyz1-1.cdninstagram.com/v/t51.2885-19/362930333_637820781649347_3680205439443136812_n.jpg?stp=dst-jpg_s150x150&_nc_ht=scontent-yyz1-1.cdninstagram.com&_nc_cat=103&_nc_ohc=vnLdZBoEL74AX-mCsoy&edm=ALB854YBAAAA&ccb=7-5&oh=00_AfBZco3JClKi0yGDeZiYorSVERdLs6G7HC3VquWP5lbz3w&oe=6536041D&_nc_sid=ce9561""",false,"""313321887""","""313321887""",0,[],0,false,"""17841401256614895"""
false,"{""is_possible_scammer"": false, ""is_possible_impersonator"": {""is_unconnected_impersonator"": false, ""connected_similar_user_id"": null}, ""is_possible_impersonator_threads"": {""is_unconnected_impersonator"": false, ""connected_similar_user_id"": null}}","""Hyce Beerg""",false,"""hyce.beerg""","""""","""""","""1432620272519507247_4488479902""","""4488479902""",false,"""https://scontent-yyz1-1.cdninstagram.com/v/t51.2885-19/16124197_1456362521041904_8253887198185652224_n.jpg?stp=dst-jpg_s150x150&_nc_ht=scontent-yyz1-1.cdninstagram.com&_nc_cat=108&_nc_ohc=PYmT0lRBXLoAX-6BeDu&edm=ALB854YBAAAA&ccb=7-5&oh=00_AfBMbDrPcbo7yssJcul_00Ym6f7E1WI-DiWy8arzdL7Cvg&oe=653731A8&_nc_sid=ce9561""",false,"""4488479902""","""4488479902""",0,[],0,false,"""17841404557081059"""
false,"{""is_possible_scammer"": false, ""is_possible_impersonator"": {""is_unconnected_impersonator"": false, ""connected_similar_user_id"": null}, ""is_possible_impersonator_threads"": {""is_unconnected_impersonator"": false, ""connected_similar_user_id"": null}}","""House of the Dragon""",true,"""houseofthedragonhbo""","""""","""""","""2932984711165529393_22956482706""","""22956482706""",false,"""https://scontent-yyz1-1.cdninstagram.com/v/t51.2885-19/307994568_801941777521671_8674874479181866127_n.jpg?stp=dst-jpg_s150x150&_nc_ht=scontent-yyz1-1.cdninstagram.com&_nc_cat=1&_nc_ohc=jdwYV-f94UEAX9C0dLs&edm=ALB854YBAAAA&ccb=7-5&oh=00_AfBi7Ke-9HS1O8sXrXrwsyVbiYPhabseZVX1lVMm0TaQcQ&oe=6537E009&_nc_sid=ce9561""",false,"""22956482706""","""22956482706""",0,[],0,false,"""17841422881199560"""
false,"{""is_possible_scammer"": false, ""is_possible_impersonator"": {""is_unconnected_impersonator"": false, ""connected_similar_user_id"": null}, ""is_possible_impersonator_threads"": {""is_unconnected_impersonator"": false, ""connected_similar_user_id"": null}}","""Daniel Des Roches""",false,"""dan.desr""","""""","""""","""2233006501122765012_3242475612""","""3242475612""",false,"""https://scontent-yyz1-1.cdninstagram.com/v/t51.2885-19/82703284_189085165810931_8401843882320461824_n.jpg?stp=dst-jpg_s150x150&_nc_ht=scontent-yyz1-1.cdninstagram.com&_nc_cat=111&_nc_ohc=ubUv373Kpy0AX8hFPbw&edm=ALB854YBAAAA&ccb=7-5&oh=00_AfB3Qrrw5l3kNq77pJ5hAxDR0xGa-CzkqzjrFn5Pwc2F1g&oe=65362AC9&_nc_sid=ce9561""",false,"""3242475612""","""3242475612""",0,[],0,false,"""17841403228375309"""
false,"{""is_possible_scammer"": false, ""is_possible_impersonator"": {""is_unconnected_impersonator"": false, ""connected_similar_user_id"": null}, ""is_possible_impersonator_threads"": {""is_unconnected_impersonator"": false, ""connected_similar_user_id"": null}}","""""",false,"""youcyd""","""""","""""","""2899880665694249320_143956988""","""143956988""",false,"""https://scontent-yyz1-1.cdninstagram.com/v/t51.2885-19/298199536_389586713099469_4385522150473063243_n.jpg?stp=dst-jpg_s150x150&_nc_ht=scontent-yyz1-1.cdninstagram.com&_nc_cat=109&_nc_ohc=o-QOOWqa5_AAX91iUhw&edm=ALB854YBAAAA&ccb=7-5&oh=00_AfBHg72k3QmMKawI-YHoOHAEt5JsyMUsp5syB_F3I1DUOg&oe=6536A53D&_nc_sid=ce9561""",false,"""143956988""","""143956988""",0,[],0,false,"""17841400629642249"""
false,"{""is_possible_scammer"": false, ""is_possible_impersonator"": {""is_unconnected_impersonator"": false, ""connected_similar_user_id"": null}, ""is_possible_impersonator_threads"": {""is_unconnected_impersonator"": false, ""connected_similar_user_id"": null}}","""Ace™1""",false,"""acegotwater""","""""","""""","""3217375948357479308_47466482112""","""47466482112""",false,"""https://scontent-yyz1-1.cdninstagram.com/v/t51.2885-19/393975485_654928270041787_1146046504296748344_n.jpg?stp=dst-jpg_s150x150&_nc_ht=scontent-yyz1-1.cdninstagram.com&_nc_cat=107&_nc_ohc=fi_cV0mPkP8AX8qA8F3&edm=ALB854YBAAAA&ccb=7-5&oh=00_AfCZzksB209RDtChG2UVMCwBwfiEqvZ-WdDgxTu0JWlOYg&oe=6536D12D&_nc_sid=ce9561""",false,"""47466482112""","""47466482112""",0,[],0,false,"""17841447343383310"""
false,"{""is_possible_scammer"": false, ""is_possible_impersonator"": {""is_unconnected_impersonator"": false, ""connected_similar_user_id"": null}, ""is_possible_impersonator_threads"": {""is_unconnected_impersonator"": false, ""connected_similar_user_id"": null}}","""Charles-antoine Dion""",false,"""charles.adion""","""""","""""","""3039227457697983993_1440942141""","""1440942141""",false,"""https://scontent-yyz1-1.cdninstagram.com/v/t51.2885-19/330928859_3099123740233389_1066380051242045189_n.jpg?stp=dst-jpg_s150x150&_nc_ht=scontent-yyz1-1.cdninstagram.com&_nc_cat=109&_nc_ohc=j49OvQ29TdoAX_a4gwk&edm=ALB854YBAAAA&ccb=7-5&oh=00_AfA_4oDQDqYs2_Gfl_68ajbYln6qCQUWxKxEK6gM-_UzZA&oe=65362500&_nc_sid=ce9561""",false,"""1440942141""","""1440942141""",0,[],0,false,"""17841401384252514"""
false,"{""is_possible_scammer"": false, ""is_possible_impersonator"": {""is_unconnected_impersonator"": false, ""connected_similar_user_id"": null}, ""is_possible_impersonator_threads"": {""is_unconnected_impersonator"": false, ""connected_similar_user_id"": null}}","""Peter DeVito""",false,"""peterdevito""","""""","""""","""2335360926108425613_1676213258""","""1676213258""",false,"""https://scontent-yyz1-1.cdninstagram.com/v/t51.2885-19/104155651_190268462363243_1249228170497769689_n.jpg?stp=dst-jpg_s150x150&_nc_ht=scontent-yyz1-1.cdninstagram.com&_nc_cat=111&_nc_ohc=YcNjmBnrVUMAX8PFapC&edm=ALB854YBAAAA&ccb=7-5&oh=00_AfBZ9bvvxA47JkH1U-QflChtSm2RO1J_c6zkWFinR1SCkA&oe=65368C93&_nc_sid=ce9561""",false,"""1676213258""","""1676213258""",0,[],0,false,"""17841401597766190"""
false,"{""is_possible_scammer"": false, ""is_possible_impersonator"": {""is_unconnected_impersonator"": false, ""connected_similar_user_id"": null}, ""is_possible_impersonator_threads"": {""is_unconnected_impersonator"": false, ""connected_similar_user_id"": null}}","""Anna | Biarritz (& Paris sometimes)""",false,"""paris.with.me""","""""","""""","""3103437274976775045_617214488""","""617214488""",false,"""https://scontent-yyz1-1.cdninstagram.com/v/t51.2885-19/347255716_778762086989175_8437880566676677866_n.jpg?stp=dst-jpg_s150x150&_nc_ht=scontent-yyz1-1.cdninstagram.com&_nc_cat=103&_nc_ohc=WFOhA0QuHtkAX8BSVbW&edm=ALB854YBAAAA&ccb=7-5&oh=00_AfCrdjyW7Q5u2gJw4ReQsqh0iiLjZooiUmCiu3sXHJC5Eg&oe=65367686&_nc_sid=ce9561""",false,"""617214488""","""617214488""",0,[],0,false,"""17841401874649643"""
false,"{""is_possible_scammer"": false, ""is_possible_impersonator"": {""is_unconnected_impersonator"": false, ""connected_similar_user_id"": null}, ""is_possible_impersonator_threads"": {""is_unconnected_impersonator"": false, ""connected_similar_user_id"": null}}","""F A S H I O N🔥""",false,"""outfitsgoalzs""","""""","""""","""1813387743058482404_5436458241""","""5436458241""",false,"""https://scontent-yyz1-1.cdninstagram.com/v/t51.2885-19/35948695_1977090439268829_5993223671513088000_n.jpg?stp=dst-jpg_s150x150&_nc_ht=scontent-yyz1-1.cdninstagram.com&_nc_cat=109&_nc_ohc=fpGmIUGx6nEAX8DDYrX&edm=ALB854YBAAAA&ccb=7-5&oh=00_AfCBNJEWDyfNB3JXjTYmuUCQok4Bf-Ph1-FshPlkQguXcQ&oe=6536A78D&_nc_sid=ce9561""",false,"""5436458241""","""5436458241""",0,[],0,false,"""17841405347249557"""
false,"{""is_possible_scammer"": false, ""is_possible_impersonator"": {""is_unconnected_impersonator"": false, ""connected_similar_user_id"": null}, ""is_possible_impersonator_threads"": {""is_unconnected_impersonator"": false, ""connected_similar_user_id"": null}}","""𝘸𝘪𝘴𝘩 𝘺𝘰𝘶 𝘸𝘦𝘳𝘦 𝘩𝘦𝘳𝘦 ☾""",false,"""heartkn0ws""","""""","""""","""2616475848289364888_40717850592""","""40717850592""",false,"""https://scontent-yyz1-1.cdninstagram.com/v/t51.2885-19/214330305_202070468508956_3940366683143341506_n.jpg?stp=dst-jpg_s150x150&_nc_ht=scontent-yyz1-1.cdninstagram.com&_nc_cat=108&_nc_ohc=2OEj3T7CwvgAX8t7nle&edm=ALB854YBAAAA&ccb=7-5&oh=00_AfB7tcE-BVyYkmPnYZNNiYDxxFSkCiEUiHUuRVPYP0eHdA&oe=6536774F&_nc_sid=ce9561""",false,"""40717850592""","""40717850592""",0,[],0,false,"""17841440637779731"""
false,"{""is_possible_scammer"": false, ""is_possible_impersonator"": {""is_unconnected_impersonator"": false, ""connected_similar_user_id"": null}, ""is_possible_impersonator_threads"": {""is_unconnected_impersonator"": false, ""connected_similar_user_id"": null}}","""Lucy Boynton""",true,"""lucyboynton1""","""""","""""","""1598239045816123336_241101763""","""241101763""",false,"""https://scontent-yyz1-1.cdninstagram.com/v/t51.2885-19/21372529_523553467991808_4288521069779746816_a.jpg?stp=dst-jpg_s150x150&_nc_ht=scontent-yyz1-1.cdninstagram.com&_nc_cat=100&_nc_ohc=hwdx-MPUz0IAX8sdzYd&edm=ALB854YBAAAA&ccb=7-5&oh=00_AfAyjFSHezwFL_44Jh2w7cbrEIVXrusDVGYqwb9Pe5ViIg&oe=6536BF64&_nc_sid=ce9561""",false,"""241101763""","""241101763""",0,[],0,false,"""17841400412893767"""
false,"{""is_possible_scammer"": false, ""is_possible_impersonator"": {""is_unconnected_impersonator"": false, ""connected_similar_user_id"": null}, ""is_possible_impersonator_threads"": {""is_unconnected_impersonator"": false, ""connected_similar_user_id"": null}}","""Alexandre Dufour""",false,"""_alexandredufour""","""""","""""","""2549064741845525806_6946225735""","""6946225735""",false,"""https://scontent-yyz1-1.cdninstagram.com/v/t51.2885-19/171475235_788866265362733_5801738450904960229_n.jpg?stp=dst-jpg_s150x150&_nc_ht=scontent-yyz1-1.cdninstagram.com&_nc_cat=105&_nc_ohc=O4e2OI-uhxsAX8RdUox&edm=ALB854YBAAAA&ccb=7-5&oh=00_AfDYHFke47YorZ3aERJ717hVH-YuTwUmSJaMKzfToHynVQ&oe=6536FCEC&_nc_sid=ce9561""",false,"""6946225735""","""6946225735""",0,[],0,false,"""17841406772078278"""
false,"{""is_possible_scammer"": false, ""is_possible_impersonator"": {""is_unconnected_impersonator"": false, ""connected_similar_user_id"": null}, ""is_possible_impersonator_threads"": {""is_unconnected_impersonator"": false, ""connected_similar_user_id"": null}}","""Justine Deacon""",false,"""justine_deacon""","""""","""""","""2885911479481688255_310942410""","""310942410""",false,"""https://scontent-yyz1-1.cdninstagram.com/v/t51.2885-19/294434597_604180484408270_9156666958802810908_n.jpg?stp=dst-jpg_s150x150&_nc_ht=scontent-yyz1-1.cdninstagram.com&_nc_cat=102&_nc_ohc=fn7aJPeY_VQAX_rbGLc&edm=ALB854YBAAAA&ccb=7-5&oh=00_AfAKHkAsyVMJYcBJVuhgOHHpRDV6kj2xdnX1fM9g6T5gmA&oe=65377D66&_nc_sid=ce9561""",false,"""310942410""","""310942410""",0,[],0,false,"""17841400912304858"""
false,"{""is_possible_scammer"": false, ""is_possible_impersonator"": {""is_unconnected_impersonator"": false, ""connected_similar_user_id"": null}, ""is_possible_impersonator_threads"": {""is_unconnected_impersonator"": false, ""connected_similar_user_id"": null}}","""Birthdate Co.""",true,"""birthdateco""","""""","""""","""2050994095077382233_11451808746""","""11451808746""",false,"""https://scontent-yyz1-1.cdninstagram.com/v/t51.2885-19/66377884_2161488274148910_213494771220480000_n.jpg?stp=dst-jpg_s150x150&_nc_ht=scontent-yyz1-1.cdninstagram.com&_nc_cat=1&_nc_ohc=XCq15B0LTWAAX97WeAo&edm=ALB854YBAAAA&ccb=7-5&oh=00_AfD1C7c9JQM-gUsD1SNlUFyAcaCdA3iqkx6lP3StNsx-tg&oe=6537A3CD&_nc_sid=ce9561""",false,"""11451808746""","""11451808746""",1,[],0,false,"""17841411302401476"""
false,"{""is_possible_scammer"": false, ""is_possible_impersonator"": {""is_unconnected_impersonator"": false, ""connected_similar_user_id"": null}, ""is_possible_impersonator_threads"": {""is_unconnected_impersonator"": false, ""connected_similar_user_id"": null}}","""Florence Ouellet""",false,"""flo_ouell""","""""","""""","""2251326884955524992_990642132""","""990642132""",false,"""https://scontent-yyz1-1.cdninstagram.com/v/t51.2885-19/83890686_2859237527469874_7228142170589364224_n.jpg?stp=dst-jpg_s150x150&_nc_ht=scontent-yyz1-1.cdninstagram.com&_nc_cat=110&_nc_ohc=wizGzIEmj68AX-GQqEH&edm=ALB854YBAAAA&ccb=7-5&oh=00_AfANgzK39OhQaZXloQj8ZudKMJPkmuafR_N3y0bjM35zbA&oe=65376434&_nc_sid=ce9561""",false,"""990642132""","""990642132""",0,[],0,false,"""17841401503975478"""
false,"{""is_possible_scammer"": false, ""is_possible_impersonator"": {""is_unconnected_impersonator"": false, ""connected_similar_user_id"": null}, ""is_possible_impersonator_threads"": {""is_unconnected_impersonator"": false, ""connected_similar_user_id"": null}}","""Ivy Love Getty""",true,"""ivygetty""","""""","""""","""3190338994742114571_1766334339""","""1766334339""",false,"""https://scontent-yyz1-1.cdninstagram.com/v/t51.2885-19/376663154_289053393852604_4832629538526505569_n.jpg?stp=dst-jpg_s150x150&_nc_ht=scontent-yyz1-1.cdninstagram.com&_nc_cat=104&_nc_ohc=Dsj0GCGavusAX-vfuc-&edm=ALB854YBAAAA&ccb=7-5&oh=00_AfCrBnCFt7ymegdTIkw70RfKfmIgO5AbPO7Ij-9mI07VoQ&oe=65367078&_nc_sid=ce9561""",false,"""1766334339""","""1766334339""",0,[],0,false,"""17841401870197598"""
false,"{""is_possible_scammer"": false, ""is_possible_impersonator"": {""is_unconnected_impersonator"": false, ""connected_similar_user_id"": null}, ""is_possible_impersonator_threads"": {""is_unconnected_impersonator"": false, ""connected_similar_user_id"": null}}","""Unstoppable Self Confidence""",false,"""unstoppableselfconfidence""","""""","""""","""2293545719042105241_7273924839""","""7273924839""",false,"""https://scontent-yyz1-1.cdninstagram.com/v/t51.2885-19/94466204_1115590828774222_1305623990164783104_n.jpg?stp=dst-jpg_s150x150&_nc_ht=scontent-yyz1-1.cdninstagram.com&_nc_cat=110&_nc_ohc=ydOJ0wjZFAMAX9grQgF&edm=ALB854YBAAAA&ccb=7-5&oh=00_AfBKFdvCaIBVbaMiekLCDkXNrCLX2k6dKKMIf6rwHTsefg&oe=6537E7E6&_nc_sid=ce9561""",false,"""7273924839""","""7273924839""",0,[],0,false,"""17841407345179240"""
false,"{""is_possible_scammer"": false, ""is_possible_impersonator"": {""is_unconnected_impersonator"": false, ""connected_similar_user_id"": null}, ""is_possible_impersonator_threads"": {""is_unconnected_impersonator"": false, ""connected_similar_user_id"": null}}","""Mymi Guilmette""",false,"""mumulifephoto""","""""","""""","""2312669424362974228_1906582639""","""1906582639""",false,"""https://scontent-yyz1-1.cdninstagram.com/v/t51.2885-19/97376344_1763249510482554_1635246705609801728_n.jpg?stp=dst-jpg_s150x150&_nc_ht=scontent-yyz1-1.cdninstagram.com&_nc_cat=106&_nc_ohc=PG-jCbtI7PoAX_0cVGH&edm=ALB854YBAAAA&ccb=7-5&oh=00_AfBfsuTX97xt7q1Jpq9vHQGTtcE481GsWEkDpo1Yir7gzQ&oe=65378B23&_nc_sid=ce9561""",false,"""1906582639""","""1906582639""",0,[],0,false,"""17841400679199790"""
false,"{""is_possible_scammer"": false, ""is_possible_impersonator"": {""is_unconnected_impersonator"": false, ""connected_similar_user_id"": null}, ""is_possible_impersonator_threads"": {""is_unconnected_impersonator"": false, ""connected_similar_user_id"": null}}","""ALEXANDRA COSENTINO""",true,"""alexandracos_""","""""","""""","""3123630149886289197_6004713254""","""6004713254""",false,"""https://scontent-yyz1-1.cdninstagram.com/v/t51.2885-19/353485382_642686081213236_782264597423195217_n.jpg?stp=dst-jpg_s150x150&_nc_ht=scontent-yyz1-1.cdninstagram.com&_nc_cat=104&_nc_ohc=oK5AkQ3Oo0wAX-9cVAs&edm=ALB854YBAAAA&ccb=7-5&oh=00_AfA8jMO3RDMayQ-8matq5VQlB7W1SXeRFiJhZx6HTdCOIA&oe=6536926B&_nc_sid=ce9561""",false,"""6004713254""","""6004713254""",0,[],0,false,"""17841406037620589"""
false,"{""is_possible_scammer"": false, ""is_possible_impersonator"": {""is_unconnected_impersonator"": false, ""connected_similar_user_id"": null}, ""is_possible_impersonator_threads"": {""is_unconnected_impersonator"": false, ""connected_similar_user_id"": null}}","""Wordchaos""",false,"""wordchaos""","""""","""""","""3101120530727230850_1594485827""","""1594485827""",false,"""https://scontent-yyz1-1.cdninstagram.com/v/t51.2885-19/345875162_258477466586008_7161500049193086287_n.jpg?stp=dst-jpg_s150x150&_nc_ht=scontent-yyz1-1.cdninstagram.com&_nc_cat=104&_nc_ohc=B_dXJxK0gP4AX_Rv8NB&edm=ALB854YBAAAA&ccb=7-5&oh=00_AfDizDiwoQPvQyF4DWykxlu4Gt6y-GBaP4p3y2czURBOKQ&oe=65372E82&_nc_sid=ce9561""",false,"""1594485827""","""1594485827""",0,[],0,false,"""17841401614834913"""
false,"{""is_possible_scammer"": false, ""is_possible_impersonator"": {""is_unconnected_impersonator"": false, ""connected_similar_user_id"": null}, ""is_possible_impersonator_threads"": {""is_unconnected_impersonator"": false, ""connected_similar_user_id"": null}}","""Adriana johanna anthonia Willems""",true,"""jolielot""","""""","""""","""2907469804101817605_195674238""","""195674238""",false,"""https://scontent-yyz1-1.cdninstagram.com/v/t51.2885-19/299713052_2558109457653216_1729503682018433959_n.jpg?stp=dst-jpg_s150x150&_nc_ht=scontent-yyz1-1.cdninstagram.com&_nc_cat=100&_nc_ohc=vpzJpDcXti0AX9WTO1U&edm=ALB854YBAAAA&ccb=7-5&oh=00_AfCv9jYoBmyeYW9j6QsXwUtVs4OUxcbxR8uvxmxtCehxRA&oe=6536C6A5&_nc_sid=ce9561""",false,"""195674238""","""195674238""",1,[],0,false,"""17841400787143057"""
false,"{""is_possible_scammer"": false, ""is_possible_impersonator"": {""is_unconnected_impersonator"": false, ""connected_similar_user_id"": null}, ""is_possible_impersonator_threads"": {""is_unconnected_impersonator"": false, ""connected_similar_user_id"": null}}","""""",false,"""pascalinead""","""""","""""","""3213807759690042148_1346426534""","""1346426534""",false,"""https://scontent-yyz1-1.cdninstagram.com/v/t51.2885-19/390552914_294628470048961_3700444673504041939_n.jpg?stp=dst-jpg_s150x150&_nc_ht=scontent-yyz1-1.cdninstagram.com&_nc_cat=101&_nc_ohc=6EDk6bBsu2cAX-f7WF_&edm=ALB854YBAAAA&ccb=7-5&oh=00_AfDm4LLjbIf7jQOQZOKbp1SBvkNki84azKLEOxx7LR_zkw&oe=6536BB8D&_nc_sid=ce9561""",false,"""1346426534""","""1346426534""",0,[],0,false,"""17841401756041037"""
false,"{""is_possible_scammer"": false, ""is_possible_impersonator"": {""is_unconnected_impersonator"": false, ""connected_similar_user_id"": null}, ""is_possible_impersonator_threads"": {""is_unconnected_impersonator"": false, ""connected_similar_user_id"": null}}","""Bianca Hommes""",true,"""atelier_bejee""","""""","""""","""3051656606586374061_46195311322""","""46195311322""",false,"""https://scontent-yyz1-1.cdninstagram.com/v/t51.2885-19/332875684_755533966232433_1377764165743189001_n.jpg?stp=dst-jpg_s150x150&_nc_ht=scontent-yyz1-1.cdninstagram.com&_nc_cat=109&_nc_ohc=PgXAY9CqfioAX9RRebR&edm=ALB854YBAAAA&ccb=7-5&oh=00_AfBoTOu5E5YHt-n6YlpT6Hc6Y4NfjJAp19_p3tByzCIAPw&oe=653609E1&_nc_sid=ce9561""",false,"""46195311322""","""46195311322""",1,[],0,false,"""17841446299674413"""
false,"{""is_possible_scammer"": false, ""is_possible_impersonator"": {""is_unconnected_impersonator"": false, ""connected_similar_user_id"": null}, ""is_possible_impersonator_threads"": {""is_unconnected_impersonator"": false, ""connected_similar_user_id"": null}}","""Joanie Grenier""",true,"""drepointg""","""""","""""","""3006458688579060721_6146511810""","""6146511810""",false,"""https://scontent-yyz1-1.cdninstagram.com/v/t51.2885-19/323542985_545681340789375_5695734107478758585_n.jpg?stp=dst-jpg_s150x150&_nc_ht=scontent-yyz1-1.cdninstagram.com&_nc_cat=1&_nc_ohc=gs9HiDyf6sAAX_X6uFE&edm=ALB854YBAAAA&ccb=7-5&oh=00_AfDSVOlojNbjFpGlDoTzvOCMTHR7D0uTEHV_Ujh4GzIHRw&oe=65374811&_nc_sid=ce9561""",false,"""6146511810""","""6146511810""",0,[],0,false,"""17841406234318313"""
false,"{""is_possible_scammer"": false, ""is_possible_impersonator"": {""is_unconnected_impersonator"": false, ""connected_similar_user_id"": null}, ""is_possible_impersonator_threads"": {""is_unconnected_impersonator"": false, ""connected_similar_user_id"": null}}","""Veronique Leysen""",true,"""mauricetteveronique""","""""","""""","""2631986597241931557_18719466""","""18719466""",false,"""https://scontent-yyz1-1.cdninstagram.com/v/t51.2885-19/230532013_343803420556808_9130021039065107563_n.jpg?stp=dst-jpg_s150x150&_nc_ht=scontent-yyz1-1.cdninstagram.com&_nc_cat=108&_nc_ohc=xmojRSUINUIAX-WoKIx&edm=ALB854YBAAAA&ccb=7-5&oh=00_AfCzEHzVuvgI604dLbWHzP4Ry8-Cj0CHsHCp4Tq7cyRMFQ&oe=6536FB40&_nc_sid=ce9561""",false,"""18719466""","""18719466""",1,[],0,false,"""17841400943980292"""
false,"{""is_possible_scammer"": false, ""is_possible_impersonator"": {""is_unconnected_impersonator"": false, ""connected_similar_user_id"": null}, ""is_possible_impersonator_threads"": {""is_unconnected_impersonator"": false, ""connected_similar_user_id"": null}}","""Ariane St-Laurent""",false,"""ariane_sl""","""""","""""","""2773132589918953431_399409553""","""399409553""",false,"""https://scontent-yyz1-1.cdninstagram.com/v/t51.2885-19/273972524_701218394572894_947123950679274390_n.jpg?stp=dst-jpg_s150x150&_nc_ht=scontent-yyz1-1.cdninstagram.com&_nc_cat=110&_nc_ohc=uemKNWfvfu8AX_uxdGW&edm=ALB854YBAAAA&ccb=7-5&oh=00_AfA0S3KAMyBpL8bZrcVsdI77A0jRiioKzGXzW3aJi9Bx3w&oe=65373804&_nc_sid=ce9561""",false,"""399409553""","""399409553""",0,[],0,false,"""17841401486596240"""
false,"{""is_possible_scammer"": false, ""is_possible_impersonator"": {""is_unconnected_impersonator"": false, ""connected_similar_user_id"": null}, ""is_possible_impersonator_threads"": {""is_unconnected_impersonator"": false, ""connected_similar_user_id"": null}}","""Catherine Théberge""",false,"""quatrine_""","""""","""""","""2698803433202567793_273780278""","""273780278""",false,"""https://scontent-yyz1-1.cdninstagram.com/v/t51.2885-19/251245797_274912451076485_7406097054267760045_n.jpg?stp=dst-jpg_s150x150&_nc_ht=scontent-yyz1-1.cdninstagram.com&_nc_cat=105&_nc_ohc=-n1aVJ-brkoAX8qGMsh&edm=ALB854YBAAAA&ccb=7-5&oh=00_AfC449Um_TQmVUPqXvPjc7jXF1KhdRbHB5mJjbWCAJU4jg&oe=653697BC&_nc_sid=ce9561""",false,"""273780278""","""273780278""",0,[],0,false,"""17841401568344277"""
false,"{""is_possible_scammer"": false, ""is_possible_impersonator"": {""is_unconnected_impersonator"": false, ""connected_similar_user_id"": null}, ""is_possible_impersonator_threads"": {""is_unconnected_impersonator"": false, ""connected_similar_user_id"": null}}","""Victorine""",false,"""victorine_collette""","""""","""""","""2913011506410613306_47878946008""","""47878946008""",false,"""https://scontent-yyz1-1.cdninstagram.com/v/t51.2885-19/300920384_1040583173288722_4943623077411187020_n.jpg?stp=dst-jpg_s150x150&_nc_ht=scontent-yyz1-1.cdninstagram.com&_nc_cat=110&_nc_ohc=sZdSMi-4dlwAX-u_vdu&edm=ALB854YBAAAA&ccb=7-5&oh=00_AfDDmbGqjP8p61RwGxFDuFuAdN4Kla9jaQhQgk7bh23I3Q&oe=65361364&_nc_sid=ce9561""",false,"""47878946008""","""47878946008""",0,[],0,false,"""17841447820254868"""
false,"{""is_possible_scammer"": false, ""is_possible_impersonator"": {""is_unconnected_impersonator"": false, ""connected_similar_user_id"": null}, ""is_possible_impersonator_threads"": {""is_unconnected_impersonator"": false, ""connected_similar_user_id"": null}}","""✨Mimi Darling Beauty ✨""",false,"""mimidarlingbeauty""","""""","""""","""3081593909297240843_14797115328""","""14797115328""",false,"""https://scontent-yyz1-1.cdninstagram.com/v/t51.2885-19/330209239_802886904502677_7916494154538291558_n.jpg?stp=dst-jpg_s150x150&_nc_ht=scontent-yyz1-1.cdninstagram.com&_nc_cat=109&_nc_ohc=7R8jhx3Qo78AX8wF05v&edm=ALB854YBAAAA&ccb=7-5&oh=00_AfBWaTOUClmHgELZ5U4FVVl2mecNwji5YfzOSUoXWgNwOA&oe=6536684F&_nc_sid=ce9561""",false,"""14797115328""","""14797115328""",0,[],0,false,"""17841414739859639"""
false,"{""is_possible_scammer"": false, ""is_possible_impersonator"": {""is_unconnected_impersonator"": false, ""connected_similar_user_id"": null}, ""is_possible_impersonator_threads"": {""is_unconnected_impersonator"": false, ""connected_similar_user_id"": null}}","""Emie""",false,"""em_charpentier""","""""","""""","""3204852354259708411_524434822""","""524434822""",false,"""https://scontent-yyz1-1.cdninstagram.com/v/t51.2885-19/385364358_542941034691849_2980717870648524389_n.jpg?stp=dst-jpg_s150x150&_nc_ht=scontent-yyz1-1.cdninstagram.com&_nc_cat=109&_nc_ohc=VoO614mks00AX8altIk&edm=ALB854YBAAAA&ccb=7-5&oh=00_AfAam4MJlLneNlwZErP49xv1J8FmZETEDM5H0vaFpIk-5Q&oe=6537CF40&_nc_sid=ce9561""",false,"""524434822""","""524434822""",0,[],0,false,"""17841400564668194"""
false,"{""is_possible_scammer"": false, ""is_possible_impersonator"": {""is_unconnected_impersonator"": false, ""connected_similar_user_id"": null}, ""is_possible_impersonator_threads"": {""is_unconnected_impersonator"": false, ""connected_similar_user_id"": null}}","""Juliette Quirion""",false,"""jquirion""","""""","""""","""2602874950229235162_2104720238""","""2104720238""",false,"""https://scontent-yyz1-1.cdninstagram.com/v/t51.2885-19/205883569_548137436541605_7596875169870600051_n.jpg?stp=dst-jpg_s150x150&_nc_ht=scontent-yyz1-1.cdninstagram.com&_nc_cat=105&_nc_ohc=tP4n7M0tkN0AX8d0WPB&edm=ALB854YBAAAA&ccb=7-5&oh=00_AfAaSA_-fRQ1am76x7CPQm5ReS4onLGeeBn2A1xL5bXvEw&oe=6537EE57&_nc_sid=ce9561""",false,"""2104720238""","""2104720238""",0,[],0,false,"""17841401927163090"""
false,"{""is_possible_scammer"": false, ""is_possible_impersonator"": {""is_unconnected_impersonator"": false, ""connected_similar_user_id"": null}, ""is_possible_impersonator_threads"": {""is_unconnected_impersonator"": false, ""connected_similar_user_id"": null}}","""""",false,"""odeoffthewood""","""""","""""","""""","""231279957""",false,"""https://scontent-yyz1-1.cdninstagram.com/v/t51.2885-19/11849105_441111702727838_1464265945_a.jpg?_nc_ht=scontent-yyz1-1.cdninstagram.com&_nc_cat=102&_nc_ohc=vLO5kk9znlMAX9YepfU&edm=ALB854YBAAAA&ccb=7-5&oh=00_AfDWZG2VvF3Nh_j0nsGHbBqLXRubkN7koSc5fye44NGRqg&oe=65372732&_nc_sid=ce9561""",false,"""231279957""","""231279957""",0,[],0,false,"""17841401438713613"""
false,"{""is_possible_scammer"": false, ""is_possible_impersonator"": {""is_unconnected_impersonator"": false, ""connected_similar_user_id"": null}, ""is_possible_impersonator_threads"": {""is_unconnected_impersonator"": false, ""connected_similar_user_id"": null}}","""Malik Rerhaib""",false,"""malou_le_bg""","""""","""""","""2385173580723108162_1605744122""","""1605744122""",false,"""https://scontent-yyz1-1.cdninstagram.com/v/t51.2885-19/118614891_310967766845665_4476768796304032038_n.jpg?stp=dst-jpg_s150x150&_nc_ht=scontent-yyz1-1.cdninstagram.com&_nc_cat=101&_nc_ohc=Dsujvgt71-QAX8igriT&edm=ALB854YBAAAA&ccb=7-5&oh=00_AfCPzRu6dFI5gLIaPtetD3jr-rxp0cKPntep7zXLl3bmvw&oe=6536C12C&_nc_sid=ce9561""",false,"""1605744122""","""1605744122""",0,[],0,false,"""17841401443685089"""
false,"{""is_possible_scammer"": false, ""is_possible_impersonator"": {""is_unconnected_impersonator"": false, ""connected_similar_user_id"": null}, ""is_possible_impersonator_threads"": {""is_unconnected_impersonator"": false, ""connected_similar_user_id"": null}}","""Victoria""",false,"""victoria_fox0001""","""""","""""","""2018471602733002145_1551278418""","""1551278418""",false,"""https://scontent-yyz1-1.cdninstagram.com/v/t51.2885-19/55942425_410188032898353_3534815418126434304_n.jpg?stp=dst-jpg_s150x150&_nc_ht=scontent-yyz1-1.cdninstagram.com&_nc_cat=109&_nc_ohc=kuCOhbervX8AX8ETGdi&edm=ALB854YBAAAA&ccb=7-5&oh=00_AfDxjz0U0ort79IIHy0ZrUBVsa869ZDNitG8QItcbCmJ6Q&oe=653713E1&_nc_sid=ce9561""",false,"""1551278418""","""1551278418""",0,[],0,false,"""17841401392564238"""
false,"{""is_possible_scammer"": false, ""is_possible_impersonator"": {""is_unconnected_impersonator"": false, ""connected_similar_user_id"": null}, ""is_possible_impersonator_threads"": {""is_unconnected_impersonator"": false, ""connected_similar_user_id"": null}}","""Michaela Wissén Berglind""",true,"""michawissen""","""""","""""","""3193018967018053865_7056596""","""7056596""",false,"""https://scontent-yyz1-1.cdninstagram.com/v/t51.2885-19/378604204_1044675056528001_2757488127693548885_n.jpg?stp=dst-jpg_s150x150&_nc_ht=scontent-yyz1-1.cdninstagram.com&_nc_cat=109&_nc_ohc=Tg4Hkyb8BwsAX-RWAna&edm=ALB854YBAAAA&ccb=7-5&oh=00_AfBW2wmZQ4mOnIcL8JrFTmU1hLmyhJHJAncc8E-AIPJq2g&oe=6537C625&_nc_sid=ce9561""",false,"""7056596""","""7056596""",1,[],1697741794,false,"""17841400497880110"""
false,"{""is_possible_scammer"": false, ""is_possible_impersonator"": {""is_unconnected_impersonator"": false, ""connected_similar_user_id"": null}, ""is_possible_impersonator_threads"": {""is_unconnected_impersonator"": false, ""connected_similar_user_id"": null}}","""Positive & Motivational Quotes""",false,"""positivitylimitless""","""""","""""","""2053697647495150463_12647407939""","""12647407939""",false,"""https://scontent-yyz1-1.cdninstagram.com/v/t51.2885-19/60826907_427872031388450_7354198146466971648_n.jpg?stp=dst-jpg_s150x150&_nc_ht=scontent-yyz1-1.cdninstagram.com&_nc_cat=102&_nc_ohc=HhGv3kzCBHsAX-WRA_U&edm=ALB854YBAAAA&ccb=7-5&oh=00_AfBaY7_uBU8ASsZnRe7LEi3_tUvaTlv04mYt0YFmx8lNuw&oe=65372CD1&_nc_sid=ce9561""",false,"""12647407939""","""12647407939""",0,[],0,false,"""17841412718190925"""
false,"{""is_possible_scammer"": false, ""is_possible_impersonator"": {""is_unconnected_impersonator"": false, ""connected_similar_user_id"": null}, ""is_possible_impersonator_threads"": {""is_unconnected_impersonator"": false, ""connected_similar_user_id"": null}}","""Natalia Vodianova""",true,"""natasupernova""","""""","""""","""2103818188912369002_235258491""","""235258491""",false,"""https://scontent-yyz1-1.cdninstagram.com/v/t51.2885-19/67341958_501353373958573_4453139684402397184_n.jpg?stp=dst-jpg_s150x150&_nc_ht=scontent-yyz1-1.cdninstagram.com&_nc_cat=1&_nc_ohc=YucpkBxYJ1IAX8MwBDd&edm=ALB854YBAAAA&ccb=7-5&oh=00_AfDHkZUXp9psHWNYW_7Lydz0swIpb16P7snuNZWSvrQZMQ&oe=65371E1B&_nc_sid=ce9561""",false,"""235258491""","""235258491""",0,[],0,false,"""17841401754733675"""
false,"{""is_possible_scammer"": false, ""is_possible_impersonator"": {""is_unconnected_impersonator"": false, ""connected_similar_user_id"": null}, ""is_possible_impersonator_threads"": {""is_unconnected_impersonator"": false, ""connected_similar_user_id"": null}}","""Claudel 🦋✨""",false,"""costclo""","""""","""""","""3161664723485336661_5728270597""","""5728270597""",false,"""https://scontent-yyz1-1.cdninstagram.com/v/t51.2885-19/364938906_7094371763925478_4840101038782736697_n.jpg?stp=dst-jpg_s150x150&_nc_ht=scontent-yyz1-1.cdninstagram.com&_nc_cat=110&_nc_ohc=xlaSOKblzOUAX_tax0R&edm=ALB854YBAAAA&ccb=7-5&oh=00_AfD02Q7SN5ZdaouhVHZUgrD32dGhu3nqsy387_SZCrcfnw&oe=65363A2D&_nc_sid=ce9561""",false,"""5728270597""","""5728270597""",0,[],0,false,"""17841405717936033"""
false,"{""is_possible_scammer"": false, ""is_possible_impersonator"": {""is_unconnected_impersonator"": false, ""connected_similar_user_id"": null}, ""is_possible_impersonator_threads"": {""is_unconnected_impersonator"": false, ""connected_similar_user_id"": null}}","""Real Housewives""",false,"""realhousewivesfranchise""","""""","""""","""2926377483423849523_2976239755""","""2976239755""",false,"""https://scontent-yyz1-1.cdninstagram.com/v/t51.2885-19/306239793_983919533004108_100859789729795535_n.jpg?stp=dst-jpg_s150x150&_nc_ht=scontent-yyz1-1.cdninstagram.com&_nc_cat=100&_nc_ohc=QpTCkbqXd8IAX-P87Yc&edm=ALB854YBAAAA&ccb=7-5&oh=00_AfBGFxxVmFwcBg1NwAlHRK2SH2AAmlKcucpfnHMYd9qnGw&oe=6536876C&_nc_sid=ce9561""",false,"""2976239755""","""2976239755""",0,[],0,false,"""17841403112662029"""
false,"{""is_possible_scammer"": false, ""is_possible_impersonator"": {""is_unconnected_impersonator"": false, ""connected_similar_user_id"": null}, ""is_possible_impersonator_threads"": {""is_unconnected_impersonator"": false, ""connected_similar_user_id"": null}}","""Laurianne Albert""",false,"""lau_albert4""","""""","""""","""2952259718614655778_3997422497""","""3997422497""",false,"""https://scontent-yyz1-1.cdninstagram.com/v/t51.2885-19/311998608_1356098828531225_7344086865638476952_n.jpg?stp=dst-jpg_s150x150&_nc_ht=scontent-yyz1-1.cdninstagram.com&_nc_cat=105&_nc_ohc=ZHnCYhaiwycAX_kh-4a&edm=ALB854YBAAAA&ccb=7-5&oh=00_AfDNbZoIXCbn7JvaJlKxqbREQzn4xaHy7HJsjejGlfR0YA&oe=65367C1B&_nc_sid=ce9561""",false,"""3997422497""","""3997422497""",0,[],0,false,"""17841404034929677"""
false,"{""is_possible_scammer"": false, ""is_possible_impersonator"": {""is_unconnected_impersonator"": false, ""connected_similar_user_id"": null}, ""is_possible_impersonator_threads"": {""is_unconnected_impersonator"": false, ""connected_similar_user_id"": null}}","""""",false,"""koralieproteau""","""""","""""","""2913633678233507652_5745185861""","""5745185861""",false,"""https://scontent-yyz1-1.cdninstagram.com/v/t51.2885-19/301898780_202623682102653_31565946416694288_n.jpg?stp=dst-jpg_s150x150&_nc_ht=scontent-yyz1-1.cdninstagram.com&_nc_cat=109&_nc_ohc=8pD-YGANLl8AX8fofb1&edm=ALB854YBAAAA&ccb=7-5&oh=00_AfBCGQz8HJcAYqXIR9UbKz5MHIhXsND-Qpni_iKozCHdRQ&oe=653769D8&_nc_sid=ce9561""",false,"""5745185861""","""5745185861""",0,[],0,false,"""17841405575858148"""
false,"{""is_possible_scammer"": false, ""is_possible_impersonator"": {""is_unconnected_impersonator"": false, ""connected_similar_user_id"": null}, ""is_possible_impersonator_threads"": {""is_unconnected_impersonator"": false, ""connected_similar_user_id"": null}}","""AF""",false,"""ayafoudali""","""""","""""","""3014486001012406374_1652597771""","""1652597771""",false,"""https://scontent-yyz1-1.cdninstagram.com/v/t51.2885-19/325172978_154121067400018_995561500347079280_n.jpg?stp=dst-jpg_s150x150&_nc_ht=scontent-yyz1-1.cdninstagram.com&_nc_cat=110&_nc_ohc=S4kjMrVLJgcAX9yuwOc&edm=ALB854YBAAAA&ccb=7-5&oh=00_AfCrikkhg6LkguLpM3UZx9Ahj3f_NdGwUJQAesiejJeI1A&oe=65372E0C&_nc_sid=ce9561""",false,"""1652597771""","""1652597771""",0,[],0,false,"""17841401613155821"""
false,"{""is_possible_scammer"": false, ""is_possible_impersonator"": {""is_unconnected_impersonator"": false, ""connected_similar_user_id"": null}, ""is_possible_impersonator_threads"": {""is_unconnected_impersonator"": false, ""connected_similar_user_id"": null}}","""Le Manoir™""",false,"""lemanoir""","""""","""""","""2885095778500504236_29356798""","""29356798""",false,"""https://scontent-yyz1-1.cdninstagram.com/v/t51.2885-19/294196775_1220002118746926_968775160991392791_n.jpg?stp=dst-jpg_s150x150&_nc_ht=scontent-yyz1-1.cdninstagram.com&_nc_cat=106&_nc_ohc=U7bPsPm2HE4AX8C-v9Z&edm=ALB854YBAAAA&ccb=7-5&oh=00_AfCFfILGJu97fJFMU0V-WPRQRVRGRcJ0a15vpkr8h4myTA&oe=6536E01F&_nc_sid=ce9561""",false,"""29356798""","""29356798""",0,[],1697758813,false,"""17841401343940458"""
false,"{""is_possible_scammer"": false, ""is_possible_impersonator"": {""is_unconnected_impersonator"": false, ""connected_similar_user_id"": null}, ""is_possible_impersonator_threads"": {""is_unconnected_impersonator"": false, ""connected_similar_user_id"": null}}","""Gabheidi""",false,"""gabheidi001""","""""","""""","""2217710528326657291_6086817346""","""6086817346""",false,"""https://scontent-yyz1-1.cdninstagram.com/v/t51.2885-19/82329383_464399784245860_6706292528750002176_n.jpg?stp=dst-jpg_s150x150&_nc_ht=scontent-yyz1-1.cdninstagram.com&_nc_cat=104&_nc_ohc=iYDulRdDP2QAX_NN-us&edm=ALB854YBAAAA&ccb=7-5&oh=00_AfAoJ7IkQoThenRMkfuVDJ8lmgm55A5wRjUi9qfQiR96Hw&oe=65360E0B&_nc_sid=ce9561""",false,"""6086817346""","""6086817346""",0,[],0,false,"""17841406040390852"""
false,"{""is_possible_scammer"": false, ""is_possible_impersonator"": {""is_unconnected_impersonator"": false, ""connected_similar_user_id"": null}, ""is_possible_impersonator_threads"": {""is_unconnected_impersonator"": false, ""connected_similar_user_id"": null}}","""Luxury World Traveler""",false,"""luxuryworldtraveler""","""""","""""","""2810693236231546962_264885670""","""264885670""",false,"""https://scontent-yyz1-1.cdninstagram.com/v/t51.2885-19/277896681_156319866797565_8730657039698463547_n.jpg?stp=dst-jpg_s150x150&_nc_ht=scontent-yyz1-1.cdninstagram.com&_nc_cat=1&_nc_ohc=zeVxI8f0WdYAX-HCP82&edm=ALB854YBAAAA&ccb=7-5&oh=00_AfAj6XzuaqyqA27wvbw_vSEsRw8HlnUKPr5JLQnZqJCQXQ&oe=6537831A&_nc_sid=ce9561""",false,"""264885670""","""264885670""",1,[],1697759899,false,"""17841401610104138"""
false,"{""is_possible_scammer"": false, ""is_possible_impersonator"": {""is_unconnected_impersonator"": false, ""connected_similar_user_id"": null}, ""is_possible_impersonator_threads"": {""is_unconnected_impersonator"": false, ""connected_similar_user_id"": null}}","""Virgo Memes""",false,"""virgomemes_""","""""","""""","""1917720578518487432_9164254798""","""9164254798""",false,"""https://scontent-yyz1-1.cdninstagram.com/v/t51.2885-19/44570119_349821388900136_1270006079782125568_n.jpg?stp=dst-jpg_s150x150&_nc_ht=scontent-yyz1-1.cdninstagram.com&_nc_cat=108&_nc_ohc=oKH_uKJORY4AX-_SA1e&edm=ALB854YBAAAA&ccb=7-5&oh=00_AfCo7BPlOGsLbSjR2BEHjcUXAxysr_aJZrq-aqRyej2xtw&oe=65363E90&_nc_sid=ce9561""",false,"""9164254798""","""9164254798""",0,[],0,false,"""17841409323945531"""
false,"{""is_possible_scammer"": false, ""is_possible_impersonator"": {""is_unconnected_impersonator"": false, ""connected_similar_user_id"": null}, ""is_possible_impersonator_threads"": {""is_unconnected_impersonator"": false, ""connected_similar_user_id"": null}}","""R O S I E""",false,"""rosietheginger""","""""","""""","""3150464602100312427_349971595""","""349971595""",false,"""https://scontent-yyz1-1.cdninstagram.com/v/t51.2885-19/361397245_657660082903024_7550288305586431808_n.jpg?stp=dst-jpg_s150x150&_nc_ht=scontent-yyz1-1.cdninstagram.com&_nc_cat=104&_nc_ohc=2MDNVqMmStQAX_MYhfr&edm=ALB854YBAAAA&ccb=7-5&oh=00_AfCiaKJ3QgFZY_pBJSEWWuWPpc_kormP6jP4dTBbFBq9tQ&oe=6536D305&_nc_sid=ce9561""",false,"""349971595""","""349971595""",0,[],0,false,"""17841400587855468"""
false,"{""is_possible_scammer"": false, ""is_possible_impersonator"": {""is_unconnected_impersonator"": false, ""connected_similar_user_id"": null}, ""is_possible_impersonator_threads"": {""is_unconnected_impersonator"": false, ""connected_similar_user_id"": null}}","""Laura Malwina""",false,"""lauramalwina""","""""","""""","""2960780591078874281_1421606925""","""1421606925""",false,"""https://scontent-yyz1-1.cdninstagram.com/v/t51.2885-19/313813469_1166472524247473_2062953313006378133_n.jpg?stp=dst-jpg_s150x150&_nc_ht=scontent-yyz1-1.cdninstagram.com&_nc_cat=105&_nc_ohc=b0_GHRqyOnkAX8sIY9y&edm=ALB854YBAAAA&ccb=7-5&oh=00_AfBOG5Qe0J-htdMrEm3nYVEkSFm-qWLc8R0nqqUw4Chn7w&oe=65378081&_nc_sid=ce9561""",false,"""1421606925""","""1421606925""",1,[],0,false,"""17841401167772212"""
false,"{""is_possible_scammer"": false, ""is_possible_impersonator"": {""is_unconnected_impersonator"": false, ""connected_similar_user_id"": null}, ""is_possible_impersonator_threads"": {""is_unconnected_impersonator"": false, ""connected_similar_user_id"": null}}","""Myriam Leclerc""",false,"""myriam.leclerc""","""""","""""","""3148483028787576262_559013013""","""559013013""",false,"""https://scontent-yyz1-1.cdninstagram.com/v/t51.2885-19/361510364_983784559429188_7065713672879317322_n.jpg?stp=dst-jpg_s150x150&_nc_ht=scontent-yyz1-1.cdninstagram.com&_nc_cat=100&_nc_ohc=2nZpm2ieQbIAX9hC_HS&edm=ALB854YBAAAA&ccb=7-5&oh=00_AfDpSntRP1U6HUQGwGTa62YJasSlwqIJz0dQrel8k4mEwg&oe=653622E3&_nc_sid=ce9561""",false,"""559013013""","""559013013""",0,[],0,false,"""17841401110398734"""
false,"{""is_possible_scammer"": false, ""is_possible_impersonator"": {""is_unconnected_impersonator"": false, ""connected_similar_user_id"": null}, ""is_possible_impersonator_threads"": {""is_unconnected_impersonator"": false, ""connected_similar_user_id"": null}}","""🫧𝔊𝔏ℭ𝔄𝔗ℌ🫧""",false,"""___glcat___""","""""","""""","""3209106025789209135_3410820045""","""3410820045""",true,"""https://scontent-yyz1-1.cdninstagram.com/v/t51.2885-19/386890165_703156341708695_477789120430461463_n.jpg?stp=dst-jpg_s150x150&_nc_ht=scontent-yyz1-1.cdninstagram.com&_nc_cat=111&_nc_ohc=fqzhELGZJAUAX9DLeQm&edm=ALB854YBAAAA&ccb=7-5&oh=00_AfCIJIGJe7FOxsAzzgMluHlkahxNjLUgo3-RTPz-tScNqQ&oe=65365751&_nc_sid=ce9561""",false,"""3410820045""","""3410820045""",0,[],0,false,"""17841403481356352"""
false,"{""is_possible_scammer"": false, ""is_possible_impersonator"": {""is_unconnected_impersonator"": false, ""connected_similar_user_id"": null}, ""is_possible_impersonator_threads"": {""is_unconnected_impersonator"": false, ""connected_similar_user_id"": null}}","""Maude💮""",false,"""xm.co_""","""""","""""","""2538965565677895671_1597340979""","""1597340979""",true,"""https://scontent-yyz1-1.cdninstagram.com/v/t51.2885-19/165354278_1163431490770246_2884318293738428343_n.jpg?stp=dst-jpg_s150x150&_nc_ht=scontent-yyz1-1.cdninstagram.com&_nc_cat=110&_nc_ohc=lwU_k9edYMEAX-XotdH&edm=ALB854YBAAAA&ccb=7-5&oh=00_AfCkwdIk6jg8uBibsz-Es5TE4P6bWY_w9WfxrpV4Qomddw&oe=65361873&_nc_sid=ce9561""",false,"""1597340979""","""1597340979""",0,[],0,false,"""17841400869394958"""
false,"{""is_possible_scammer"": false, ""is_possible_impersonator"": {""is_unconnected_impersonator"": false, ""connected_similar_user_id"": null}, ""is_possible_impersonator_threads"": {""is_unconnected_impersonator"": false, ""connected_similar_user_id"": null}}","""Claudia Vélez""",false,"""claudia.velez.9041""","""""","""""","""2933254329262394755_44694033977""","""44694033977""",true,"""https://scontent-yyz1-1.cdninstagram.com/v/t51.2885-19/308209508_1323033208434939_3961986812421089450_n.jpg?stp=dst-jpg_s150x150&_nc_ht=scontent-yyz1-1.cdninstagram.com&_nc_cat=103&_nc_ohc=aFPCjMSvf6MAX9TPmOP&edm=ALB854YBAAAA&ccb=7-5&oh=00_AfAYnIptvZljFHuL57e-TmmzfWoSTsKmJvs-eRcgXELgWg&oe=6536032E&_nc_sid=ce9561""",false,"""44694033977""","""44694033977""",0,[],0,false,"""17841444699316754"""
false,"{""is_possible_scammer"": false, ""is_possible_impersonator"": {""is_unconnected_impersonator"": false, ""connected_similar_user_id"": null}, ""is_possible_impersonator_threads"": {""is_unconnected_impersonator"": false, ""connected_similar_user_id"": null}}","""Funmi""",false,"""funmiford""","""""","""""","""3139138326036440068_54425613""","""54425613""",false,"""https://scontent-yyz1-1.cdninstagram.com/v/t51.2885-19/357646491_284071507436309_1414396185179502943_n.jpg?stp=dst-jpg_s150x150&_nc_ht=scontent-yyz1-1.cdninstagram.com&_nc_cat=105&_nc_ohc=qF8g3PHuWmIAX-ZwhL-&edm=ALB854YBAAAA&ccb=7-5&oh=00_AfDvz-kCW7e58dNU1l9DJ_ErVEz-0PppDMdH1LNRCQfSHw&oe=6537E846&_nc_sid=ce9561""",false,"""54425613""","""54425613""",1,[],1697755739,false,"""17841400768390850"""
false,"{""is_possible_scammer"": false, ""is_possible_impersonator"": {""is_unconnected_impersonator"": false, ""connected_similar_user_id"": null}, ""is_possible_impersonator_threads"": {""is_unconnected_impersonator"": false, ""connected_similar_user_id"": null}}","""Mazaya Khoumsi""",false,"""mazayakhoumsi""","""""","""""","""3192801781695963492_5848083663""","""5848083663""",true,"""https://scontent-yyz1-1.cdninstagram.com/v/t51.2885-19/378767790_1505839300234225_2056862906650066772_n.jpg?stp=dst-jpg_s150x150&_nc_ht=scontent-yyz1-1.cdninstagram.com&_nc_cat=101&_nc_ohc=QcObgpUyDp4AX88IV5y&edm=ALB854YBAAAA&ccb=7-5&oh=00_AfB2-F-pyiU0XlIO0P535G8XQ6AiFtueTtk3ItCSFQvfig&oe=653733AD&_nc_sid=ce9561""",false,"""5848083663""","""5848083663""",0,[],0,false,"""17841405869901010"""
false,"{""is_possible_scammer"": false, ""is_possible_impersonator"": {""is_unconnected_impersonator"": false, ""connected_similar_user_id"": null}, ""is_possible_impersonator_threads"": {""is_unconnected_impersonator"": false, ""connected_similar_user_id"": null}}","""Kelsey Floyd""",false,"""kelsrfloyd""","""""","""""","""3106191471828738141_5651147""","""5651147""",false,"""https://scontent-yyz1-1.cdninstagram.com/v/t51.2885-19/347321606_261242626418966_1574131108744980492_n.jpg?stp=dst-jpg_s150x150&_nc_ht=scontent-yyz1-1.cdninstagram.com&_nc_cat=1&_nc_ohc=w16tBHNasesAX8NHOX0&edm=ALB854YBAAAA&ccb=7-5&oh=00_AfBLcwwp8WAo94VaOgXo-PJ495xBa0vy-AI1BFd1W_mSIA&oe=65369FBF&_nc_sid=ce9561""",false,"""5651147""","""5651147""",1,[],1697730142,false,"""17841400574410088"""
false,"{""is_possible_scammer"": false, ""is_possible_impersonator"": {""is_unconnected_impersonator"": false, ""connected_similar_user_id"": null}, ""is_possible_impersonator_threads"": {""is_unconnected_impersonator"": false, ""connected_similar_user_id"": null}}","""Lili-Anne Lefebvre""",false,"""liliannelefebvre""","""""","""""","""3202502596450930577_12848889674""","""12848889674""",true,"""https://scontent-yyz1-1.cdninstagram.com/v/t51.2885-19/384161498_213196164924811_7774752118971395735_n.jpg?stp=dst-jpg_s150x150&_nc_ht=scontent-yyz1-1.cdninstagram.com&_nc_cat=107&_nc_ohc=ocbcUmuxgxwAX_S6LJ8&edm=ALB854YBAAAA&ccb=7-5&oh=00_AfAOqCMeCtg0tglV1zdOo8ASUVe9dcIIfs1KxahC0NP9pA&oe=6537C617&_nc_sid=ce9561""",false,"""12848889674""","""12848889674""",0,[],0,false,"""17841412770236111"""
false,"{""is_possible_scammer"": false, ""is_possible_impersonator"": {""is_unconnected_impersonator"": false, ""connected_similar_user_id"": null}, ""is_possible_impersonator_threads"": {""is_unconnected_impersonator"": false, ""connected_similar_user_id"": null}}","""Léa Ugland""",false,"""leaugland""","""""","""""","""3048628511980487573_385726067""","""385726067""",true,"""https://scontent-yyz1-1.cdninstagram.com/v/t51.2885-19/333916437_1237287760521160_7715484636386011501_n.jpg?stp=dst-jpg_s150x150&_nc_ht=scontent-yyz1-1.cdninstagram.com&_nc_cat=104&_nc_ohc=Ed6yBgWLrewAX9n6LSK&edm=ALB854YBAAAA&ccb=7-5&oh=00_AfCC06XZ-QjjrV0dOaFerxqdJYyTpLa7eIkCQFDXJXjFEA&oe=6536FBEB&_nc_sid=ce9561""",false,"""385726067""","""385726067""",0,[],0,false,"""17841401862016026"""
false,"{""is_possible_scammer"": false, ""is_possible_impersonator"": {""is_unconnected_impersonator"": false, ""connected_similar_user_id"": null}, ""is_possible_impersonator_threads"": {""is_unconnected_impersonator"": false, ""connected_similar_user_id"": null}}","""𝚟𝚘𝚐𝚑𝚞𝚎𝚗""",false,"""voghuen""","""""","""""","""2827935157314387428_1685947270""","""1685947270""",false,"""https://scontent-yyz1-1.cdninstagram.com/v/t51.2885-19/279451162_336233705165375_4180620475277070307_n.jpg?stp=dst-jpg_s150x150&_nc_ht=scontent-yyz1-1.cdninstagram.com&_nc_cat=111&_nc_ohc=DCnh1o0oTNwAX_xvZR6&edm=ALB854YBAAAA&ccb=7-5&oh=00_AfAZXEQqZJUk1LrsAFbyB53QZxeG50C15mZpyYd3ATlcjQ&oe=6536624C&_nc_sid=ce9561""",false,"""1685947270""","""1685947270""",0,[],0,false,"""17841401778126342"""
false,"{""is_possible_scammer"": false, ""is_possible_impersonator"": {""is_unconnected_impersonator"": false, ""connected_similar_user_id"": null}, ""is_possible_impersonator_threads"": {""is_unconnected_impersonator"": false, ""connected_similar_user_id"": null}}","""Amy Le""",false,"""amyle.nails""","""""","""""","""2918885978170642662_3628390163""","""3628390163""",false,"""https://scontent-yyz1-1.cdninstagram.com/v/t51.2885-19/304796088_5957773457569247_8413180931299706091_n.jpg?stp=dst-jpg_s150x150&_nc_ht=scontent-yyz1-1.cdninstagram.com&_nc_cat=111&_nc_ohc=--tyYwfRoGYAX8kfSA1&edm=ALB854YBAAAA&ccb=7-5&oh=00_AfDchWdUcbl7axclis7RHCEGUCivMYZvSF14QxZXsnViWg&oe=6536FC1E&_nc_sid=ce9561""",false,"""3628390163""","""3628390163""",1,[],0,false,"""17841403784893548"""
false,"{""is_possible_scammer"": false, ""is_possible_impersonator"": {""is_unconnected_impersonator"": false, ""connected_similar_user_id"": null}, ""is_possible_impersonator_threads"": {""is_unconnected_impersonator"": false, ""connected_similar_user_id"": null}}","""""",false,"""adnela_k""","""""","""""","""3214381913116031192_1149333711""","""1149333711""",true,"""https://scontent-yyz1-1.cdninstagram.com/v/t51.2885-19/358341691_1071192243805934_5404582335297044797_n.jpg?stp=dst-jpg_s150x150&_nc_ht=scontent-yyz1-1.cdninstagram.com&_nc_cat=102&_nc_ohc=U5aVgEPbnKoAX89BY4d&edm=ALB854YBAAAA&ccb=7-5&oh=00_AfDcVyPBfNk9c1VTltDTXN3vEgDJ_HBv4jOSTrZazW0vZQ&oe=65360E8E&_nc_sid=ce9561""",false,"""1149333711""","""1149333711""",0,[],0,false,"""17841400651347958"""
false,"{""is_possible_scammer"": false, ""is_possible_impersonator"": {""is_unconnected_impersonator"": false, ""connected_similar_user_id"": null}, ""is_possible_impersonator_threads"": {""is_unconnected_impersonator"": false, ""connected_similar_user_id"": null}}","""𝐇𝐢𝐠𝐡 𝐅𝐚𝐬𝐡𝐢𝐨𝐧 𝐏𝐨𝐬𝐭""",false,"""glamourgoal""","""""","""""","""2041948375176510626_4094914364""","""4094914364""",false,"""https://scontent-yyz1-1.cdninstagram.com/v/t51.2885-19/60070831_842215559487529_7705387361584021504_n.jpg?stp=dst-jpg_s150x150&_nc_ht=scontent-yyz1-1.cdninstagram.com&_nc_cat=101&_nc_ohc=9UKp5f79BfgAX8wo7nf&edm=ALB854YBAAAA&ccb=7-5&oh=00_AfAPk58EvTSEfxgjqb56H1ORvCXn0glNweiLLJcpzOtdow&oe=65363208&_nc_sid=ce9561""",false,"""4094914364""","""4094914364""",0,[],0,false,"""17841404150921864"""
false,"{""is_possible_scammer"": false, ""is_possible_impersonator"": {""is_unconnected_impersonator"": false, ""connected_similar_user_id"": null}, ""is_possible_impersonator_threads"": {""is_unconnected_impersonator"": false, ""connected_similar_user_id"": null}}","""MEGAN MOEAI ☾""",true,"""moeai.art""","""""","""""","""3217327630671747134_16020900017""","""16020900017""",false,"""https://scontent-yyz1-1.cdninstagram.com/v/t51.2885-19/393207398_286940497498901_7807485481528644520_n.jpg?stp=dst-jpg_s150x150&_nc_ht=scontent-yyz1-1.cdninstagram.com&_nc_cat=1&_nc_ohc=Qe-8TpDexwUAX8UxoZM&edm=ALB854YBAAAA&ccb=7-5&oh=00_AfCwEnXhvCzwateK3iQJi0do797H6wEcGYmLZ-bwkRQAlA&oe=65360D61&_nc_sid=ce9561""",false,"""16020900017""","""16020900017""",1,[],1697754082,false,"""17841415960532612"""
false,"{""is_possible_scammer"": false, ""is_possible_impersonator"": {""is_unconnected_impersonator"": false, ""connected_similar_user_id"": null}, ""is_possible_impersonator_threads"": {""is_unconnected_impersonator"": false, ""connected_similar_user_id"": null}}","""Annabelle""",false,"""annabelle_chenevert""","""""","""""","""3072755042822435161_1445107213""","""1445107213""",false,"""https://scontent-yyz1-1.cdninstagram.com/v/t51.2885-19/339142251_1004878423826699_7960667309111757501_n.jpg?stp=dst-jpg_s150x150&_nc_ht=scontent-yyz1-1.cdninstagram.com&_nc_cat=111&_nc_ohc=TY3H1teqyMkAX9WhQkT&edm=ALB854YBAAAA&ccb=7-5&oh=00_AfCJbguKoD-GgCcDpnoWoNySFoo-gJtGgd0QRW5m8Jx_IQ&oe=653662F5&_nc_sid=ce9561""",false,"""1445107213""","""1445107213""",0,[],0,false,"""17841401536412579"""
false,"{""is_possible_scammer"": false, ""is_possible_impersonator"": {""is_unconnected_impersonator"": false, ""connected_similar_user_id"": null}, ""is_possible_impersonator_threads"": {""is_unconnected_impersonator"": false, ""connected_similar_user_id"": null}}","""Réda Rifki""",false,"""reda__rifki""","""""","""""","""2897893423283048538_5360957211""","""5360957211""",true,"""https://scontent-yyz1-1.cdninstagram.com/v/t51.2885-19/297348859_434818698694650_699852002499471145_n.jpg?stp=dst-jpg_s150x150&_nc_ht=scontent-yyz1-1.cdninstagram.com&_nc_cat=106&_nc_ohc=gYtSiusEdXAAX-mLkhO&edm=ALB854YBAAAA&ccb=7-5&oh=00_AfCC5S9gCyCOAa8Ta3LAraNziAx5Tm1R6L34L0QY2fA0ag&oe=6536CB3D&_nc_sid=ce9561""",false,"""5360957211""","""5360957211""",0,[],0,false,"""17841405436340119"""
false,"{""is_possible_scammer"": false, ""is_possible_impersonator"": {""is_unconnected_impersonator"": false, ""connected_similar_user_id"": null}, ""is_possible_impersonator_threads"": {""is_unconnected_impersonator"": false, ""connected_similar_user_id"": null}}","""Anne-Claire Hénault-b""",false,"""theanneninja""","""""","""""","""3193177189419815183_22297083""","""22297083""",false,"""https://scontent-yyz1-1.cdninstagram.com/v/t51.2885-19/378522980_848203986579273_3133642745639945043_n.jpg?stp=dst-jpg_s150x150&_nc_ht=scontent-yyz1-1.cdninstagram.com&_nc_cat=109&_nc_ohc=DrjaSLKSj0YAX_MLdAk&edm=ALB854YBAAAA&ccb=7-5&oh=00_AfCYWqjMtaHN7RRIpODz3haz0dLFNbr10hx7CFH7auWtZw&oe=6536BE5C&_nc_sid=ce9561""",false,"""22297083""","""22297083""",0,[],0,false,"""17841400752490348"""
false,"{""is_possible_scammer"": false, ""is_possible_impersonator"": {""is_unconnected_impersonator"": false, ""connected_similar_user_id"": null}, ""is_possible_impersonator_threads"": {""is_unconnected_impersonator"": false, ""connected_similar_user_id"": null}}","""Alida Morberg""",false,"""alida.morberg""","""""","""""","""2520466874347962468_146160429""","""146160429""",false,"""https://scontent-yyz1-1.cdninstagram.com/v/t51.2885-19/154942669_134293135248657_4948131395470534727_n.jpg?stp=dst-jpg_s150x150&_nc_ht=scontent-yyz1-1.cdninstagram.com&_nc_cat=109&_nc_ohc=zPuLAGWFsegAX9rBAvb&edm=ALB854YBAAAA&ccb=7-5&oh=00_AfBn7rC58GgGWchXHSNajFN3GHKB_Zi25CktsaVmCQrIYQ&oe=65362BC0&_nc_sid=ce9561""",false,"""146160429""","""146160429""",0,[],0,false,"""17841401452872283"""
false,"{""is_possible_scammer"": false, ""is_possible_impersonator"": {""is_unconnected_impersonator"": false, ""connected_similar_user_id"": null}, ""is_possible_impersonator_threads"": {""is_unconnected_impersonator"": false, ""connected_similar_user_id"": null}}","""Strength Marks®️""",false,"""strengthmarks""","""""","""""","""2116541796808105113_8672066408""","""8672066408""",false,"""https://scontent-yyz1-1.cdninstagram.com/v/t51.2885-19/69236707_381675842759155_3699078014319984640_n.jpg?stp=dst-jpg_s150x150&_nc_ht=scontent-yyz1-1.cdninstagram.com&_nc_cat=107&_nc_ohc=yR5aXbi4yoYAX-i2XlT&edm=ALB854YBAAAA&ccb=7-5&oh=00_AfAQ97TjOLCv2f9s-s2nv_3-ZmbSGYcNaDe3jqYBKgGV8Q&oe=653603AA&_nc_sid=ce9561""",false,"""8672066408""","""8672066408""",0,[],0,false,"""17841408712244008"""
false,"{""is_possible_scammer"": false, ""is_possible_impersonator"": {""is_unconnected_impersonator"": false, ""connected_similar_user_id"": null}, ""is_possible_impersonator_threads"": {""is_unconnected_impersonator"": false, ""connected_similar_user_id"": null}}","""Lee mae""",false,"""the_life.of_lee""","""""","""""","""2976125316670173839_53490141894""","""53490141894""",true,"""https://scontent-yyz1-1.cdninstagram.com/v/t51.2885-19/316632683_221574440303180_5760494285202335623_n.jpg?stp=dst-jpg_s150x150&_nc_ht=scontent-yyz1-1.cdninstagram.com&_nc_cat=108&_nc_ohc=94Hc7CgvJVgAX_IgeTu&edm=ALB854YBAAAA&ccb=7-5&oh=00_AfDwjYkRA6ah5f3s8pmhuOkMNszFahx2C2Zr8ZWmt68Ziw&oe=6536EF73&_nc_sid=ce9561""",false,"""53490141894""","""53490141894""",0,[],0,false,"""17841453456846267"""
false,"{""is_possible_scammer"": false, ""is_possible_impersonator"": {""is_unconnected_impersonator"": false, ""connected_similar_user_id"": null}, ""is_possible_impersonator_threads"": {""is_unconnected_impersonator"": false, ""connected_similar_user_id"": null}}","""Hallie Dixon""",false,"""getstuckpiercing""","""""","""""","""2917281981764667477_7507129803""","""7507129803""",false,"""https://scontent-yyz1-1.cdninstagram.com/v/t51.2885-19/302455677_112795028110626_5792596820746496078_n.jpg?stp=dst-jpg_s150x150&_nc_ht=scontent-yyz1-1.cdninstagram.com&_nc_cat=106&_nc_ohc=eXxJeO8sqzoAX-ddnaz&edm=ALB854YBAAAA&ccb=7-5&oh=00_AfByOU0_ISWTNQDimutH_FnzuIppGg9RP5B8raTz1c6e0Q&oe=65367079&_nc_sid=ce9561""",false,"""7507129803""","""7507129803""",0,[],0,false,"""17841407494098391"""
false,"{""is_possible_scammer"": false, ""is_possible_impersonator"": {""is_unconnected_impersonator"": false, ""connected_similar_user_id"": null}, ""is_possible_impersonator_threads"": {""is_unconnected_impersonator"": false, ""connected_similar_user_id"": null}}","""Amanda Beaudoin""",false,"""amabeau22""","""""","""""","""3154162770638673606_3572046396""","""3572046396""",false,"""https://scontent-yyz1-1.cdninstagram.com/v/t51.2885-19/362858043_298400059234545_5777397958187878664_n.jpg?stp=dst-jpg_s150x150&_nc_ht=scontent-yyz1-1.cdninstagram.com&_nc_cat=109&_nc_ohc=h_kv6qKBH1QAX_xtrJi&edm=ALB854YBAAAA&ccb=7-5&oh=00_AfAWa-23yka3u2x6_wusxLdqj_YYOsRfW2bmQE1OBNgQVQ&oe=653746ED&_nc_sid=ce9561""",false,"""3572046396""","""3572046396""",0,[],0,false,"""17841403551906505"""
false,"{""is_possible_scammer"": false, ""is_possible_impersonator"": {""is_unconnected_impersonator"": false, ""connected_similar_user_id"": null}, ""is_possible_impersonator_threads"": {""is_unconnected_impersonator"": false, ""connected_similar_user_id"": null}}","""Gabriela Orrego-Alas""",false,"""orrego.gabriela""","""""","""""","""3102716271737434536_1136821019""","""1136821019""",true,"""https://scontent-yyz1-1.cdninstagram.com/v/t51.2885-19/346680080_1660457811066032_3050853852986903351_n.jpg?stp=dst-jpg_s150x150&_nc_ht=scontent-yyz1-1.cdninstagram.com&_nc_cat=108&_nc_ohc=PxYGep75GiIAX9Bzc3J&edm=ALB854YBAAAA&ccb=7-5&oh=00_AfCkj31P6MGCriQQAZwNnWSFj3PRrqJQNAj06HXm7dQR9A&oe=6537C8FB&_nc_sid=ce9561""",false,"""1136821019""","""1136821019""",0,[],0,false,"""17841401590587762"""
false,"{""is_possible_scammer"": false, ""is_possible_impersonator"": {""is_unconnected_impersonator"": false, ""connected_similar_user_id"": null}, ""is_possible_impersonator_threads"": {""is_unconnected_impersonator"": false, ""connected_similar_user_id"": null}}","""Variety""",true,"""variety""","""""","""""","""1835847150292773810_480806400""","""480806400""",false,"""https://scontent-yyz1-1.cdninstagram.com/v/t51.2885-19/38194780_209520003049354_1176408868272472064_n.jpg?stp=dst-jpg_s150x150&_nc_ht=scontent-yyz1-1.cdninstagram.com&_nc_cat=1&_nc_ohc=8wyiPnmI6A0AX90I5Lp&edm=ALB854YBAAAA&ccb=7-5&oh=00_AfBO16Rw6wl8n95PQC-4t1r3bP1wx_1_Y_4Or4I2z-caIQ&oe=6537924C&_nc_sid=ce9561""",false,"""480806400""","""480806400""",1,[],0,false,"""17841401152007512"""
false,"{""is_possible_scammer"": false, ""is_possible_impersonator"": {""is_unconnected_impersonator"": false, ""connected_similar_user_id"": null}, ""is_possible_impersonator_threads"": {""is_unconnected_impersonator"": false, ""connected_similar_user_id"": null}}","""Јово Марић""",false,"""jocko_maric""","""""","""""","""2509935754902543730_45953441055""","""45953441055""",false,"""https://scontent-yyz1-1.cdninstagram.com/v/t51.2885-19/150468603_246134563764015_9016543555761758962_n.jpg?stp=dst-jpg_s150x150&_nc_ht=scontent-yyz1-1.cdninstagram.com&_nc_cat=103&_nc_ohc=kRELLKNYLVUAX_xJNzb&edm=ALB854YBAAAA&ccb=7-5&oh=00_AfCvuLyU8sPqLMnEcEw_B3GpdFJWNTt7qqdiHrTqHv-dpQ&oe=6537080F&_nc_sid=ce9561""",false,"""45953441055""","""45953441055""",0,[],0,false,"""17841445871664180"""
false,"{""is_possible_scammer"": false, ""is_possible_impersonator"": {""is_unconnected_impersonator"": false, ""connected_similar_user_id"": null}, ""is_possible_impersonator_threads"": {""is_unconnected_impersonator"": false, ""connected_similar_user_id"": null}}","""BLxCK⚡️""",false,"""krvs_""","""""","""""","""3081102511541705083_923881279""","""923881279""",false,"""https://scontent-yyz1-1.cdninstagram.com/v/t51.2885-19/330276877_1214620845827401_3962009527173430395_n.jpg?stp=dst-jpg_s150x150&_nc_ht=scontent-yyz1-1.cdninstagram.com&_nc_cat=101&_nc_ohc=FzJYAT5aVDkAX-rLr6o&edm=ALB854YBAAAA&ccb=7-5&oh=00_AfCH9n5LktJaeHdzneIm0havfZjWAYAdSWhlrt66hfPkFQ&oe=6536B022&_nc_sid=ce9561""",false,"""923881279""","""923881279""",0,[],1697770318,false,"""17841401238384435"""
false,"{""is_possible_scammer"": false, ""is_possible_impersonator"": {""is_unconnected_impersonator"": false, ""connected_similar_user_id"": null}, ""is_possible_impersonator_threads"": {""is_unconnected_impersonator"": false, ""connected_similar_user_id"": null}}","""Zo😎""",false,"""zoeemoreau""","""""","""""","""2989560431208091124_546630755""","""546630755""",false,"""https://scontent-yyz1-1.cdninstagram.com/v/t51.2885-19/318771651_826129595321609_1513228564098741453_n.jpg?stp=dst-jpg_s150x150&_nc_ht=scontent-yyz1-1.cdninstagram.com&_nc_cat=105&_nc_ohc=h_ZpwNEWW6kAX8IV6i8&edm=ALB854YBAAAA&ccb=7-5&oh=00_AfA_fox1gS49x5bZTOt6VUi3XUtu3v80rRDLEM0C9OPt1A&oe=6537C26A&_nc_sid=ce9561""",false,"""546630755""","""546630755""",0,[],0,false,"""17841400202658541"""
false,"{""is_possible_scammer"": false, ""is_possible_impersonator"": {""is_unconnected_impersonator"": false, ""connected_similar_user_id"": null}, ""is_possible_impersonator_threads"": {""is_unconnected_impersonator"": false, ""connected_similar_user_id"": null}}","""sammy""",false,"""smuelgriffin""","""""","""""","""3056482790505457847_275684236""","""275684236""",false,"""https://scontent-yyz1-1.cdninstagram.com/v/t51.2885-19/334794840_605397251042814_5215118495868546406_n.jpg?stp=dst-jpg_s150x150&_nc_ht=scontent-yyz1-1.cdninstagram.com&_nc_cat=106&_nc_ohc=Rf7zIeeElQAAX82fSf6&edm=ALB854YBAAAA&ccb=7-5&oh=00_AfAWg1tHvI9Ch7csC0P99ALDOedmbQINVLmrzAqC2r8bIg&oe=65377774&_nc_sid=ce9561""",false,"""275684236""","""275684236""",0,[],0,false,"""17841401087084307"""
false,"{""is_possible_scammer"": false, ""is_possible_impersonator"": {""is_unconnected_impersonator"": false, ""connected_similar_user_id"": null}, ""is_possible_impersonator_threads"": {""is_unconnected_impersonator"": false, ""connected_similar_user_id"": null}}","""n’andërr""",false,"""thevalleyofnymphs""","""""","""""","""2278473201976903995_31803574668""","""31803574668""",false,"""https://scontent-yyz1-1.cdninstagram.com/v/t51.2885-19/91597907_894517071010621_6755422891577180160_n.jpg?stp=dst-jpg_s150x150&_nc_ht=scontent-yyz1-1.cdninstagram.com&_nc_cat=101&_nc_ohc=NFiCAAeYTngAX8ApMYo&edm=ALB854YBAAAA&ccb=7-5&oh=00_AfAsxd2LgXIOkXS8sx6abloMM7b01UMLgwI2R1a9Zedlug&oe=6536E7E2&_nc_sid=ce9561""",false,"""31803574668""","""31803574668""",0,[],0,false,"""17841431880055446"""
false,"{""is_possible_scammer"": false, ""is_possible_impersonator"": {""is_unconnected_impersonator"": false, ""connected_similar_user_id"": null}, ""is_possible_impersonator_threads"": {""is_unconnected_impersonator"": false, ""connected_similar_user_id"": null}}","""DÉCOR BERBÈRE ✨""",false,"""decorberbere""","""""","""""","""2212773719028691088_8616687953""","""8616687953""",false,"""https://scontent-yyz1-1.cdninstagram.com/v/t51.2885-19/79030406_2426992917617173_4861146721230520320_n.jpg?stp=dst-jpg_s150x150&_nc_ht=scontent-yyz1-1.cdninstagram.com&_nc_cat=101&_nc_ohc=H6AzjoiD_ZEAX-xxKEW&edm=ALB854YBAAAA&ccb=7-5&oh=00_AfD7ZMduc4h4vviM3dv6zHMR1MuKMbPwIPhegjiLqzUwIQ&oe=65366778&_nc_sid=ce9561""",false,"""8616687953""","""8616687953""",0,[],0,false,"""17841408638617085"""
false,"{""is_possible_scammer"": false, ""is_possible_impersonator"": {""is_unconnected_impersonator"": false, ""connected_similar_user_id"": null}, ""is_possible_impersonator_threads"": {""is_unconnected_impersonator"": false, ""connected_similar_user_id"": null}}","""Sam 🍀""",false,"""the_howarth""","""""","""""","""3194028523960666695_2083223704""","""2083223704""",false,"""https://scontent-yyz1-1.cdninstagram.com/v/t51.2885-19/379466611_690707242966139_8452767637930487089_n.jpg?stp=dst-jpg_s150x150&_nc_ht=scontent-yyz1-1.cdninstagram.com&_nc_cat=111&_nc_ohc=IHuF6toSpDAAX_qd5AW&edm=ALB854YBAAAA&ccb=7-5&oh=00_AfAW9gwiI6NlYN3V86SHUxppb7OUgWqVGJrTaUlzU8QxQQ&oe=6537E3C7&_nc_sid=ce9561""",false,"""2083223704""","""2083223704""",0,[],0,false,"""17841402151140402"""
false,"{""is_possible_scammer"": false, ""is_possible_impersonator"": {""is_unconnected_impersonator"": false, ""connected_similar_user_id"": null}, ""is_possible_impersonator_threads"": {""is_unconnected_impersonator"": false, ""connected_similar_user_id"": null}}","""Osama AlQurashi""",true,"""samqurashi""","""""","""""","""2241027285228568045_5452296079""","""5452296079""",false,"""https://scontent-yyz1-1.cdninstagram.com/v/t51.2885-19/83424336_189757275418998_8617939711505203200_n.jpg?stp=dst-jpg_s150x150&_nc_ht=scontent-yyz1-1.cdninstagram.com&_nc_cat=106&_nc_ohc=I42azhYtiy8AX994voE&edm=ALB854YBAAAA&ccb=7-5&oh=00_AfDfohIbzE27ApDn2VDosCB_kZ6lOtj37r6D0b4bpz1AIw&oe=6537B658&_nc_sid=ce9561""",false,"""5452296079""","""5452296079""",0,[],0,false,"""17841405282391537"""
false,"{""is_possible_scammer"": false, ""is_possible_impersonator"": {""is_unconnected_impersonator"": false, ""connected_similar_user_id"": null}, ""is_possible_impersonator_threads"": {""is_unconnected_impersonator"": false, ""connected_similar_user_id"": null}}","""Cinema Magic""",false,"""cinema.magic""","""""","""""","""""","""1680487310""",false,"""https://scontent-yyz1-1.cdninstagram.com/v/t51.2885-19/12555881_582267995263101_871655601_a.jpg?stp=dst-jpg_s150x150&_nc_ht=scontent-yyz1-1.cdninstagram.com&_nc_cat=1&_nc_ohc=uszKuO6fKPsAX-QGAHt&edm=ALB854YBAAAA&ccb=7-5&oh=00_AfA9j4ec00Ep0pvbbE6Vtn3ouDL9F-hORcbPo6uPNPqjGw&oe=6536B3C3&_nc_sid=ce9561""",false,"""1680487310""","""1680487310""",0,[],0,false,"""17841401179326257"""
false,"{""is_possible_scammer"": false, ""is_possible_impersonator"": {""is_unconnected_impersonator"": false, ""connected_similar_user_id"": null}, ""is_possible_impersonator_threads"": {""is_unconnected_impersonator"": false, ""connected_similar_user_id"": null}}","""Isabelle""",false,"""isabelle_handfield""","""""","""""","""2860795097123401315_7362417918""","""7362417918""",false,"""https://scontent-yyz1-1.cdninstagram.com/v/t51.2885-19/287829008_601174441105642_1959317949476760542_n.jpg?stp=dst-jpg_s150x150&_nc_ht=scontent-yyz1-1.cdninstagram.com&_nc_cat=110&_nc_ohc=u0nixd28w9wAX9cW2yS&edm=ALB854YBAAAA&ccb=7-5&oh=00_AfBgYW5LQPdk9obOhZ7C84W8S7LxQzDn5v6R8QW9bqGbTw&oe=65371A04&_nc_sid=ce9561""",false,"""7362417918""","""7362417918""",0,[],0,false,"""17841407257560302"""
false,"{""is_possible_scammer"": false, ""is_possible_impersonator"": {""is_unconnected_impersonator"": false, ""connected_similar_user_id"": null}, ""is_possible_impersonator_threads"": {""is_unconnected_impersonator"": false, ""connected_similar_user_id"": null}}","""Alexie Gauthier""",false,"""orangeclementine_""","""""","""""","""3176480639095287079_434684970""","""434684970""",true,"""https://scontent-yyz1-1.cdninstagram.com/v/t51.2885-19/370006667_824402675906726_1392124005476833340_n.jpg?stp=dst-jpg_s150x150&_nc_ht=scontent-yyz1-1.cdninstagram.com&_nc_cat=102&_nc_ohc=F06QpoIk7vkAX-nMWS-&edm=ALB854YBAAAA&ccb=7-5&oh=00_AfAnoqvLeax-w9JIGSotsCSqffiKoOYpoDjkhy-afWCNwA&oe=65364964&_nc_sid=ce9561""",false,"""434684970""","""434684970""",0,[],0,false,"""17841401829106791"""
false,"{""is_possible_scammer"": false, ""is_possible_impersonator"": {""is_unconnected_impersonator"": false, ""connected_similar_user_id"": null}, ""is_possible_impersonator_threads"": {""is_unconnected_impersonator"": false, ""connected_similar_user_id"": null}}","""Étienne""",false,"""et_vallee""","""""","""""","""3114016682762487165_3448956418""","""3448956418""",true,"""https://scontent-yyz1-1.cdninstagram.com/v/t51.2885-19/350159206_141390428942378_716096216453233413_n.jpg?stp=dst-jpg_s150x150&_nc_ht=scontent-yyz1-1.cdninstagram.com&_nc_cat=102&_nc_ohc=eSr4-zeFSW4AX9KlmyU&edm=ALB854YBAAAA&ccb=7-5&oh=00_AfA10nGfY44bkYGoCyzgypHOG_wqKW1R-wGtHEIaSTrJCQ&oe=6537C040&_nc_sid=ce9561""",false,"""3448956418""","""3448956418""",0,[],0,false,"""17841403492551119"""
false,"{""is_possible_scammer"": false, ""is_possible_impersonator"": {""is_unconnected_impersonator"": false, ""connected_similar_user_id"": null}, ""is_possible_impersonator_threads"": {""is_unconnected_impersonator"": false, ""connected_similar_user_id"": null}}","""Anthony Saucier""",false,"""a_saucier29""","""""","""""","""3213643474288651980_1279730916""","""1279730916""",false,"""https://scontent-yyz1-1.cdninstagram.com/v/t51.2885-19/391356666_291433893751331_2023024707873818176_n.jpg?stp=dst-jpg_s150x150&_nc_ht=scontent-yyz1-1.cdninstagram.com&_nc_cat=111&_nc_ohc=Qv9tfJzRbuAAX_pP6-0&edm=ALB854YBAAAA&ccb=7-5&oh=00_AfCYqvx8GmCkPmH1wtn7GhUyVHyqejs8Q0ZQmNVg7rCHJQ&oe=6536C787&_nc_sid=ce9561""",false,"""1279730916""","""1279730916""",0,[],0,false,"""17841401527499995"""
false,"{""is_possible_scammer"": false, ""is_possible_impersonator"": {""is_unconnected_impersonator"": false, ""connected_similar_user_id"": null}, ""is_possible_impersonator_threads"": {""is_unconnected_impersonator"": false, ""connected_similar_user_id"": null}}","""CHANEL MCKINSIE""",false,"""chanelmckinsie""","""""","""""","""3210344664762188463_4401978050""","""4401978050""",false,"""https://scontent-yyz1-1.cdninstagram.com/v/t51.2885-19/387270387_816482883497966_2002080929496191397_n.jpg?stp=dst-jpg_s150x150&_nc_ht=scontent-yyz1-1.cdninstagram.com&_nc_cat=102&_nc_ohc=ygvoaY7XV4sAX-AzaT8&edm=ALB854YBAAAA&ccb=7-5&oh=00_AfCAXlNGJiZXuUsnt3Otx3NGKZ41gJNOXi8GO1MqAlIkiA&oe=653624D8&_nc_sid=ce9561""",false,"""4401978050""","""4401978050""",1,[],0,false,"""17841404381510247"""
false,"{""is_possible_scammer"": false, ""is_possible_impersonator"": {""is_unconnected_impersonator"": false, ""connected_similar_user_id"": null}, ""is_possible_impersonator_threads"": {""is_unconnected_impersonator"": false, ""connected_similar_user_id"": null}}","""Laura CP""",false,"""laura_cp_18""","""""","""""","""3139901869038510885_2872218549""","""2872218549""",true,"""https://scontent-yyz1-1.cdninstagram.com/v/t51.2885-19/357738528_654595249876766_5382065179641332029_n.jpg?stp=dst-jpg_s150x150&_nc_ht=scontent-yyz1-1.cdninstagram.com&_nc_cat=102&_nc_ohc=WsKhaqeZBGEAX9LJSlC&edm=ALB854YBAAAA&ccb=7-5&oh=00_AfB69grkQBdaYnFgqwvvUvhFwBOUea7KSB28Ti0eTEa8PQ&oe=6536C287&_nc_sid=ce9561""",false,"""2872218549""","""2872218549""",0,[],0,false,"""17841402716499027"""
false,"{""is_possible_scammer"": false, ""is_possible_impersonator"": {""is_unconnected_impersonator"": false, ""connected_similar_user_id"": null}, ""is_possible_impersonator_threads"": {""is_unconnected_impersonator"": false, ""connected_similar_user_id"": null}}","""A r i a d n a""",false,"""ariadnath""","""""","""""","""3202225643202502324_53107127""","""53107127""",true,"""https://scontent-yyz1-1.cdninstagram.com/v/t51.2885-19/383951835_1065659607665640_3899085504101645481_n.jpg?stp=dst-jpg_s150x150&_nc_ht=scontent-yyz1-1.cdninstagram.com&_nc_cat=100&_nc_ohc=2-tLKIKLzVoAX8mtFka&edm=ALB854YBAAAA&ccb=7-5&oh=00_AfCTGSkKLfGlOlSbk9SsOzqHttqHxynyjSRzcMryaE5U3g&oe=65374F4F&_nc_sid=ce9561""",false,"""53107127""","""53107127""",0,[],0,false,"""17841401533810829"""
false,"{""is_possible_scammer"": false, ""is_possible_impersonator"": {""is_unconnected_impersonator"": false, ""connected_similar_user_id"": null}, ""is_possible_impersonator_threads"": {""is_unconnected_impersonator"": false, ""connected_similar_user_id"": null}}","""ELSA EKMAN""",true,"""elsaekman""","""""","""""","""2303830031863727009_14558596""","""14558596""",false,"""https://scontent-yyz1-1.cdninstagram.com/v/t51.2885-19/95745206_281029149580358_4193576982295871488_n.jpg?stp=dst-jpg_s150x150&_nc_ht=scontent-yyz1-1.cdninstagram.com&_nc_cat=102&_nc_ohc=3Y43ik4NlOkAX9gSKyl&edm=ALB854YBAAAA&ccb=7-5&oh=00_AfCqB_xCdBZRnfI6AmSbaxDXEtJU9B1wCDHOeHdLhyZFPA&oe=65361E2B&_nc_sid=ce9561""",false,"""14558596""","""14558596""",1,[],0,false,"""17841400917880227"""
false,"{""is_possible_scammer"": false, ""is_possible_impersonator"": {""is_unconnected_impersonator"": false, ""connected_similar_user_id"": null}, ""is_possible_impersonator_threads"": {""is_unconnected_impersonator"": false, ""connected_similar_user_id"": null}}","""Sandy 🍐""",false,"""sadly_sandy""","""""","""""","""3174524263973670958_8333637071""","""8333637071""",false,"""https://scontent-yyz1-1.cdninstagram.com/v/t51.2885-19/368561648_664315499061834_7780066130608103469_n.jpg?stp=dst-jpg_s150x150&_nc_ht=scontent-yyz1-1.cdninstagram.com&_nc_cat=106&_nc_ohc=OQBQ-B5hXzIAX898mmb&edm=ALB854YBAAAA&ccb=7-5&oh=00_AfC3ur87v9RK74auWjp6W3ZEVc3v63wmtB2bjJ5eI7pwqg&oe=65374AAC&_nc_sid=ce9561""",false,"""8333637071""","""8333637071""",0,[],0,false,"""17841408312151704"""
false,"{""is_possible_scammer"": false, ""is_possible_impersonator"": {""is_unconnected_impersonator"": false, ""connected_similar_user_id"": null}, ""is_possible_impersonator_threads"": {""is_unconnected_impersonator"": false, ""connected_similar_user_id"": null}}","""Marine Gasbarro""",false,"""marinegasbarro""","""""","""""","""3197834179232067647_246313409""","""246313409""",true,"""https://scontent-yyz1-1.cdninstagram.com/v/t51.2885-19/381517439_1049031206121014_5004631336127699397_n.jpg?stp=dst-jpg_s150x150&_nc_ht=scontent-yyz1-1.cdninstagram.com&_nc_cat=102&_nc_ohc=sauNvK9gwkYAX_AGKsH&edm=ALB854YBAAAA&ccb=7-5&oh=00_AfBsSZuWKnKmcTvEzqUA20NFO25lugIk53H9Zw0B9ecajw&oe=65372A4A&_nc_sid=ce9561""",false,"""246313409""","""246313409""",0,[],0,false,"""17841401242273848"""
false,"{""is_possible_scammer"": false, ""is_possible_impersonator"": {""is_unconnected_impersonator"": false, ""connected_similar_user_id"": null}, ""is_possible_impersonator_threads"": {""is_unconnected_impersonator"": false, ""connected_similar_user_id"": null}}","""Farnell Malik Ndong A.""",false,"""farnellna_""","""""","""""","""3131896138760210077_638676953""","""638676953""",false,"""https://scontent-yyz1-1.cdninstagram.com/v/t51.2885-19/355430143_1666048313860812_3840878335149801163_n.jpg?stp=dst-jpg_s150x150&_nc_ht=scontent-yyz1-1.cdninstagram.com&_nc_cat=100&_nc_ohc=_wrIeQQ4irYAX9RZRch&edm=ALB854YBAAAA&ccb=7-5&oh=00_AfBSXGkBNBvu-C2AoKNZtzZ9ygHLz_cJnDFfhhTv5UJBgg&oe=6535FC03&_nc_sid=ce9561""",false,"""638676953""","""638676953""",0,[],0,false,"""17841400628599979"""
false,"{""is_possible_scammer"": false, ""is_possible_impersonator"": {""is_unconnected_impersonator"": false, ""connected_similar_user_id"": null}, ""is_possible_impersonator_threads"": {""is_unconnected_impersonator"": false, ""connected_similar_user_id"": null}}","""""",false,"""callmemarik""","""""","""""","""3170037097096086892_1608751751""","""1608751751""",true,"""https://scontent-yyz1-1.cdninstagram.com/v/t51.2885-19/367430708_281355804537592_6573974365387174369_n.jpg?stp=dst-jpg_s150x150&_nc_ht=scontent-yyz1-1.cdninstagram.com&_nc_cat=104&_nc_ohc=GqOYn_pcq_AAX-ljkxu&edm=ALB854YBAAAA&ccb=7-5&oh=00_AfBePVGfzdmekFWbcvhrdhgCUJA6BkPn63yMZ-yTIV3isA&oe=653726FB&_nc_sid=ce9561""",false,"""1608751751""","""1608751751""",0,[],0,false,"""17841401432555136"""
false,"{""is_possible_scammer"": false, ""is_possible_impersonator"": {""is_unconnected_impersonator"": false, ""connected_similar_user_id"": null}, ""is_possible_impersonator_threads"": {""is_unconnected_impersonator"": false, ""connected_similar_user_id"": null}}","""Thierry.""",false,"""thierrymonf""","""""","""""","""3209320019564983935_327799399""","""327799399""",false,"""https://scontent-yyz1-1.cdninstagram.com/v/t51.2885-19/387268296_224639660368572_2267836165103485540_n.jpg?stp=dst-jpg_s150x150&_nc_ht=scontent-yyz1-1.cdninstagram.com&_nc_cat=100&_nc_ohc=_6nu__3H35AAX_DiXPA&edm=ALB854YBAAAA&ccb=7-5&oh=00_AfC7JJgSst_yopD1mxZIXtDBbAXdmWDdjbJJQs1XZ1u_3A&oe=653773BA&_nc_sid=ce9561""",false,"""327799399""","""327799399""",0,[],0,false,"""17841401661975121"""
false,"{""is_possible_scammer"": false, ""is_possible_impersonator"": {""is_unconnected_impersonator"": false, ""connected_similar_user_id"": null}, ""is_possible_impersonator_threads"": {""is_unconnected_impersonator"": false, ""connected_similar_user_id"": null}}","""Amélie Doyon""",false,"""amelie.doyon""","""""","""""","""3004118145892415700_1794485810""","""1794485810""",true,"""https://scontent-yyz1-1.cdninstagram.com/v/t51.2885-19/322318177_713399760175587_4521693922740437099_n.jpg?stp=dst-jpg_s150x150&_nc_ht=scontent-yyz1-1.cdninstagram.com&_nc_cat=103&_nc_ohc=WUAhpaKSosMAX_LDFAy&edm=ALB854YBAAAA&ccb=7-5&oh=00_AfCRQ8pOmB-LnyTJvP8597zcNBka64foq9DCMUlzXpVFgw&oe=6537434E&_nc_sid=ce9561""",false,"""1794485810""","""1794485810""",0,[],0,false,"""17841401614328038"""
false,"{""is_possible_scammer"": false, ""is_possible_impersonator"": {""is_unconnected_impersonator"": false, ""connected_similar_user_id"": null}, ""is_possible_impersonator_threads"": {""is_unconnected_impersonator"": false, ""connected_similar_user_id"": null}}","""Exploring Africa""",false,"""exploringafrica""","""""","""""","""2308430295611143777_5567373619""","""5567373619""",false,"""https://scontent-yyz1-1.cdninstagram.com/v/t51.2885-19/96757481_657473298318606_4857611112742387712_n.jpg?stp=dst-jpg_s150x150&_nc_ht=scontent-yyz1-1.cdninstagram.com&_nc_cat=106&_nc_ohc=ThXG5WeuEakAX--csMI&edm=ALB854YBAAAA&ccb=7-5&oh=00_AfBPQerc6L-qJytZsWEpezePAs3zfjBV8NlaLjp9G9M9gg&oe=6536B09B&_nc_sid=ce9561""",false,"""5567373619""","""5567373619""",0,[],0,false,"""17841405688575921"""
false,"{""is_possible_scammer"": false, ""is_possible_impersonator"": {""is_unconnected_impersonator"": false, ""connected_similar_user_id"": null}, ""is_possible_impersonator_threads"": {""is_unconnected_impersonator"": false, ""connected_similar_user_id"": null}}","""Alicia Bird""",false,"""_birdyyy""","""""","""""","""3176835709360828099_392759290""","""392759290""",true,"""https://scontent-yyz1-1.cdninstagram.com/v/t51.2885-19/369677101_951782782560587_6082058875879570236_n.jpg?stp=dst-jpg_s150x150&_nc_ht=scontent-yyz1-1.cdninstagram.com&_nc_cat=111&_nc_ohc=X-O7GXN0XH8AX8IfW2I&edm=ALB854YBAAAA&ccb=7-5&oh=00_AfCflPoBggHbasT4GUwXZm58Ox05A9B_R4xgTkARuHXqew&oe=6536D25B&_nc_sid=ce9561""",false,"""392759290""","""392759290""",0,[],0,false,"""17841401658706136"""
false,"{""is_possible_scammer"": false, ""is_possible_impersonator"": {""is_unconnected_impersonator"": false, ""connected_similar_user_id"": null}, ""is_possible_impersonator_threads"": {""is_unconnected_impersonator"": false, ""connected_similar_user_id"": null}}","""Annabelle Lachance""",false,"""annabellelachance""","""""","""""","""3113413789546345580_350054579""","""350054579""",true,"""https://scontent-yyz1-1.cdninstagram.com/v/t51.2885-19/349749687_632338548770233_4515309613976826786_n.jpg?stp=dst-jpg_s150x150&_nc_ht=scontent-yyz1-1.cdninstagram.com&_nc_cat=101&_nc_ohc=5QfAv2KN950AX8Y_g4F&edm=ALB854YBAAAA&ccb=7-5&oh=00_AfBzdLnBwvHcvr2ct_g6_ZsI-8Kn9Rvsa0rCe8M28E72Tg&oe=6536398A&_nc_sid=ce9561""",false,"""350054579""","""350054579""",0,[],0,false,"""17841401157375469"""
false,"{""is_possible_scammer"": false, ""is_possible_impersonator"": {""is_unconnected_impersonator"": false, ""connected_similar_user_id"": null}, ""is_possible_impersonator_threads"": {""is_unconnected_impersonator"": false, ""connected_similar_user_id"": null}}","""Studio B""",false,"""itsstudiob""","""""","""""","""2556981329197941372_47217461359""","""47217461359""",false,"""https://scontent-yyz1-1.cdninstagram.com/v/t51.2885-19/175694991_1092450131263967_352494274332358282_n.jpg?stp=dst-jpg_s150x150&_nc_ht=scontent-yyz1-1.cdninstagram.com&_nc_cat=111&_nc_ohc=sa9guCD5VZEAX_7j5Dr&edm=ALB854YBAAAA&ccb=7-5&oh=00_AfBK5-Ewz6-O17iFDSqGiKHdzs1hmg8TTp5jMYBL3vrklw&oe=6537AE08&_nc_sid=ce9561""",false,"""47217461359""","""47217461359""",0,[],0,false,"""17841447200792182"""
false,"{""is_possible_scammer"": false, ""is_possible_impersonator"": {""is_unconnected_impersonator"": false, ""connected_similar_user_id"": null}, ""is_possible_impersonator_threads"": {""is_unconnected_impersonator"": false, ""connected_similar_user_id"": null}}","""C o R a L i E""",false,"""co.vp""","""""","""""","""3211182628140540207_1908222708""","""1908222708""",true,"""https://scontent-yyz1-1.cdninstagram.com/v/t51.2885-19/387720915_617475933797554_6535942442389335583_n.jpg?stp=dst-jpg_s150x150&_nc_ht=scontent-yyz1-1.cdninstagram.com&_nc_cat=110&_nc_ohc=BIKs4PlI15sAX-E0Fsc&edm=ALB854YBAAAA&ccb=7-5&oh=00_AfC5cMZQY5F4MJjGNUW6muePUXpY_husr0rbKT_ENcYIjw&oe=65369E00&_nc_sid=ce9561""",false,"""1908222708""","""1908222708""",0,[],0,false,"""17841401881269815"""
false,"{""is_possible_scammer"": false, ""is_possible_impersonator"": {""is_unconnected_impersonator"": false, ""connected_similar_user_id"": null}, ""is_possible_impersonator_threads"": {""is_unconnected_impersonator"": false, ""connected_similar_user_id"": null}}","""""",false,"""novalie.c""","""""","""""","""3186579158628605093_970757912""","""970757912""",true,"""https://scontent-yyz1-1.cdninstagram.com/v/t51.2885-19/375848059_2337947329740202_2707558954490408383_n.jpg?stp=dst-jpg_s150x150&_nc_ht=scontent-yyz1-1.cdninstagram.com&_nc_cat=110&_nc_ohc=QM7ConLoX8kAX_H6hud&edm=ALB854YBAAAA&ccb=7-5&oh=00_AfBFYh23prEQjw-9hYWiG09JUqrwrVGipsekg39wkXWW4A&oe=6536F2FE&_nc_sid=ce9561""",false,"""970757912""","""970757912""",0,[],0,false,"""17841400177375168"""
false,"{""is_possible_scammer"": false, ""is_possible_impersonator"": {""is_unconnected_impersonator"": false, ""connected_similar_user_id"": null}, ""is_possible_impersonator_threads"": {""is_unconnected_impersonator"": false, ""connected_similar_user_id"": null}}","""Lace & Leather Candles 🕯️""",false,"""laceleathercandles""","""""","""""","""2392988135867568779_21955383391""","""21955383391""",false,"""https://scontent-yyz1-1.cdninstagram.com/v/t51.2885-19/118867269_958673814640310_8093696025041400346_n.jpg?stp=dst-jpg_s150x150&_nc_ht=scontent-yyz1-1.cdninstagram.com&_nc_cat=102&_nc_ohc=_JyeCZe7EpwAX_BJuUL&edm=ALB854YBAAAA&ccb=7-5&oh=00_AfC8TUE5shXyTjgjFB1acCpVw33F5rTPqKo35q87hhVlrg&oe=65362ADD&_nc_sid=ce9561""",false,"""21955383391""","""21955383391""",0,[],0,false,"""17841422061744422"""
false,"{""is_possible_scammer"": false, ""is_possible_impersonator"": {""is_unconnected_impersonator"": false, ""connected_similar_user_id"": null}, ""is_possible_impersonator_threads"": {""is_unconnected_impersonator"": false, ""connected_similar_user_id"": null}}","""phia""",false,"""phiasaban""","""""","""""","""2907771786952018097_274019575""","""274019575""",false,"""https://scontent-yyz1-1.cdninstagram.com/v/t51.2885-19/300073495_766781621232174_6593491034096563143_n.jpg?stp=dst-jpg_s150x150&_nc_ht=scontent-yyz1-1.cdninstagram.com&_nc_cat=106&_nc_ohc=P-iakn-9D4IAX9PoKfL&edm=ALB854YBAAAA&ccb=7-5&oh=00_AfD-A5q7hu-WDXrvHduzR2xB2eXFXUrHPOa1ilC0I2hGvg&oe=65362EF7&_nc_sid=ce9561""",false,"""274019575""","""274019575""",0,[],0,false,"""17841401067254281"""
false,"{""is_possible_scammer"": false, ""is_possible_impersonator"": {""is_unconnected_impersonator"": false, ""connected_similar_user_id"": null}, ""is_possible_impersonator_threads"": {""is_unconnected_impersonator"": false, ""connected_similar_user_id"": null}}","""Chloé Beauregard""",false,"""chloebeaure""","""""","""""","""2482185715319604296_1051182998""","""1051182998""",true,"""https://scontent-yyz1-1.cdninstagram.com/v/t51.2885-19/136460285_327527631730109_1409786557180138356_n.jpg?stp=dst-jpg_s150x150&_nc_ht=scontent-yyz1-1.cdninstagram.com&_nc_cat=105&_nc_ohc=SFzboyIUufEAX8rvZaG&edm=ALB854YBAAAA&ccb=7-5&oh=00_AfDUlqL3ctDd2eGmFG_bOPTBGcG20kAOFPgyD82WIEZscw&oe=65364949&_nc_sid=ce9561""",false,"""1051182998""","""1051182998""",0,[],0,false,"""17841401409956424"""
false,"{""is_possible_scammer"": false, ""is_possible_impersonator"": {""is_unconnected_impersonator"": false, ""connected_similar_user_id"": null}, ""is_possible_impersonator_threads"": {""is_unconnected_impersonator"": false, ""connected_similar_user_id"": null}}","""BAHA RAJHI 🇹🇳🇨🇦""",false,"""baha_rajhi""","""""","""""","""2374167710407611139_329396315""","""329396315""",false,"""https://scontent-yyz1-1.cdninstagram.com/v/t51.2885-19/117402366_1203729363294415_1615827443479293828_n.jpg?stp=dst-jpg_s150x150&_nc_ht=scontent-yyz1-1.cdninstagram.com&_nc_cat=107&_nc_ohc=bZm_LB9YszwAX87DBKw&edm=ALB854YBAAAA&ccb=7-5&oh=00_AfDFgFyOaqLRCMIdhkDvQsrPRrVBkc7AEWxrUMtCcfG6-A&oe=65367F79&_nc_sid=ce9561""",false,"""329396315""","""329396315""",0,[],0,false,"""17841401569455146"""
false,"{""is_possible_scammer"": false, ""is_possible_impersonator"": {""is_unconnected_impersonator"": false, ""connected_similar_user_id"": null}, ""is_possible_impersonator_threads"": {""is_unconnected_impersonator"": false, ""connected_similar_user_id"": null}}","""Remi Gagnon""",false,"""the_gagnon""","""""","""""","""2601277134465778766_1211717269""","""1211717269""",true,"""https://scontent-yyz1-1.cdninstagram.com/v/t51.2885-19/204085594_197395602270503_6613849166563420986_n.jpg?stp=dst-jpg_s150x150&_nc_ht=scontent-yyz1-1.cdninstagram.com&_nc_cat=111&_nc_ohc=blmfTOCgxyAAX85js2U&edm=ALB854YBAAAA&ccb=7-5&oh=00_AfBPdCHZTz75xakyC6OCiNuamqXOzo3ams1mlpx7ygY6wA&oe=65364EDE&_nc_sid=ce9561""",false,"""1211717269""","""1211717269""",0,[],0,false,"""17841400158088933"""
false,"{""is_possible_scammer"": false, ""is_possible_impersonator"": {""is_unconnected_impersonator"": false, ""connected_similar_user_id"": null}, ""is_possible_impersonator_threads"": {""is_unconnected_impersonator"": false, ""connected_similar_user_id"": null}}","""aya rifki""",false,"""_ayarifki""","""""","""""","""2354527950806693549_1391891227""","""1391891227""",false,"""https://scontent-yyz1-1.cdninstagram.com/v/t51.2885-19/108736579_281844302910026_8038020277356514086_n.jpg?stp=dst-jpg_s150x150&_nc_ht=scontent-yyz1-1.cdninstagram.com&_nc_cat=102&_nc_ohc=rV0GH8qdJiwAX_nAmxy&edm=ALB854YBAAAA&ccb=7-5&oh=00_AfCMFdEnjKRy-5fBCYYpBUFRdldL-QuRkTywhzoa83JYiw&oe=6537D71C&_nc_sid=ce9561""",false,"""1391891227""","""1391891227""",0,[],0,false,"""17841400576831748"""
false,"{""is_possible_scammer"": false, ""is_possible_impersonator"": {""is_unconnected_impersonator"": false, ""connected_similar_user_id"": null}, ""is_possible_impersonator_threads"": {""is_unconnected_impersonator"": false, ""connected_similar_user_id"": null}}","""valentin desvarieux""",false,"""valentin.dsv""","""""","""""","""2992540637300539328_2256874817""","""2256874817""",false,"""https://scontent-yyz1-1.cdninstagram.com/v/t51.2885-19/319283963_120132587588202_409535474456207992_n.jpg?stp=dst-jpg_s150x150&_nc_ht=scontent-yyz1-1.cdninstagram.com&_nc_cat=106&_nc_ohc=9MW0EQQJ2ckAX89VJjM&edm=ALB854YBAAAA&ccb=7-5&oh=00_AfAIhAKBJfhmgCM5-pE510hWAm12QUbN6vlBLfkTFk5Wtw&oe=65367B07&_nc_sid=ce9561""",false,"""2256874817""","""2256874817""",0,[],0,false,"""17841402244522109"""
false,"{""is_possible_scammer"": false, ""is_possible_impersonator"": {""is_unconnected_impersonator"": false, ""connected_similar_user_id"": null}, ""is_possible_impersonator_threads"": {""is_unconnected_impersonator"": false, ""connected_similar_user_id"": null}}","""Trash""",false,"""trashbyscott""","""""","""""","""3207180391411509557_1791918974""","""1791918974""",false,"""https://scontent-yyz1-1.cdninstagram.com/v/t51.2885-19/386191824_862069628603118_2751095780090744197_n.jpg?stp=dst-jpg_s150x150&_nc_ht=scontent-yyz1-1.cdninstagram.com&_nc_cat=106&_nc_ohc=qjZChWklXKUAX8DYpx4&edm=ALB854YBAAAA&ccb=7-5&oh=00_AfBLu3j-j982eP3UGaORfPHVncZlsb-ylLQoU2RBL5tNDw&oe=6536B596&_nc_sid=ce9561""",false,"""1791918974""","""1791918974""",0,[],0,false,"""17841401409247998"""
false,"{""is_possible_scammer"": false, ""is_possible_impersonator"": {""is_unconnected_impersonator"": false, ""connected_similar_user_id"": null}, ""is_possible_impersonator_threads"": {""is_unconnected_impersonator"": false, ""connected_similar_user_id"": null}}","""Juliette Bull""",false,"""juliettebull""","""""","""""","""3091104850108925652_403071685""","""403071685""",true,"""https://scontent-yyz1-1.cdninstagram.com/v/t51.2885-19/343311814_914163123352038_8176437719726001633_n.jpg?stp=dst-jpg_s150x150&_nc_ht=scontent-yyz1-1.cdninstagram.com&_nc_cat=106&_nc_ohc=_V3eQhePOqUAX9X3YWC&edm=ALB854YBAAAA&ccb=7-5&oh=00_AfDuE5d7gx18LEX7yxH6GxzE_4pD0rwcYLH4kLeJVcXweQ&oe=6536F334&_nc_sid=ce9561""",false,"""403071685""","""403071685""",0,[],0,false,"""17841401910556297"""
false,"{""is_possible_scammer"": false, ""is_possible_impersonator"": {""is_unconnected_impersonator"": false, ""connected_similar_user_id"": null}, ""is_possible_impersonator_threads"": {""is_unconnected_impersonator"": false, ""connected_similar_user_id"": null}}","""Charlotte Fortin""",false,"""fortin.charlotte""","""""","""""","""2902517012401603414_2159839410""","""2159839410""",true,"""https://scontent-yyz1-1.cdninstagram.com/v/t51.2885-19/298586500_609030927476425_9095986490543422043_n.jpg?stp=dst-jpg_s150x150&_nc_ht=scontent-yyz1-1.cdninstagram.com&_nc_cat=101&_nc_ohc=S_V-yjaHF0AAX_Q5gGJ&edm=ALB854YBAAAA&ccb=7-5&oh=00_AfAhgW_e4SxQjrSmAzDQHEA6dywHb1FZTWPdtENbKUskwQ&oe=65366AED&_nc_sid=ce9561""",false,"""2159839410""","""2159839410""",0,[],0,false,"""17841402142329979"""
false,"{""is_possible_scammer"": false, ""is_possible_impersonator"": {""is_unconnected_impersonator"": false, ""connected_similar_user_id"": null}, ""is_possible_impersonator_threads"": {""is_unconnected_impersonator"": false, ""connected_similar_user_id"": null}}","""Apollo""",false,"""apollo.thedally""","""""","""""","""2346657721704777748_37114803395""","""37114803395""",false,"""https://scontent-yyz1-1.cdninstagram.com/v/t51.2885-19/106505928_271766330565495_3207810325277463287_n.jpg?stp=dst-jpg_s150x150&_nc_ht=scontent-yyz1-1.cdninstagram.com&_nc_cat=103&_nc_ohc=whEhsGbAxCYAX_smjpc&edm=ALB854YBAAAA&ccb=7-5&oh=00_AfCYMtG9Ir_7JKMFrRYCp5681JMGg-5m9iWDBs94vcvzpw&oe=65372A90&_nc_sid=ce9561""",false,"""37114803395""","""37114803395""",0,[],0,false,"""17841437061869350"""
false,"{""is_possible_scammer"": false, ""is_possible_impersonator"": {""is_unconnected_impersonator"": false, ""connected_similar_user_id"": null}, ""is_possible_impersonator_threads"": {""is_unconnected_impersonator"": false, ""connected_similar_user_id"": null}}","""@maria""",false,"""maferzzzz""","""""","""""","""3207725980797463558_222689911""","""222689911""",false,"""https://scontent-yyz1-1.cdninstagram.com/v/t51.2885-19/387267456_6480697862039721_3444172041257637195_n.jpg?stp=dst-jpg_s150x150&_nc_ht=scontent-yyz1-1.cdninstagram.com&_nc_cat=109&_nc_ohc=7KkZpKoQfcQAX8oCiji&edm=ALB854YBAAAA&ccb=7-5&oh=00_AfDid1q5OToBKxk5LcnNmzkLsaDzcMieIKJ3s0ir6yU4Zg&oe=6536F6E0&_nc_sid=ce9561""",false,"""222689911""","""222689911""",0,[],0,false,"""17841401017333479"""
false,"{""is_possible_scammer"": false, ""is_possible_impersonator"": {""is_unconnected_impersonator"": false, ""connected_similar_user_id"": null}, ""is_possible_impersonator_threads"": {""is_unconnected_impersonator"": false, ""connected_similar_user_id"": null}}","""""",false,"""maelis.girard""","""""","""""","""2925215849531763712_1720436825""","""1720436825""",true,"""https://scontent-yyz1-1.cdninstagram.com/v/t51.2885-19/306304729_600779011739955_2430651362874674761_n.jpg?stp=dst-jpg_s150x150&_nc_ht=scontent-yyz1-1.cdninstagram.com&_nc_cat=103&_nc_ohc=Mubj5XkzBO8AX9ltntE&edm=ALB854YBAAAA&ccb=7-5&oh=00_AfAATAZYGcrzoV_qQ1yqdzzGyJsds7Ousux4bZYEu8Xi5A&oe=65372419&_nc_sid=ce9561""",false,"""1720436825""","""1720436825""",0,[],0,false,"""17841401584776881"""
false,"{""is_possible_scammer"": false, ""is_possible_impersonator"": {""is_unconnected_impersonator"": false, ""connected_similar_user_id"": null}, ""is_possible_impersonator_threads"": {""is_unconnected_impersonator"": false, ""connected_similar_user_id"": null}}","""""",false,"""itsphilyall""","""""","""""","""3209441666217324255_6789702351""","""6789702351""",true,"""https://scontent-yyz1-1.cdninstagram.com/v/t51.2885-19/387649272_698119162174617_7751974565984075720_n.jpg?stp=dst-jpg_s150x150&_nc_ht=scontent-yyz1-1.cdninstagram.com&_nc_cat=109&_nc_ohc=hexK9bmc-EgAX-6Bwmt&edm=ALB854YBAAAA&ccb=7-5&oh=00_AfB6KckQxzHbCZoNnS8_lvYdYj0lhslh_X73VxjlXhxG9A&oe=6537BCE4&_nc_sid=ce9561""",false,"""6789702351""","""6789702351""",0,[],0,false,"""17841406910538712"""
false,"{""is_possible_scammer"": false, ""is_possible_impersonator"": {""is_unconnected_impersonator"": false, ""connected_similar_user_id"": null}, ""is_possible_impersonator_threads"": {""is_unconnected_impersonator"": false, ""connected_similar_user_id"": null}}","""Penelope""",false,"""penelopetardifm""","""""","""""","""3208076248114403272_2021690858""","""2021690858""",true,"""https://scontent-yyz1-1.cdninstagram.com/v/t51.2885-19/386833001_1052454562594451_1869272629212140868_n.jpg?stp=dst-jpg_s150x150&_nc_ht=scontent-yyz1-1.cdninstagram.com&_nc_cat=111&_nc_ohc=TzenmMNk6K4AX-3WkRb&edm=ALB854YBAAAA&ccb=7-5&oh=00_AfDRJNi8HwkZTINuOSa71honuwtWeIeIPXEZch29zH2h5Q&oe=6537BCDF&_nc_sid=ce9561""",false,"""2021690858""","""2021690858""",0,[],0,false,"""17841402005752711"""
false,"{""is_possible_scammer"": false, ""is_possible_impersonator"": {""is_unconnected_impersonator"": false, ""connected_similar_user_id"": null}, ""is_possible_impersonator_threads"": {""is_unconnected_impersonator"": false, ""connected_similar_user_id"": null}}","""Joseluis Izaguirre""",false,"""joseluis_izaguirre_""","""""","""""","""2986215396567880985_292102295""","""292102295""",true,"""https://scontent-yyz1-1.cdninstagram.com/v/t51.2885-19/318015015_1296066284510926_5780298349251736579_n.jpg?stp=dst-jpg_s150x150&_nc_ht=scontent-yyz1-1.cdninstagram.com&_nc_cat=110&_nc_ohc=nXQYa2f5DTQAX-aEk2M&edm=ALB854YBAAAA&ccb=7-5&oh=00_AfAeD23PnL0HaMdquA86Vbo5GEVVBH8LuOR6c2jnN9ONfg&oe=6536BD62&_nc_sid=ce9561""",false,"""292102295""","""292102295""",0,[],0,false,"""17841400188854564"""
false,"{""is_possible_scammer"": false, ""is_possible_impersonator"": {""is_unconnected_impersonator"": false, ""connected_similar_user_id"": null}, ""is_possible_impersonator_threads"": {""is_unconnected_impersonator"": false, ""connected_similar_user_id"": null}}","""""",false,"""emmy.duke""","""""","""""","""3185312902974004326_1094889285""","""1094889285""",true,"""https://scontent-yyz1-1.cdninstagram.com/v/t51.2885-19/375641409_1631393467270956_7345937566281938849_n.jpg?stp=dst-jpg_s150x150&_nc_ht=scontent-yyz1-1.cdninstagram.com&_nc_cat=100&_nc_ohc=8Nz8l2cHxHAAX9hL6E6&edm=ALB854YBAAAA&ccb=7-5&oh=00_AfDHl_QR9OjzAjh5Qx3PWYNTYUwQzOgovJ0TCEhPFKoIzw&oe=65372FBF&_nc_sid=ce9561""",false,"""1094889285""","""1094889285""",0,[],0,false,"""17841401238567107"""
false,"{""is_possible_scammer"": false, ""is_possible_impersonator"": {""is_unconnected_impersonator"": false, ""connected_similar_user_id"": null}, ""is_possible_impersonator_threads"": {""is_unconnected_impersonator"": false, ""connected_similar_user_id"": null}}","""Nour Amjahdi""",false,"""sopraninour""","""""","""""","""3115896416262202746_5612957616""","""5612957616""",true,"""https://scontent-yyz1-1.cdninstagram.com/v/t51.2885-19/350603531_214204084798313_5246982578012950477_n.jpg?stp=dst-jpg_s150x150&_nc_ht=scontent-yyz1-1.cdninstagram.com&_nc_cat=105&_nc_ohc=bIYrz2R8lSMAX8zWZOR&edm=ALB854YBAAAA&ccb=7-5&oh=00_AfDFN0eK6JZb6Ar01lhQsYfM5BT4bJyDW66srovRMGqG0A&oe=6537C95F&_nc_sid=ce9561""",false,"""5612957616""","""5612957616""",0,[],0,false,"""17841405688491619"""
false,"{""is_possible_scammer"": false, ""is_possible_impersonator"": {""is_unconnected_impersonator"": false, ""connected_similar_user_id"": null}, ""is_possible_impersonator_threads"": {""is_unconnected_impersonator"": false, ""connected_similar_user_id"": null}}","""Sandrine Rouleau""",false,"""s.rouleau""","""""","""""","""3173868658526653197_759071466""","""759071466""",false,"""https://scontent-yyz1-1.cdninstagram.com/v/t51.2885-19/368540949_670317551363260_4457075589576592628_n.jpg?stp=dst-jpg_s150x150&_nc_ht=scontent-yyz1-1.cdninstagram.com&_nc_cat=104&_nc_ohc=6PoknEkITkcAX8SSal5&edm=ALB854YBAAAA&ccb=7-5&oh=00_AfBExQ3KR4E6MfnJxHHgdaar7sRrPJKSmOLlEP8JisokHQ&oe=65377CA3&_nc_sid=ce9561""",false,"""759071466""","""759071466""",0,[],0,false,"""17841400943991860"""
false,"{""is_possible_scammer"": false, ""is_possible_impersonator"": {""is_unconnected_impersonator"": false, ""connected_similar_user_id"": null}, ""is_possible_impersonator_threads"": {""is_unconnected_impersonator"": false, ""connected_similar_user_id"": null}}","""rania""",false,"""rania.a.z""","""""","""""","""3192111644389487037_2067965975""","""2067965975""",true,"""https://scontent-yyz1-1.cdninstagram.com/v/t51.2885-19/378585465_320691337031657_6282415530904720017_n.jpg?stp=dst-jpg_s150x150&_nc_ht=scontent-yyz1-1.cdninstagram.com&_nc_cat=105&_nc_ohc=OjlrFdKYi3QAX-OeHU5&edm=ALB854YBAAAA&ccb=7-5&oh=00_AfCNYBjmtcIvLH5pZCdCXVcgB9HqM-uHTNmUYZqFlzcsiA&oe=6537C665&_nc_sid=ce9561""",false,"""2067965975""","""2067965975""",0,[],0,false,"""17841402099268495"""
false,"{""is_possible_scammer"": false, ""is_possible_impersonator"": {""is_unconnected_impersonator"": false, ""connected_similar_user_id"": null}, ""is_possible_impersonator_threads"": {""is_unconnected_impersonator"": false, ""connected_similar_user_id"": null}}","""Women Fashion Inspiration""",false,"""elysium_angels_fashion""","""""","""""","""2705550077167927301_6453984747""","""6453984747""",false,"""https://scontent-yyz1-1.cdninstagram.com/v/t51.2885-19/256713436_566381851102620_1504780199511473452_n.jpg?stp=dst-jpg_s150x150&_nc_ht=scontent-yyz1-1.cdninstagram.com&_nc_cat=100&_nc_ohc=mAoySqLO0boAX_wWgDF&edm=ALB854YBAAAA&ccb=7-5&oh=00_AfAClFJ0FCttAlVsfE_YKZKe48nZSPYRNhel_OpXgwI4Rg&oe=6537EFA1&_nc_sid=ce9561""",false,"""6453984747""","""6453984747""",1,[],0,false,"""17841406262436748"""
false,"{""is_possible_scammer"": false, ""is_possible_impersonator"": {""is_unconnected_impersonator"": false, ""connected_similar_user_id"": null}, ""is_possible_impersonator_threads"": {""is_unconnected_impersonator"": false, ""connected_similar_user_id"": null}}","""Virgii""",false,"""virginielr_""","""""","""""","""3090565529194738006_968356284""","""968356284""",true,"""https://scontent-yyz1-1.cdninstagram.com/v/t51.2885-19/343284930_202002945947318_3961793344396962046_n.jpg?stp=dst-jpg_s150x150&_nc_ht=scontent-yyz1-1.cdninstagram.com&_nc_cat=102&_nc_ohc=L2pA2Aeh03YAX_-EUwY&edm=ALB854YBAAAA&ccb=7-5&oh=00_AfD2dtCgABKx6pLmCPGOehVkk-KNXAMxjxrGpgozGuFdmw&oe=65378B0F&_nc_sid=ce9561""",false,"""968356284""","""968356284""",0,[],0,false,"""17841401088535130"""
false,"{""is_possible_scammer"": false, ""is_possible_impersonator"": {""is_unconnected_impersonator"": false, ""connected_similar_user_id"": null}, ""is_possible_impersonator_threads"": {""is_unconnected_impersonator"": false, ""connected_similar_user_id"": null}}","""🧘 🌱🚴🏕️🏊""",false,"""charlottelafond""","""""","""""","""3177194030093824117_497221398""","""497221398""",true,"""https://scontent-yyz1-1.cdninstagram.com/v/t51.2885-19/369695788_203334822741107_1788646532508521097_n.jpg?stp=dst-jpg_s150x150&_nc_ht=scontent-yyz1-1.cdninstagram.com&_nc_cat=111&_nc_ohc=EaAYYP3UkfEAX_KwljO&edm=ALB854YBAAAA&ccb=7-5&oh=00_AfC3XIDPCVWq8nbHlxYuHK3aO9b0zpAGUmWBhS5xCmoUEg&oe=65361EAE&_nc_sid=ce9561""",false,"""497221398""","""497221398""",0,[],0,false,"""17841400161947769"""
false,"{""is_possible_scammer"": false, ""is_possible_impersonator"": {""is_unconnected_impersonator"": false, ""connected_similar_user_id"": null}, ""is_possible_impersonator_threads"": {""is_unconnected_impersonator"": false, ""connected_similar_user_id"": null}}","""Lee Litumbe 🇨🇲🇺🇸""",true,"""spiritedpursuit""","""""","""""","""2489469951448935257_212097121""","""212097121""",false,"""https://scontent-yyz1-1.cdninstagram.com/v/t51.2885-19/140049533_151165673313798_2006503469479752736_n.jpg?stp=dst-jpg_s150x150&_nc_ht=scontent-yyz1-1.cdninstagram.com&_nc_cat=106&_nc_ohc=lDudS7Yz7usAX9DKqA9&edm=ALB854YBAAAA&ccb=7-5&oh=00_AfBV9zAJ8cHTHN9GgFWiqmnG8-E1U1hdYEUYJuIPD3Yngg&oe=653767F1&_nc_sid=ce9561""",false,"""212097121""","""212097121""",1,[],0,false,"""17841400033633314"""
false,"{""is_possible_scammer"": false, ""is_possible_impersonator"": {""is_unconnected_impersonator"": false, ""connected_similar_user_id"": null}, ""is_possible_impersonator_threads"": {""is_unconnected_impersonator"": false, ""connected_similar_user_id"": null}}","""Camille Tremblay-Dionne""",false,"""camtdionne""","""""","""""","""3149263566773791116_216005116""","""216005116""",true,"""https://scontent-yyz1-1.cdninstagram.com/v/t51.2885-19/361112476_810195037149311_7091817514612364654_n.jpg?stp=dst-jpg_s150x150&_nc_ht=scontent-yyz1-1.cdninstagram.com&_nc_cat=111&_nc_ohc=WB407XnjdyMAX8aaEeG&edm=ALB854YBAAAA&ccb=7-5&oh=00_AfDfkHtYUJwGQH0ekJ7iBsqVBvdoVn8WBfKCc5ZtGCcbFQ&oe=65372F1C&_nc_sid=ce9561""",false,"""216005116""","""216005116""",0,[],0,false,"""17841400153483375"""
false,"{""is_possible_scammer"": false, ""is_possible_impersonator"": {""is_unconnected_impersonator"": false, ""connected_similar_user_id"": null}, ""is_possible_impersonator_threads"": {""is_unconnected_impersonator"": false, ""connected_similar_user_id"": null}}","""Étienne Massicotte""",false,"""etimass""","""""","""""","""3174924606418485485_1472010605""","""1472010605""",true,"""https://scontent-yyz1-1.cdninstagram.com/v/t51.2885-19/368694013_1241924023160581_3953389883789314837_n.jpg?stp=dst-jpg_s150x150&_nc_ht=scontent-yyz1-1.cdninstagram.com&_nc_cat=101&_nc_ohc=GzhSGPTMN1cAX9JCIO2&edm=ALB854YBAAAA&ccb=7-5&oh=00_AfDLX07f8Rrwfvwvot2Xc-G8qwMDAAGQ7Dd9enP8Puwcdg&oe=6537F27A&_nc_sid=ce9561""",false,"""1472010605""","""1472010605""",0,[],0,false,"""17841400318173000"""
false,"{""is_possible_scammer"": false, ""is_possible_impersonator"": {""is_unconnected_impersonator"": false, ""connected_similar_user_id"": null}, ""is_possible_impersonator_threads"": {""is_unconnected_impersonator"": false, ""connected_similar_user_id"": null}}","""Aude""",false,"""aude.poirier""","""""","""""","""3088446835987591104_4773126476""","""4773126476""",false,"""https://scontent-yyz1-1.cdninstagram.com/v/t51.2885-19/342888755_619586936378300_3303759132275203889_n.jpg?stp=dst-jpg_s150x150&_nc_ht=scontent-yyz1-1.cdninstagram.com&_nc_cat=108&_nc_ohc=rKcuQEkYxFUAX9kWdsY&edm=ALB854YBAAAA&ccb=7-5&oh=00_AfADpUNuP-SkcRFxqcTOHYEGb0y4ZSn8uEV2JYuqqWYMjg&oe=6536112E&_nc_sid=ce9561""",false,"""4773126476""","""4773126476""",0,[],0,false,"""17841404754306640"""
false,"{""is_possible_scammer"": false, ""is_possible_impersonator"": {""is_unconnected_impersonator"": false, ""connected_similar_user_id"": null}, ""is_possible_impersonator_threads"": {""is_unconnected_impersonator"": false, ""connected_similar_user_id"": null}}","""C A R B O N  &  H Y D E""",true,"""carbonandhyde""","""""","""""","""""","""260482890""",false,"""https://scontent-yyz1-1.cdninstagram.com/v/t51.2885-19/11336106_480603442114605_1931289131_a.jpg?_nc_ht=scontent-yyz1-1.cdninstagram.com&_nc_cat=109&_nc_ohc=MqXOqZitk7UAX_-wWC3&edm=ALB854YBAAAA&ccb=7-5&oh=00_AfBgi0toZWx-_fLMNGqgWClg2-cnR-AvpNpJXJs2VlX9cQ&oe=653649A8&_nc_sid=ce9561""",false,"""260482890""","""260482890""",1,[],0,false,"""17841400086704070"""
false,"{""is_possible_scammer"": false, ""is_possible_impersonator"": {""is_unconnected_impersonator"": false, ""connected_similar_user_id"": null}, ""is_possible_impersonator_threads"": {""is_unconnected_impersonator"": false, ""connected_similar_user_id"": null}}","""Camille""",false,"""camilleklarskov""","""""","""""","""3199358356875264282_1049699132""","""1049699132""",true,"""https://scontent-yyz1-1.cdninstagram.com/v/t51.2885-19/381293894_202490816185358_5186684393032835269_n.jpg?stp=dst-jpg_s150x150&_nc_ht=scontent-yyz1-1.cdninstagram.com&_nc_cat=102&_nc_ohc=oEiaskWuizMAX8nib9k&edm=ALB854YBAAAA&ccb=7-5&oh=00_AfDoGys8RETwZBOq_AVeuiaLLYNsGpfZuQwwYjK497P5eA&oe=65363BC6&_nc_sid=ce9561""",false,"""1049699132""","""1049699132""",0,[],0,false,"""17841401053976401"""
false,"{""is_possible_scammer"": false, ""is_possible_impersonator"": {""is_unconnected_impersonator"": false, ""connected_similar_user_id"": null}, ""is_possible_impersonator_threads"": {""is_unconnected_impersonator"": false, ""connected_similar_user_id"": null}}","""Nicolas Dionne ⚜""",false,"""nicolas.dionne""","""""","""""","""3017423171473794675_341296941""","""341296941""",false,"""https://scontent-yyz1-1.cdninstagram.com/v/t51.2885-19/325744768_1794559094240360_5938538717796512560_n.jpg?stp=dst-jpg_s150x150&_nc_ht=scontent-yyz1-1.cdninstagram.com&_nc_cat=108&_nc_ohc=VX66WiTl0PAAX80sB30&edm=ALB854YBAAAA&ccb=7-5&oh=00_AfCuTdfe6sAqZUVLj88PnZrimYkObmhbMztM2pvfff6DXg&oe=6536981B&_nc_sid=ce9561""",false,"""341296941""","""341296941""",0,[],0,false,"""17841401468235332"""
false,"{""is_possible_scammer"": false, ""is_possible_impersonator"": {""is_unconnected_impersonator"": false, ""connected_similar_user_id"": null}, ""is_possible_impersonator_threads"": {""is_unconnected_impersonator"": false, ""connected_similar_user_id"": null}}","""VJL""",false,"""valjl_11""","""""","""""","""3202883570661187931_1669437869""","""1669437869""",true,"""https://scontent-yyz1-1.cdninstagram.com/v/t51.2885-19/384318774_1342335016656027_3711209570022678666_n.jpg?stp=dst-jpg_s150x150&_nc_ht=scontent-yyz1-1.cdninstagram.com&_nc_cat=103&_nc_ohc=MYh5KhJDg8IAX9aUSDt&edm=ALB854YBAAAA&ccb=7-5&oh=00_AfC8PW-UENXdurx69hNtyTi2XwWQ7mg69MBU7h9E_CHRhw&oe=6536F18B&_nc_sid=ce9561""",false,"""1669437869""","""1669437869""",0,[],0,false,"""17841401856096084"""
false,"{""is_possible_scammer"": false, ""is_possible_impersonator"": {""is_unconnected_impersonator"": false, ""connected_similar_user_id"": null}, ""is_possible_impersonator_threads"": {""is_unconnected_impersonator"": false, ""connected_similar_user_id"": null}}","""amber pour les intimes""",false,"""ambrelabussiere""","""""","""""","""3060937166478165898_1796491633""","""1796491633""",true,"""https://scontent-yyz1-1.cdninstagram.com/v/t51.2885-19/336310138_227578199734202_8229256563740632215_n.jpg?stp=dst-jpg_s150x150&_nc_ht=scontent-yyz1-1.cdninstagram.com&_nc_cat=102&_nc_ohc=QFXscLsQ644AX8GYuFO&edm=ALB854YBAAAA&ccb=7-5&oh=00_AfDTyUo3axTdiZoTwpRlPe-z2jBJHfYoxdsF5Edddtntkg&oe=65379625&_nc_sid=ce9561""",false,"""1796491633""","""1796491633""",0,[],0,false,"""17841400349018070"""
false,"{""is_possible_scammer"": false, ""is_possible_impersonator"": {""is_unconnected_impersonator"": false, ""connected_similar_user_id"": null}, ""is_possible_impersonator_threads"": {""is_unconnected_impersonator"": false, ""connected_similar_user_id"": null}}","""Charlotte Hue""",false,"""charlottehue_""","""""","""""","""3184777279229671587_483199537""","""483199537""",true,"""https://scontent-yyz1-1.cdninstagram.com/v/t51.2885-19/374176606_228197443554950_8078645007679276287_n.jpg?stp=dst-jpg_s150x150&_nc_ht=scontent-yyz1-1.cdninstagram.com&_nc_cat=102&_nc_ohc=LTadirwRgysAX_dRRAl&edm=ALB854YBAAAA&ccb=7-5&oh=00_AfDfKkTVm7QnvSCFkdvg0f3693mgG-lrbqYo7n9N0xEFOg&oe=6537BA1A&_nc_sid=ce9561""",false,"""483199537""","""483199537""",0,[],0,false,"""17841401906117549"""
false,"{""is_possible_scammer"": false, ""is_possible_impersonator"": {""is_unconnected_impersonator"": false, ""connected_similar_user_id"": null}, ""is_possible_impersonator_threads"": {""is_unconnected_impersonator"": false, ""connected_similar_user_id"": null}}","""Anya Chalotra""",true,"""anyachalotra""","""""","""""","""3007169096747530666_226331711""","""226331711""",false,"""https://scontent-yyz1-1.cdninstagram.com/v/t51.2885-19/323548333_875207227125652_2612489270755936449_n.jpg?stp=dst-jpg_s150x150&_nc_ht=scontent-yyz1-1.cdninstagram.com&_nc_cat=104&_nc_ohc=RApdhAYVcqkAX8Op4ij&edm=ALB854YBAAAA&ccb=7-5&oh=00_AfD2QZU-D08_g0v3lvWuVeKQytHVrAOoHTIT7NJ-jg1VFw&oe=6537BA87&_nc_sid=ce9561""",false,"""226331711""","""226331711""",0,[],0,false,"""17841400831333536"""
false,"{""is_possible_scammer"": false, ""is_possible_impersonator"": {""is_unconnected_impersonator"": false, ""connected_similar_user_id"": null}, ""is_possible_impersonator_threads"": {""is_unconnected_impersonator"": false, ""connected_similar_user_id"": null}}","""Erika Ramos 👑""",false,"""ayriiiica""","""""","""""","""3113508705329049318_230120527""","""230120527""",true,"""https://scontent-yyz1-1.cdninstagram.com/v/t51.2885-19/349592676_249873790962096_7066888094443063510_n.jpg?stp=dst-jpg_s150x150&_nc_ht=scontent-yyz1-1.cdninstagram.com&_nc_cat=100&_nc_ohc=Fg-f5eVQmQYAX8ftzvx&edm=ALB854YBAAAA&ccb=7-5&oh=00_AfAhbGcm-Gnu2ZMoIKLETonUPI3AkyyeP7Otgvwf_rrL9Q&oe=6536DD24&_nc_sid=ce9561""",false,"""230120527""","""230120527""",0,[],0,false,"""17841401215813595"""
false,"{""is_possible_scammer"": false, ""is_possible_impersonator"": {""is_unconnected_impersonator"": false, ""connected_similar_user_id"": null}, ""is_possible_impersonator_threads"": {""is_unconnected_impersonator"": false, ""connected_similar_user_id"": null}}","""camille""",false,"""cam_grondin""","""""","""""","""2882962456059762112_2287504639""","""2287504639""",true,"""https://scontent-yyz1-1.cdninstagram.com/v/t51.2885-19/293350340_325423423019672_6359374126827349357_n.jpg?stp=dst-jpg_s150x150&_nc_ht=scontent-yyz1-1.cdninstagram.com&_nc_cat=108&_nc_ohc=73j0pHpPEm4AX9HFhuD&edm=ALB854YBAAAA&ccb=7-5&oh=00_AfAjUX_B3JSwy5qPi9pKmxYNsjMszNbskJ9-go-W1saQLQ&oe=6536E6E0&_nc_sid=ce9561""",false,"""2287504639""","""2287504639""",0,[],0,false,"""17841402179185938"""
false,"{""is_possible_scammer"": false, ""is_possible_impersonator"": {""is_unconnected_impersonator"": false, ""connected_similar_user_id"": null}, ""is_possible_impersonator_threads"": {""is_unconnected_impersonator"": false, ""connected_similar_user_id"": null}}","""Mikaëlle Fleury""",false,"""mik_fl""","""""","""""","""2995377789583718105_1552714905""","""1552714905""",true,"""https://scontent-yyz1-1.cdninstagram.com/v/t51.2885-19/320382189_1129161044428367_6990299001573369742_n.jpg?stp=dst-jpg_s150x150&_nc_ht=scontent-yyz1-1.cdninstagram.com&_nc_cat=111&_nc_ohc=Tk9VEHDmVL8AX8f40hz&edm=ALB854YBAAAA&ccb=7-5&oh=00_AfApbORbqk6jugORWzo_gO9xDw4i_573v5-Nv5usfWWqHg&oe=65367BFE&_nc_sid=ce9561""",false,"""1552714905""","""1552714905""",0,[],0,false,"""17841400327174261"""
false,"{""is_possible_scammer"": false, ""is_possible_impersonator"": {""is_unconnected_impersonator"": false, ""connected_similar_user_id"": null}, ""is_possible_impersonator_threads"": {""is_unconnected_impersonator"": false, ""connected_similar_user_id"": null}}","""Laulau Laroche""",false,"""lau.laroche""","""""","""""","""3184093503768094692_1619742097""","""1619742097""",true,"""https://scontent-yyz1-1.cdninstagram.com/v/t51.2885-19/374480577_1029828445026533_5681388417208366623_n.jpg?stp=dst-jpg_s150x150&_nc_ht=scontent-yyz1-1.cdninstagram.com&_nc_cat=105&_nc_ohc=MRll6rJfGjwAX_Xb0pB&edm=ALB854YBAAAA&ccb=7-5&oh=00_AfDLu37semQxEhMgDJgka8A58AeqEpd4mMuoMA-uG96juQ&oe=6536A243&_nc_sid=ce9561""",false,"""1619742097""","""1619742097""",0,[],0,false,"""17841400902935308"""
false,"{""is_possible_scammer"": false, ""is_possible_impersonator"": {""is_unconnected_impersonator"": false, ""connected_similar_user_id"": null}, ""is_possible_impersonator_threads"": {""is_unconnected_impersonator"": false, ""connected_similar_user_id"": null}}","""""",false,"""hg_amall""","""""","""""","""3215191695620221057_1913801405""","""1913801405""",true,"""https://scontent-yyz1-1.cdninstagram.com/v/t51.2885-19/391448019_1034780811282982_2280155427279918724_n.jpg?stp=dst-jpg_s150x150&_nc_ht=scontent-yyz1-1.cdninstagram.com&_nc_cat=110&_nc_ohc=rIGr9XZtvGAAX-wckSW&edm=ALB854YBAAAA&ccb=7-5&oh=00_AfACt0Y7O7V4SMTHSsG9YRnbdrFYy-hbKc02nkCvX5xs3g&oe=6536A0E6&_nc_sid=ce9561""",false,"""1913801405""","""1913801405""",0,[],0,false,"""17841400282179903"""
false,"{""is_possible_scammer"": false, ""is_possible_impersonator"": {""is_unconnected_impersonator"": false, ""connected_similar_user_id"": null}, ""is_possible_impersonator_threads"": {""is_unconnected_impersonator"": false, ""connected_similar_user_id"": null}}","""alyssa""",false,"""lucasalys""","""""","""""","""2276697542849514846_435224149""","""435224149""",true,"""https://scontent-yyz1-1.cdninstagram.com/v/t51.2885-19/92057248_845988162493006_1637965561642090496_n.jpg?stp=dst-jpg_s150x150&_nc_ht=scontent-yyz1-1.cdninstagram.com&_nc_cat=110&_nc_ohc=mPG4p7SLkLUAX-wUnDL&edm=ALB854YBAAAA&ccb=7-5&oh=00_AfAc7GDR7PdlrrvfbiMkH8TnAFDOg1YijwxD-IPddQelJA&oe=6536A4CC&_nc_sid=ce9561""",false,"""435224149""","""435224149""",0,[],0,false,"""17841400724476800"""
true,"{""is_possible_scammer"": false, ""is_possible_impersonator"": {""is_unconnected_impersonator"": false, ""connected_similar_user_id"": null}, ""is_possible_impersonator_threads"": {""is_unconnected_impersonator"": false, ""connected_similar_user_id"": null}}","""Mélina Lapointe""",false,"""millapointe""","""""","""""","""""","""516787648""",true,"""https://instagram.fath5-1.fna.fbcdn.net/v/t51.2885-19/44884218_345707102882519_2446069589734326272_n.jpg?_nc_ht=instagram.fath5-1.fna.fbcdn.net&_nc_cat=1&_nc_ohc=RL4se8fak_MAX9BlILP&edm=AEVnrqQBAAAA&ccb=7-5&ig_cache_key=YW5vbnltb3VzX3Byb2ZpbGVfcGlj.2-ccb7-5&oh=00_AfB20gvKs6sjJZ-gWxA3JbdOFKk4ufif6XqGFY44_Z4phg&oe=6537D14F&_nc_sid=f8b7b3""",false,"""516787648""","""516787648""",0,[],0,false,"""17841401549448074"""
false,"{""is_possible_scammer"": false, ""is_possible_impersonator"": {""is_unconnected_impersonator"": false, ""connected_similar_user_id"": null}, ""is_possible_impersonator_threads"": {""is_unconnected_impersonator"": false, ""connected_similar_user_id"": null}}","""Karine Vigneault""",false,"""karine_vigneault""","""""","""""","""2982483441309612240_1107959026""","""1107959026""",true,"""https://scontent-yyz1-1.cdninstagram.com/v/t51.2885-19/317243074_1156818071687186_7074959665456228239_n.jpg?stp=dst-jpg_s150x150&_nc_ht=scontent-yyz1-1.cdninstagram.com&_nc_cat=102&_nc_ohc=Gqd9BJSV-aIAX8Tibuk&edm=ALB854YBAAAA&ccb=7-5&oh=00_AfAizGuH57UH4S2tNo3hu9yWyNNIlDH6Z6O3E8mee8IhdA&oe=65364B5B&_nc_sid=ce9561""",false,"""1107959026""","""1107959026""",0,[],0,false,"""17841401650797311"""
false,"{""is_possible_scammer"": false, ""is_possible_impersonator"": {""is_unconnected_impersonator"": false, ""connected_similar_user_id"": null}, ""is_possible_impersonator_threads"": {""is_unconnected_impersonator"": false, ""connected_similar_user_id"": null}}","""En plein ca""",false,"""coucherdesoleilsurlechemin""","""""","""""","""1935890850609555613_9475063346""","""9475063346""",false,"""https://scontent-yyz1-1.cdninstagram.com/v/t51.2885-19/46780037_2210248645906496_4674942648950194176_n.jpg?stp=dst-jpg_s150x150&_nc_ht=scontent-yyz1-1.cdninstagram.com&_nc_cat=108&_nc_ohc=qBfd1LkmUqoAX_a2Lkh&edm=ALB854YBAAAA&ccb=7-5&oh=00_AfCgDAzjp2mn5laJcVryR4vN0s7uLeiAjkJWY3pg_VbTiw&oe=65374E7E&_nc_sid=ce9561""",false,"""9475063346""","""9475063346""",0,[],0,false,"""17841409580394382"""
false,"{""is_possible_scammer"": false, ""is_possible_impersonator"": {""is_unconnected_impersonator"": false, ""connected_similar_user_id"": null}, ""is_possible_impersonator_threads"": {""is_unconnected_impersonator"": false, ""connected_similar_user_id"": null}}","""Geneviève 🫶""",false,"""genesaisquoi""","""""","""""","""3214388984820433933_279585653""","""279585653""",true,"""https://scontent-yyz1-1.cdninstagram.com/v/t51.2885-19/391500203_331717842735785_2994988493821428860_n.jpg?stp=dst-jpg_s150x150&_nc_ht=scontent-yyz1-1.cdninstagram.com&_nc_cat=105&_nc_ohc=xhuvUiJM-NwAX-r-m-f&edm=ALB854YBAAAA&ccb=7-5&oh=00_AfCcZagMlBqT9YPxt5-dnAyDPLxrOrUw69M0BFJF0pRjaQ&oe=65362102&_nc_sid=ce9561""",false,"""279585653""","""279585653""",0,[],0,false,"""17841401009594368"""
false,"{""is_possible_scammer"": false, ""is_possible_impersonator"": {""is_unconnected_impersonator"": false, ""connected_similar_user_id"": null}, ""is_possible_impersonator_threads"": {""is_unconnected_impersonator"": false, ""connected_similar_user_id"": null}}","""Joé Durand""",false,"""joe.dur""","""""","""""","""2921648211896115005_1665182997""","""1665182997""",true,"""https://scontent-yyz1-1.cdninstagram.com/v/t51.2885-19/305208372_830193861305803_8044760589403860761_n.jpg?stp=dst-jpg_s150x150&_nc_ht=scontent-yyz1-1.cdninstagram.com&_nc_cat=107&_nc_ohc=GVl8kPIVFeIAX-g26Vm&edm=ALB854YBAAAA&ccb=7-5&oh=00_AfCaiUZ1DKS-sO1xVhzdb__IklnbvXXD4Gyz_C8_0NezIg&oe=6537E209&_nc_sid=ce9561""",false,"""1665182997""","""1665182997""",0,[],0,false,"""17841400929936018"""
false,"{""is_possible_scammer"": false, ""is_possible_impersonator"": {""is_unconnected_impersonator"": false, ""connected_similar_user_id"": null}, ""is_possible_impersonator_threads"": {""is_unconnected_impersonator"": false, ""connected_similar_user_id"": null}}","""Andréanne Blais""",false,"""andreanne_blais""","""""","""""","""2778333696572964789_1523949670""","""1523949670""",true,"""https://scontent-yyz1-1.cdninstagram.com/v/t51.2885-19/274335264_638203414154829_226205086956287509_n.jpg?stp=dst-jpg_s150x150&_nc_ht=scontent-yyz1-1.cdninstagram.com&_nc_cat=109&_nc_ohc=nj78VchIFp0AX-xAl-x&edm=ALB854YBAAAA&ccb=7-5&oh=00_AfBK91BMAoUPHGaMK3sHVFEQwT7ZhLQk8AwzkhrSvhvulg&oe=6536F7CE&_nc_sid=ce9561""",false,"""1523949670""","""1523949670""",0,[],0,false,"""17841401370123811"""
false,"{""is_possible_scammer"": false, ""is_possible_impersonator"": {""is_unconnected_impersonator"": false, ""connected_similar_user_id"": null}, ""is_possible_impersonator_threads"": {""is_unconnected_impersonator"": false, ""connected_similar_user_id"": null}}","""""",false,"""maddgrn""","""""","""""","""3183846043439292107_258882923""","""258882923""",false,"""https://scontent-yyz1-1.cdninstagram.com/v/t51.2885-19/374593698_1031071351223906_8132515963483769186_n.jpg?stp=dst-jpg_s150x150&_nc_ht=scontent-yyz1-1.cdninstagram.com&_nc_cat=102&_nc_ohc=_nevjLWJoEQAX8UUpLM&edm=ALB854YBAAAA&ccb=7-5&oh=00_AfByKwlDqOj2ipzAYLyButlXuFopMCnxQ_aPkzuWqnTItw&oe=653617C0&_nc_sid=ce9561""",false,"""258882923""","""258882923""",0,[],0,false,"""17841400087694045"""
false,"{""is_possible_scammer"": false, ""is_possible_impersonator"": {""is_unconnected_impersonator"": false, ""connected_similar_user_id"": null}, ""is_possible_impersonator_threads"": {""is_unconnected_impersonator"": false, ""connected_similar_user_id"": null}}","""LC ✰""",false,"""leanacrsl""","""""","""""","""3210604304653791553_3298050029""","""3298050029""",true,"""https://scontent-yyz1-1.cdninstagram.com/v/t51.2885-19/387291709_2660035617492926_8344395381858982759_n.jpg?stp=dst-jpg_s150x150&_nc_ht=scontent-yyz1-1.cdninstagram.com&_nc_cat=102&_nc_ohc=qJ9qyUOJqrcAX9uoEjc&edm=ALB854YBAAAA&ccb=7-5&oh=00_AfABue1utxs9Q1CqvdpNb8V3ZmlZ5GB_bhMout-FvZPxbw&oe=6537E30F&_nc_sid=ce9561""",false,"""3298050029""","""3298050029""",0,[],0,false,"""17841403180892256"""
false,"{""is_possible_scammer"": false, ""is_possible_impersonator"": {""is_unconnected_impersonator"": false, ""connected_similar_user_id"": null}, ""is_possible_impersonator_threads"": {""is_unconnected_impersonator"": false, ""connected_similar_user_id"": null}}","""Leah""",false,"""thecurvyfashionista_""","""""","""""","""2759935013419225804_1461690152""","""1461690152""",false,"""https://scontent-yyz1-1.cdninstagram.com/v/t51.2885-19/272683375_672165020819144_3130221780667776010_n.jpg?stp=dst-jpg_s150x150&_nc_ht=scontent-yyz1-1.cdninstagram.com&_nc_cat=108&_nc_ohc=nWDAY9c80roAX_G_7b2&edm=ALB854YBAAAA&ccb=7-5&oh=00_AfDK3QXBJMYlOJOHlifcz9pA-RRmS-1e4AUQmz7cEcWclQ&oe=65360D90&_nc_sid=ce9561""",false,"""1461690152""","""1461690152""",0,[],0,false,"""17841401744582838"""
false,"{""is_possible_scammer"": false, ""is_possible_impersonator"": {""is_unconnected_impersonator"": false, ""connected_similar_user_id"": null}, ""is_possible_impersonator_threads"": {""is_unconnected_impersonator"": false, ""connected_similar_user_id"": null}}","""Elizabeth Lemieux""",false,"""elizabeth_0o3""","""""","""""","""2838935771857611066_5732712316""","""5732712316""",true,"""https://scontent-yyz1-1.cdninstagram.com/v/t51.2885-19/281433660_345145217604716_965160573722808926_n.jpg?stp=dst-jpg_s150x150&_nc_ht=scontent-yyz1-1.cdninstagram.com&_nc_cat=108&_nc_ohc=mbesyR_B2rIAX_HaScb&edm=ALB854YBAAAA&ccb=7-5&oh=00_AfAYAOZIw4alu2HSe8znhDuSpA1m6jCM9-D9m-Zq2cDzJw&oe=65363C4C&_nc_sid=ce9561""",false,"""5732712316""","""5732712316""",0,[],0,false,"""17841405529506589"""
false,"{""is_possible_scammer"": false, ""is_possible_impersonator"": {""is_unconnected_impersonator"": false, ""connected_similar_user_id"": null}, ""is_possible_impersonator_threads"": {""is_unconnected_impersonator"": false, ""connected_similar_user_id"": null}}","""Nesrine Belhaska""",false,"""nesrine_bh""","""""","""""","""2802634987704905738_401524213""","""401524213""",true,"""https://scontent-yyz1-1.cdninstagram.com/v/t51.2885-19/277243092_152732870496648_7562652618951250148_n.jpg?stp=dst-jpg_s150x150&_nc_ht=scontent-yyz1-1.cdninstagram.com&_nc_cat=100&_nc_ohc=NWaHaRuv-scAX_MopJW&edm=ALB854YBAAAA&ccb=7-5&oh=00_AfADQIxJ3CmoWCSQMHPP3Ej-YkyULFmKo-xrO9gyoOu63A&oe=65377853&_nc_sid=ce9561""",false,"""401524213""","""401524213""",0,[],0,false,"""17841401566396273"""
false,"{""is_possible_scammer"": false, ""is_possible_impersonator"": {""is_unconnected_impersonator"": false, ""connected_similar_user_id"": null}, ""is_possible_impersonator_threads"": {""is_unconnected_impersonator"": false, ""connected_similar_user_id"": null}}","""Angélique Houle""",false,"""angelique_houle""","""""","""""","""3180294866231466725_1203772521""","""1203772521""",true,"""https://scontent-yyz1-1.cdninstagram.com/v/t51.2885-19/371310632_986594719062652_2488979550855252892_n.jpg?stp=dst-jpg_s150x150&_nc_ht=scontent-yyz1-1.cdninstagram.com&_nc_cat=104&_nc_ohc=aGo-Xd-dZMwAX-qIWY1&edm=ALB854YBAAAA&ccb=7-5&oh=00_AfA1yiFlkOHCpv5drErfYwq5ggh_DzxXie963a-lk0KxHg&oe=65377E5D&_nc_sid=ce9561""",false,"""1203772521""","""1203772521""",0,[],0,false,"""17841401815648808"""
false,"{""is_possible_scammer"": false, ""is_possible_impersonator"": {""is_unconnected_impersonator"": false, ""connected_similar_user_id"": null}, ""is_possible_impersonator_threads"": {""is_unconnected_impersonator"": false, ""connected_similar_user_id"": null}}","""ZYP®""",false,"""zyp_official""","""""","""""","""2390994374098790252_10420773214""","""10420773214""",false,"""https://scontent-yyz1-1.cdninstagram.com/v/t51.2885-19/118768642_1143222719405141_7578909534194104449_n.jpg?stp=dst-jpg_s150x150&_nc_ht=scontent-yyz1-1.cdninstagram.com&_nc_cat=105&_nc_ohc=pk_XjBWBKWIAX_fCnMI&edm=ALB854YBAAAA&ccb=7-5&oh=00_AfBNVwR_I7Vn32GlWKF0sBF1BY2slxb1BM1mtqu-88K2mA&oe=6537052E&_nc_sid=ce9561""",false,"""10420773214""","""10420773214""",0,[],0,false,"""17841410476432596"""
false,"{""is_possible_scammer"": false, ""is_possible_impersonator"": {""is_unconnected_impersonator"": false, ""connected_similar_user_id"": null}, ""is_possible_impersonator_threads"": {""is_unconnected_impersonator"": false, ""connected_similar_user_id"": null}}","""Zaim""",false,"""zaim.sandre""","""""","""""","""2579757281980572317_4548763655""","""4548763655""",true,"""https://scontent-yyz1-1.cdninstagram.com/v/t51.2885-19/189924345_486397432411625_3063741435802021418_n.jpg?stp=dst-jpg_s150x150&_nc_ht=scontent-yyz1-1.cdninstagram.com&_nc_cat=105&_nc_ohc=c1TORKMD_VoAX_O-9wh&edm=ALB854YBAAAA&ccb=7-5&oh=00_AfBpYkMyztNDxFaTJ-F0DO8L1uw9jGVCryY5EAh12Q_NWg&oe=6536998F&_nc_sid=ce9561""",false,"""4548763655""","""4548763655""",0,[],0,false,"""17841404429678595"""
false,"{""is_possible_scammer"": false, ""is_possible_impersonator"": {""is_unconnected_impersonator"": false, ""connected_similar_user_id"": null}, ""is_possible_impersonator_threads"": {""is_unconnected_impersonator"": false, ""connected_similar_user_id"": null}}","""Laurie Lecours-Bélisle""",false,"""lau_2360""","""""","""""","""2977436012913822525_2192078553""","""2192078553""",true,"""https://scontent-yyz1-1.cdninstagram.com/v/t51.2885-19/316364096_1809507362731155_141927074446585946_n.jpg?stp=dst-jpg_s150x150&_nc_ht=scontent-yyz1-1.cdninstagram.com&_nc_cat=103&_nc_ohc=HEqbCk_mOpgAX8phYI3&edm=ALB854YBAAAA&ccb=7-5&oh=00_AfDktqu4zamWmz8a5eT5pBYczK-DkITEgplEOFC6fYhEEA&oe=653789D1&_nc_sid=ce9561""",false,"""2192078553""","""2192078553""",0,[],0,false,"""17841402356594009"""
false,"{""is_possible_scammer"": false, ""is_possible_impersonator"": {""is_unconnected_impersonator"": false, ""connected_similar_user_id"": null}, ""is_possible_impersonator_threads"": {""is_unconnected_impersonator"": false, ""connected_similar_user_id"": null}}","""Political Insights""",false,"""politicalinsights""","""""","""""","""1609052480742430936_5931826992""","""5931826992""",false,"""https://scontent-yyz1-1.cdninstagram.com/v/t51.2885-19/21878801_173590063216187_8971722721796816896_n.jpg?stp=dst-jpg_s150x150&_nc_ht=scontent-yyz1-1.cdninstagram.com&_nc_cat=111&_nc_ohc=tTnvUmODb1YAX82KMQ4&edm=ALB854YBAAAA&ccb=7-5&oh=00_AfB9TPLadePsgSQWo2_8QEdvK5C0BrFGq0tkSM-7hr3ScQ&oe=653615EC&_nc_sid=ce9561""",false,"""5931826992""","""5931826992""",0,[],0,false,"""17841405849781478"""
false,"{""is_possible_scammer"": false, ""is_possible_impersonator"": {""is_unconnected_impersonator"": false, ""connected_similar_user_id"": null}, ""is_possible_impersonator_threads"": {""is_unconnected_impersonator"": false, ""connected_similar_user_id"": null}}","""Christine Cantin""",false,"""christine.cantin.18""","""""","""""","""2760436395707319531_6930281949""","""6930281949""",true,"""https://scontent-yyz1-1.cdninstagram.com/v/t51.2885-19/272688379_4850725415008699_6817628890606402372_n.jpg?stp=dst-jpg_s150x150&_nc_ht=scontent-yyz1-1.cdninstagram.com&_nc_cat=107&_nc_ohc=1cAENal1uT4AX-wV_JR&edm=ALB854YBAAAA&ccb=7-5&oh=00_AfDlHRODpsSRdqpVteeAreQE6MZf0SryXoXLNdAfHT0Nzg&oe=6536EF2F&_nc_sid=ce9561""",false,"""6930281949""","""6930281949""",0,[],0,false,"""17841406778496285"""
false,"{""is_possible_scammer"": false, ""is_possible_impersonator"": {""is_unconnected_impersonator"": false, ""connected_similar_user_id"": null}, ""is_possible_impersonator_threads"": {""is_unconnected_impersonator"": false, ""connected_similar_user_id"": null}}","""makeup beauty viid""",false,"""makeupbeautyviid""","""""","""""","""2287913872904276338_28485478977""","""28485478977""",false,"""https://scontent-yyz1-1.cdninstagram.com/v/t51.2885-19/93109470_845158252619572_4366975064122327040_n.jpg?stp=dst-jpg_s150x150&_nc_ht=scontent-yyz1-1.cdninstagram.com&_nc_cat=104&_nc_ohc=X0mcLOo4qTMAX-i8Nj5&edm=ALB854YBAAAA&ccb=7-5&oh=00_AfDXT0hLDxIsHHJgtIFu9d_tiPvPPKaRLgmX1KlCZMJW0w&oe=6537534E&_nc_sid=ce9561""",false,"""28485478977""","""28485478977""",0,[],0,false,"""17841428529330684"""
false,"{""is_possible_scammer"": false, ""is_possible_impersonator"": {""is_unconnected_impersonator"": false, ""connected_similar_user_id"": null}, ""is_possible_impersonator_threads"": {""is_unconnected_impersonator"": false, ""connected_similar_user_id"": null}}","""Andrea Gaumond""",false,"""andreagaumond""","""""","""""","""2726437783063090064_265159278""","""265159278""",true,"""https://scontent-yyz1-1.cdninstagram.com/v/t51.2885-19/265624509_473822440828923_560788979185869269_n.jpg?stp=dst-jpg_s150x150&_nc_ht=scontent-yyz1-1.cdninstagram.com&_nc_cat=103&_nc_ohc=V7Vl8o9A6yYAX_P-jg_&edm=ALB854YBAAAA&ccb=7-5&oh=00_AfCst1NObSy5IJmmVm8vH4TmyQr4nm_gUSmn5Bo6e0cM5Q&oe=6537D1CD&_nc_sid=ce9561""",false,"""265159278""","""265159278""",0,[],0,false,"""17841400218344143"""
false,"{""is_possible_scammer"": false, ""is_possible_impersonator"": {""is_unconnected_impersonator"": false, ""connected_similar_user_id"": null}, ""is_possible_impersonator_threads"": {""is_unconnected_impersonator"": false, ""connected_similar_user_id"": null}}","""Hadji Cissé""",false,"""hadjicis03""","""""","""""","""3206443850809441458_487603549""","""487603549""",true,"""https://scontent-yyz1-1.cdninstagram.com/v/t51.2885-19/385751364_837393844531302_4815559109652576292_n.jpg?stp=dst-jpg_s150x150&_nc_ht=scontent-yyz1-1.cdninstagram.com&_nc_cat=106&_nc_ohc=3iSc1Oy9sJwAX8qPoC5&edm=ALB854YBAAAA&ccb=7-5&oh=00_AfA2yYeiMuFeR1FHF214l3XD2fXBo7fJuc9qKPpLMhyWqw&oe=65362429&_nc_sid=ce9561""",false,"""487603549""","""487603549""",0,[],0,false,"""17841401546477618"""
false,"{""is_possible_scammer"": false, ""is_possible_impersonator"": {""is_unconnected_impersonator"": false, ""connected_similar_user_id"": null}, ""is_possible_impersonator_threads"": {""is_unconnected_impersonator"": false, ""connected_similar_user_id"": null}}","""Marie-Laurence Morin""",false,"""mariel.morin""","""""","""""","""3135194790253587923_217490598""","""217490598""",true,"""https://scontent-yyz1-1.cdninstagram.com/v/t51.2885-19/356590867_808613537395469_7018281453670541023_n.jpg?stp=dst-jpg_s150x150&_nc_ht=scontent-yyz1-1.cdninstagram.com&_nc_cat=105&_nc_ohc=-8k_CBdQ3QUAX82sqyC&edm=ALB854YBAAAA&ccb=7-5&oh=00_AfBKj1C5wMrWkK5DOL2OIWmByaQmRcyI1usoNv7k3Qppng&oe=6536A893&_nc_sid=ce9561""",false,"""217490598""","""217490598""",0,[],0,false,"""17841400557943398"""
false,"{""is_possible_scammer"": false, ""is_possible_impersonator"": {""is_unconnected_impersonator"": false, ""connected_similar_user_id"": null}, ""is_possible_impersonator_threads"": {""is_unconnected_impersonator"": false, ""connected_similar_user_id"": null}}","""Karoll Castro""",false,"""karollcastroooo""","""""","""""","""3168686831587376857_8598712430""","""8598712430""",true,"""https://scontent-yyz1-1.cdninstagram.com/v/t51.2885-19/366539579_834975154507871_6163490782386744030_n.jpg?stp=dst-jpg_s150x150&_nc_ht=scontent-yyz1-1.cdninstagram.com&_nc_cat=111&_nc_ohc=fASwqoSojDQAX9iM0ak&edm=ALB854YBAAAA&ccb=7-5&oh=00_AfChmdQzNTJ4fnBWgO9l3qe1gv_2Em9IK-zuJk5Roa1HYA&oe=65363965&_nc_sid=ce9561""",false,"""8598712430""","""8598712430""",0,[],0,false,"""17841408412924839"""
false,"{""is_possible_scammer"": false, ""is_possible_impersonator"": {""is_unconnected_impersonator"": false, ""connected_similar_user_id"": null}, ""is_possible_impersonator_threads"": {""is_unconnected_impersonator"": false, ""connected_similar_user_id"": null}}","""Kylie Buzzell""",false,"""kyliebuzzell""","""""","""""","""3200514816136979013_273072472""","""273072472""",true,"""https://scontent-yyz1-1.cdninstagram.com/v/t51.2885-19/382625327_1193691522021497_2745821503205598519_n.jpg?stp=dst-jpg_s150x150&_nc_ht=scontent-yyz1-1.cdninstagram.com&_nc_cat=105&_nc_ohc=ZBP3bsRXdsIAX95bFzf&edm=ALB854YBAAAA&ccb=7-5&oh=00_AfA9OWsK7h5T7QpZ30v0brb7dWnPpJSVWm0qv6son2AkIw&oe=6537486E&_nc_sid=ce9561""",false,"""273072472""","""273072472""",0,[],0,false,"""17841401454164266"""
false,"{""is_possible_scammer"": false, ""is_possible_impersonator"": {""is_unconnected_impersonator"": false, ""connected_similar_user_id"": null}, ""is_possible_impersonator_threads"": {""is_unconnected_impersonator"": false, ""connected_similar_user_id"": null}}","""Jade""",false,"""mustangshaggy""","""""","""""","""3217350059745045862_9012628""","""9012628""",true,"""https://scontent-yyz1-1.cdninstagram.com/v/t51.2885-19/393189977_1277651606285214_4271138719872606296_n.jpg?stp=dst-jpg_s150x150&_nc_ht=scontent-yyz1-1.cdninstagram.com&_nc_cat=106&_nc_ohc=kU_mXBYqG5QAX8B9A4d&edm=ALB854YBAAAA&ccb=7-5&oh=00_AfCOqPV6hW6KsRjTdf2h4XsZLJ2yGEhuNCxAiJy-MO6Jjw&oe=653657CE&_nc_sid=ce9561""",false,"""9012628""","""9012628""",0,[],0,false,"""17841401578840140"""
false,"{""is_possible_scammer"": false, ""is_possible_impersonator"": {""is_unconnected_impersonator"": false, ""connected_similar_user_id"": null}, ""is_possible_impersonator_threads"": {""is_unconnected_impersonator"": false, ""connected_similar_user_id"": null}}","""Olivia Stevens""",false,"""olivia.stevensxx""","""""","""""","""2723608130497764120_789355094""","""789355094""",true,"""https://scontent-yyz1-1.cdninstagram.com/v/t51.2885-19/264875886_594331905193158_2100065238173319398_n.jpg?stp=dst-jpg_s150x150&_nc_ht=scontent-yyz1-1.cdninstagram.com&_nc_cat=106&_nc_ohc=Gg4e2iAFcVAAX9TokTp&edm=ALB854YBAAAA&ccb=7-5&oh=00_AfCnazQPzNiNoV11vAGjv1RxB6_3dfXwp6BbqUZeMBKhuQ&oe=6536EFFD&_nc_sid=ce9561""",false,"""789355094""","""789355094""",0,[],0,false,"""17841401292832333"""
false,"{""is_possible_scammer"": false, ""is_possible_impersonator"": {""is_unconnected_impersonator"": false, ""connected_similar_user_id"": null}, ""is_possible_impersonator_threads"": {""is_unconnected_impersonator"": false, ""connected_similar_user_id"": null}}","""Ｍａｒｉａｎｎｅ""",false,"""mmarie.loub""","""""","""""","""3077633226990920013_1563645397""","""1563645397""",true,"""https://scontent-yyz1-1.cdninstagram.com/v/t51.2885-19/340677620_951709346178185_6299712649622818090_n.jpg?stp=dst-jpg_s150x150&_nc_ht=scontent-yyz1-1.cdninstagram.com&_nc_cat=105&_nc_ohc=WPI4Zbk9Yf4AX82l-iz&edm=ALB854YBAAAA&ccb=7-5&oh=00_AfBsR_GB8XU4ZFWcXDy3qIIHdF5yEXVW4NAvPJPRJZJcDA&oe=65365411&_nc_sid=ce9561""",false,"""1563645397""","""1563645397""",0,[],0,false,"""17841401841934431"""
false,"{""is_possible_scammer"": false, ""is_possible_impersonator"": {""is_unconnected_impersonator"": false, ""connected_similar_user_id"": null}, ""is_possible_impersonator_threads"": {""is_unconnected_impersonator"": false, ""connected_similar_user_id"": null}}","""Anne Bélanger""",false,"""annebelanger3""","""""","""""","""2481588215189732888_733920374""","""733920374""",true,"""https://scontent-yyz1-1.cdninstagram.com/v/t51.2885-19/136973073_162534661913523_1824654672376218802_n.jpg?stp=dst-jpg_s150x150&_nc_ht=scontent-yyz1-1.cdninstagram.com&_nc_cat=103&_nc_ohc=t1_Ijt-KT7gAX_xxKh0&edm=ALB854YBAAAA&ccb=7-5&oh=00_AfC9BN5JXM9MiUwzl_LsZ9kZq0LqARAP21KJpqf8tyTiaA&oe=6537525E&_nc_sid=ce9561""",false,"""733920374""","""733920374""",0,[],0,false,"""17841400971231467"""
false,"{""is_possible_scammer"": false, ""is_possible_impersonator"": {""is_unconnected_impersonator"": false, ""connected_similar_user_id"": null}, ""is_possible_impersonator_threads"": {""is_unconnected_impersonator"": false, ""connected_similar_user_id"": null}}","""FLORENCE VENNE""",false,"""floovenne""","""""","""""","""3077972249848374099_867924110""","""867924110""",true,"""https://scontent-yyz1-1.cdninstagram.com/v/t51.2885-19/340671033_117669394623587_5580716438426072408_n.jpg?stp=dst-jpg_s150x150&_nc_ht=scontent-yyz1-1.cdninstagram.com&_nc_cat=111&_nc_ohc=WHsldKDXVnEAX8d_iYz&edm=ALB854YBAAAA&ccb=7-5&oh=00_AfD_XUVmVCm4gdxTrffjuvWE06j6Sqg6A96tFh2-j7QNHA&oe=65376FF4&_nc_sid=ce9561""",false,"""867924110""","""867924110""",0,[],0,false,"""17841400603313561"""
false,"{""is_possible_scammer"": false, ""is_possible_impersonator"": {""is_unconnected_impersonator"": false, ""connected_similar_user_id"": null}, ""is_possible_impersonator_threads"": {""is_unconnected_impersonator"": false, ""connected_similar_user_id"": null}}","""𝓜♡""",false,"""megan.thivierge""","""""","""""","""3121554572699220398_649697316""","""649697316""",true,"""https://scontent-yyz1-1.cdninstagram.com/v/t51.2885-19/352831383_813101349929506_8069721792617678121_n.jpg?stp=dst-jpg_s150x150&_nc_ht=scontent-yyz1-1.cdninstagram.com&_nc_cat=110&_nc_ohc=VKZeF0Zd5YAAX8P69n4&edm=ALB854YBAAAA&ccb=7-5&oh=00_AfCmT9oGGcRZrt5PDlukUjTusuFUVw93jTKrYKl5KHIfFQ&oe=6536AF87&_nc_sid=ce9561""",false,"""649697316""","""649697316""",0,[],0,false,"""17841400999490151"""
false,"{""is_possible_scammer"": false, ""is_possible_impersonator"": {""is_unconnected_impersonator"": false, ""connected_similar_user_id"": null}, ""is_possible_impersonator_threads"": {""is_unconnected_impersonator"": false, ""connected_similar_user_id"": null}}","""Krystel Gosselin Bouchard""",false,"""krysteliz""","""""","""""","""3208535043005602623_505599169""","""505599169""",true,"""https://scontent-yyz1-1.cdninstagram.com/v/t51.2885-19/386883377_763322298892805_5235359075755090029_n.jpg?stp=dst-jpg_s150x150&_nc_ht=scontent-yyz1-1.cdninstagram.com&_nc_cat=105&_nc_ohc=oPIWzxBlq3gAX9uOc_x&edm=ALB854YBAAAA&ccb=7-5&oh=00_AfDK1AY__ttHSJ8uk9Tg6_uKBw4ET9Dez3tBuzpHWesB9Q&oe=65365C2E&_nc_sid=ce9561""",false,"""505599169""","""505599169""",0,[],0,false,"""17841401895077899"""
false,"{""is_possible_scammer"": false, ""is_possible_impersonator"": {""is_unconnected_impersonator"": false, ""connected_similar_user_id"": null}, ""is_possible_impersonator_threads"": {""is_unconnected_impersonator"": false, ""connected_similar_user_id"": null}}","""""",false,"""zimard_""","""""","""""","""3168896963575316217_419980309""","""419980309""",true,"""https://scontent-yyz1-1.cdninstagram.com/v/t51.2885-19/367506859_312297234504854_2926713599484336373_n.jpg?stp=dst-jpg_s150x150&_nc_ht=scontent-yyz1-1.cdninstagram.com&_nc_cat=102&_nc_ohc=V1N00dricxcAX_Msa48&edm=ALB854YBAAAA&ccb=7-5&oh=00_AfAkiSrHKnmyXGrWxGgYUKXd3H93dBBOuENX04vPlclG6w&oe=6536577F&_nc_sid=ce9561""",false,"""419980309""","""419980309""",0,[],0,false,"""17841400369276562"""
false,"{""is_possible_scammer"": false, ""is_possible_impersonator"": {""is_unconnected_impersonator"": false, ""connected_similar_user_id"": null}, ""is_possible_impersonator_threads"": {""is_unconnected_impersonator"": false, ""connected_similar_user_id"": null}}","""Laura Bernard""",false,"""bernard.lauraa""","""""","""""","""2767009158978666422_1998137479""","""1998137479""",true,"""https://scontent-yyz1-1.cdninstagram.com/v/t51.2885-19/273455341_120686230494871_8070479709503717005_n.jpg?stp=dst-jpg_s150x150&_nc_ht=scontent-yyz1-1.cdninstagram.com&_nc_cat=107&_nc_ohc=TReOgvuMaUYAX9qEd7_&edm=ALB854YBAAAA&ccb=7-5&oh=00_AfC06-ryybJl8IQnoOlIlrp1UsflX8S8ZTLeCbu1WSio4g&oe=6537D251&_nc_sid=ce9561""",false,"""1998137479""","""1998137479""",0,[],0,false,"""17841401964379767"""
false,"{""is_possible_scammer"": false, ""is_possible_impersonator"": {""is_unconnected_impersonator"": false, ""connected_similar_user_id"": null}, ""is_possible_impersonator_threads"": {""is_unconnected_impersonator"": false, ""connected_similar_user_id"": null}}","""ليلى 🇲🇦🇨🇦""",false,"""l.ahndi""","""""","""""","""2839273345851605076_4522934813""","""4522934813""",true,"""https://scontent-yyz1-1.cdninstagram.com/v/t51.2885-19/281009680_747168466279563_5255209962803531205_n.jpg?stp=dst-jpg_s150x150&_nc_ht=scontent-yyz1-1.cdninstagram.com&_nc_cat=103&_nc_ohc=PDNK6yloJBEAX--Hr8_&edm=ALB854YBAAAA&ccb=7-5&oh=00_AfDR8ibb1XlhoF7oXi_jjM19O958RH1OsoqOfPTfvE41ww&oe=65364035&_nc_sid=ce9561""",false,"""4522934813""","""4522934813""",0,[],0,false,"""17841404524415366"""
false,"{""is_possible_scammer"": false, ""is_possible_impersonator"": {""is_unconnected_impersonator"": false, ""connected_similar_user_id"": null}, ""is_possible_impersonator_threads"": {""is_unconnected_impersonator"": false, ""connected_similar_user_id"": null}}","""Élodie Brunelle""",false,"""elo_brunelle""","""""","""""","""3173815106827580573_1335132853""","""1335132853""",true,"""https://scontent-yyz1-1.cdninstagram.com/v/t51.2885-19/368696139_1361697838036330_5871797051399888169_n.jpg?stp=dst-jpg_s150x150&_nc_ht=scontent-yyz1-1.cdninstagram.com&_nc_cat=110&_nc_ohc=dR-RQlOsa3oAX9glF-0&edm=ALB854YBAAAA&ccb=7-5&oh=00_AfDg8J3wN01cxgWgBXNZ6GgOrmdJDDO-kTFnV7VOKUsgxQ&oe=65375134&_nc_sid=ce9561""",false,"""1335132853""","""1335132853""",0,[],0,false,"""17841400865610861"""
false,"{""is_possible_scammer"": false, ""is_possible_impersonator"": {""is_unconnected_impersonator"": false, ""connected_similar_user_id"": null}, ""is_possible_impersonator_threads"": {""is_unconnected_impersonator"": false, ""connected_similar_user_id"": null}}","""Audrey Chapdelaine""",false,"""audreychapdelaine""","""""","""""","""3169230446076346254_418705862""","""418705862""",true,"""https://scontent-yyz1-1.cdninstagram.com/v/t51.2885-19/366947617_1222289588545985_1013560133740554748_n.jpg?stp=dst-jpg_s150x150&_nc_ht=scontent-yyz1-1.cdninstagram.com&_nc_cat=105&_nc_ohc=nXr0xBFSU-EAX9LUwtL&edm=ALB854YBAAAA&ccb=7-5&oh=00_AfBYpk2MwxbsBp9g73BdrIV5ocRV_ixJIO_i8O4BinHpBg&oe=653646B8&_nc_sid=ce9561""",false,"""418705862""","""418705862""",0,[],0,false,"""17841400535866542"""
false,"{""is_possible_scammer"": false, ""is_possible_impersonator"": {""is_unconnected_impersonator"": false, ""connected_similar_user_id"": null}, ""is_possible_impersonator_threads"": {""is_unconnected_impersonator"": false, ""connected_similar_user_id"": null}}","""Taylor""",false,"""taylor_dubois17""","""""","""""","""3198681862263820878_1627377235""","""1627377235""",true,"""https://scontent-yyz1-1.cdninstagram.com/v/t51.2885-19/381473940_3408202712754113_8350490615481542880_n.jpg?stp=dst-jpg_s150x150&_nc_ht=scontent-yyz1-1.cdninstagram.com&_nc_cat=105&_nc_ohc=YvkSkJq8o6IAX8-ybLY&edm=ALB854YBAAAA&ccb=7-5&oh=00_AfDirxeJNfEAvRNXQ3lN-EsAGdTdT7BfG-VKJG1HaxV55Q&oe=6536C817&_nc_sid=ce9561""",false,"""1627377235""","""1627377235""",0,[],0,false,"""17841401477075427"""
false,"{""is_possible_scammer"": false, ""is_possible_impersonator"": {""is_unconnected_impersonator"": false, ""connected_similar_user_id"": null}, ""is_possible_impersonator_threads"": {""is_unconnected_impersonator"": false, ""connected_similar_user_id"": null}}","""Jayden Goodsell""",false,"""jay.goodsell""","""""","""""","""3188810068040110861_3989517624""","""3989517624""",true,"""https://scontent-yyz1-1.cdninstagram.com/v/t51.2885-19/377854147_334324195609369_1522082864597635254_n.jpg?stp=dst-jpg_s150x150&_nc_ht=scontent-yyz1-1.cdninstagram.com&_nc_cat=101&_nc_ohc=xkl1Q1fKM2MAX8uF_MU&edm=ALB854YBAAAA&ccb=7-5&oh=00_AfCKgDhiQjfoiiV_-ik256C-FiZ77cP06WJsGxPz_dAlWQ&oe=65377EB4&_nc_sid=ce9561""",false,"""3989517624""","""3989517624""",0,[],0,false,"""17841404008738689"""
false,"{""is_possible_scammer"": false, ""is_possible_impersonator"": {""is_unconnected_impersonator"": false, ""connected_similar_user_id"": null}, ""is_possible_impersonator_threads"": {""is_unconnected_impersonator"": false, ""connected_similar_user_id"": null}}","""Meggan Giguère-Tétreault""",false,"""meggangiguere_""","""""","""""","""2926752330906363259_312417030""","""312417030""",true,"""https://scontent-yyz1-1.cdninstagram.com/v/t51.2885-19/306481916_546046877296145_4736815486655200587_n.jpg?stp=dst-jpg_s150x150&_nc_ht=scontent-yyz1-1.cdninstagram.com&_nc_cat=105&_nc_ohc=usBZ1paUyXIAX98GMG8&edm=ALB854YBAAAA&ccb=7-5&oh=00_AfDRLarc05gBuRyI3NGuLJEnj1olJqvR7a1zw4EpuCmN0Q&oe=6537F03C&_nc_sid=ce9561""",false,"""312417030""","""312417030""",0,[],0,false,"""17841400990904881"""
false,"{""is_possible_scammer"": false, ""is_possible_impersonator"": {""is_unconnected_impersonator"": false, ""connected_similar_user_id"": null}, ""is_possible_impersonator_threads"": {""is_unconnected_impersonator"": false, ""connected_similar_user_id"": null}}","""Ines Z.""",false,"""ines_z_""","""""","""""","""3124310405455519448_325869485""","""325869485""",true,"""https://scontent-yyz1-1.cdninstagram.com/v/t51.2885-19/353394659_566727845648284_7711341565309378006_n.jpg?stp=dst-jpg_s150x150&_nc_ht=scontent-yyz1-1.cdninstagram.com&_nc_cat=104&_nc_ohc=B1X5XxFIuR0AX95aTXg&edm=ALB854YBAAAA&ccb=7-5&oh=00_AfBjpNf4CLyPbp7WRPo0Q_aUcLGFODXznbu20m3hgc21tg&oe=653790EE&_nc_sid=ce9561""",false,"""325869485""","""325869485""",0,[],0,false,"""17841401364555091"""
false,"{""is_possible_scammer"": false, ""is_possible_impersonator"": {""is_unconnected_impersonator"": false, ""connected_similar_user_id"": null}, ""is_possible_impersonator_threads"": {""is_unconnected_impersonator"": false, ""connected_similar_user_id"": null}}","""🇪🇬🇪🇬""",false,"""adamxf.51""","""""","""""","""3133169776373519144_1783169348""","""1783169348""",true,"""https://scontent-yyz1-1.cdninstagram.com/v/t51.2885-19/355853023_151199887970483_1563396707061523709_n.jpg?stp=dst-jpg_s150x150&_nc_ht=scontent-yyz1-1.cdninstagram.com&_nc_cat=111&_nc_ohc=FXzMO_5PexAAX_6Zh1H&edm=ALB854YBAAAA&ccb=7-5&oh=00_AfASnUJmBrml8XUysDEmoacUswhfVhp0zI2qC6UOSLayKQ&oe=6537BF82&_nc_sid=ce9561""",false,"""1783169348""","""1783169348""",0,[],0,false,"""17841400040467862"""
false,"{""is_possible_scammer"": false, ""is_possible_impersonator"": {""is_unconnected_impersonator"": false, ""connected_similar_user_id"": null}, ""is_possible_impersonator_threads"": {""is_unconnected_impersonator"": false, ""connected_similar_user_id"": null}}","""Pénélope Cossette Fortin""",false,"""penelope.cossette""","""""","""""","""3144597013337431120_52814647349""","""52814647349""",true,"""https://scontent-yyz1-1.cdninstagram.com/v/t51.2885-19/359536171_798708551962914_7508816149789601881_n.jpg?stp=dst-jpg_s150x150&_nc_ht=scontent-yyz1-1.cdninstagram.com&_nc_cat=106&_nc_ohc=x4Or5dZNHfUAX9RcPrr&edm=ALB854YBAAAA&ccb=7-5&oh=00_AfDMVko_4MAQ3BO70bpsyazo_X3wuzCXcH9vYFPYnderFA&oe=65360A2D&_nc_sid=ce9561""",false,"""52814647349""","""52814647349""",0,[],0,false,"""17841453020471830"""
false,"{""is_possible_scammer"": false, ""is_possible_impersonator"": {""is_unconnected_impersonator"": false, ""connected_similar_user_id"": null}, ""is_possible_impersonator_threads"": {""is_unconnected_impersonator"": false, ""connected_similar_user_id"": null}}","""Carlos Prada""",false,"""gorilaprada""","""""","""""","""2865134310743155618_5481505317""","""5481505317""",true,"""https://scontent-yyz1-1.cdninstagram.com/v/t51.2885-19/289033798_357339573178710_920892729528651289_n.jpg?stp=dst-jpg_s150x150&_nc_ht=scontent-yyz1-1.cdninstagram.com&_nc_cat=106&_nc_ohc=C9iqDFfSbjcAX_ExiVt&edm=ALB854YBAAAA&ccb=7-5&oh=00_AfAhCJa64LXLosYpCm3eSVoXg94E8nFY8284oQmGWBXqXw&oe=6537F057&_nc_sid=ce9561""",false,"""5481505317""","""5481505317""",0,[],0,false,"""17841405319535188"""
false,"{""is_possible_scammer"": false, ""is_possible_impersonator"": {""is_unconnected_impersonator"": false, ""connected_similar_user_id"": null}, ""is_possible_impersonator_threads"": {""is_unconnected_impersonator"": false, ""connected_similar_user_id"": null}}","""Sara Atalla""",false,"""saratalll""","""""","""""","""3027639187050878283_2218293302""","""2218293302""",true,"""https://scontent-yyz1-1.cdninstagram.com/v/t51.2885-19/327820398_876275256918162_3751951857914291033_n.jpg?stp=dst-jpg_s150x150&_nc_ht=scontent-yyz1-1.cdninstagram.com&_nc_cat=106&_nc_ohc=O9wEaly15H8AX-_N1hB&edm=ALB854YBAAAA&ccb=7-5&oh=00_AfBLVz2j08ySaFtCBm5-m1i1qBspZCDyD1CY2_7OgmolkA&oe=653626D8&_nc_sid=ce9561""",false,"""2218293302""","""2218293302""",0,[],0,false,"""17841402319067286"""
false,"{""is_possible_scammer"": false, ""is_possible_impersonator"": {""is_unconnected_impersonator"": false, ""connected_similar_user_id"": null}, ""is_possible_impersonator_threads"": {""is_unconnected_impersonator"": false, ""connected_similar_user_id"": null}}","""Néva""",false,"""nevadowntown""","""""","""""","""3155540509736828951_446279650""","""446279650""",false,"""https://scontent-yyz1-1.cdninstagram.com/v/t51.2885-19/363267545_1684589371965407_6939622114328783349_n.jpg?stp=dst-jpg_s150x150&_nc_ht=scontent-yyz1-1.cdninstagram.com&_nc_cat=111&_nc_ohc=p2JYPl95nM8AX_dZXeR&edm=ALB854YBAAAA&ccb=7-5&oh=00_AfC7yBuLa_odQXxEIMVtfZMhT_N92_47GYYSBg27WdycLA&oe=6536C3FC&_nc_sid=ce9561""",false,"""446279650""","""446279650""",0,[],0,false,"""17841400229506973"""
false,"{""is_possible_scammer"": false, ""is_possible_impersonator"": {""is_unconnected_impersonator"": false, ""connected_similar_user_id"": null}, ""is_possible_impersonator_threads"": {""is_unconnected_impersonator"": false, ""connected_similar_user_id"": null}}","""Sylvie Labbé""",false,"""sylvielabbe""","""""","""""","""2533904595183628527_470000491""","""470000491""",true,"""https://scontent-yyz1-1.cdninstagram.com/v/t51.2885-19/161699139_289409869202669_9198012474478313176_n.jpg?stp=dst-jpg_s150x150&_nc_ht=scontent-yyz1-1.cdninstagram.com&_nc_cat=105&_nc_ohc=SaxkFPQl0-cAX_lH6wA&edm=ALB854YBAAAA&ccb=7-5&oh=00_AfDtQrj85KNnuCFEhsBL-ns69vNjfmduW7ADHquk_MuuoA&oe=65367727&_nc_sid=ce9561""",false,"""470000491""","""470000491""",0,[],0,false,"""17841401454737343"""
false,"{""is_possible_scammer"": false, ""is_possible_impersonator"": {""is_unconnected_impersonator"": false, ""connected_similar_user_id"": null}, ""is_possible_impersonator_threads"": {""is_unconnected_impersonator"": false, ""connected_similar_user_id"": null}}","""𝙼𝚘𝚕𝚕𝚢 𝙽𝚊𝚍𝚎𝚊𝚞""",false,"""mollynad""","""""","""""","""3204081717781458162_1090793658""","""1090793658""",true,"""https://scontent-yyz1-1.cdninstagram.com/v/t51.2885-19/385068931_1371641533710123_1193620840937730110_n.jpg?stp=dst-jpg_s150x150&_nc_ht=scontent-yyz1-1.cdninstagram.com&_nc_cat=103&_nc_ohc=IDZXNyizCm8AX9ebRp-&edm=ALB854YBAAAA&ccb=7-5&oh=00_AfClqt6I7Bjy1VYIyi9X7KsId6d3cBOYVqZD3CFMBFcOVg&oe=6536C0B1&_nc_sid=ce9561""",false,"""1090793658""","""1090793658""",0,[],0,false,"""17841401249757043"""
false,"{""is_possible_scammer"": false, ""is_possible_impersonator"": {""is_unconnected_impersonator"": false, ""connected_similar_user_id"": null}, ""is_possible_impersonator_threads"": {""is_unconnected_impersonator"": false, ""connected_similar_user_id"": null}}","""Marie-Pier Meilleur""",false,"""meilleur_mp""","""""","""""","""3180472589084163274_1475199727""","""1475199727""",true,"""https://scontent-yyz1-1.cdninstagram.com/v/t51.2885-19/371737103_800582751544877_1696250484001748368_n.jpg?stp=dst-jpg_s150x150&_nc_ht=scontent-yyz1-1.cdninstagram.com&_nc_cat=105&_nc_ohc=IEaCfb96EXAAX9aCQXh&edm=ALB854YBAAAA&ccb=7-5&oh=00_AfAaHV7CezDM_50_6DTY-s7Mhz-8vwuruOROa15-PWv6gQ&oe=6536D11C&_nc_sid=ce9561""",false,"""1475199727""","""1475199727""",0,[],0,false,"""17841401911833049"""
false,"{""is_possible_scammer"": false, ""is_possible_impersonator"": {""is_unconnected_impersonator"": false, ""connected_similar_user_id"": null}, ""is_possible_impersonator_threads"": {""is_unconnected_impersonator"": false, ""connected_similar_user_id"": null}}","""Arielle""",false,"""arielle.navette""","""""","""""","""3176724244263869570_4918360529""","""4918360529""",true,"""https://scontent-yyz1-1.cdninstagram.com/v/t51.2885-19/369622313_769847014915779_6504720448383306752_n.jpg?stp=dst-jpg_s150x150&_nc_ht=scontent-yyz1-1.cdninstagram.com&_nc_cat=103&_nc_ohc=vg3YjepivbAAX9F6--1&edm=ALB854YBAAAA&ccb=7-5&oh=00_AfCFYuKd76pD4qC9CoTkWH81reSS4UOxgnx5r1xlEfdk5g&oe=65362696&_nc_sid=ce9561""",false,"""4918360529""","""4918360529""",0,[],0,false,"""17841404815884795"""
false,"{""is_possible_scammer"": false, ""is_possible_impersonator"": {""is_unconnected_impersonator"": false, ""connected_similar_user_id"": null}, ""is_possible_impersonator_threads"": {""is_unconnected_impersonator"": false, ""connected_similar_user_id"": null}}","""美丽 Roy""",false,"""roy.maelie""","""""","""""","""2917322372375318126_403624623""","""403624623""",true,"""https://scontent-yyz1-1.cdninstagram.com/v/t51.2885-19/302173261_3299541136932025_4810201430869099734_n.jpg?stp=dst-jpg_s150x150&_nc_ht=scontent-yyz1-1.cdninstagram.com&_nc_cat=101&_nc_ohc=9-6zjFF6XvgAX82985L&edm=ALB854YBAAAA&ccb=7-5&oh=00_AfDRZJ9pJZkzsPnTsor23mrOFIeyVy-f1cr0Kur6LGunRg&oe=65378D0F&_nc_sid=ce9561""",false,"""403624623""","""403624623""",0,[],0,false,"""17841401218696306"""
false,"{""is_possible_scammer"": false, ""is_possible_impersonator"": {""is_unconnected_impersonator"": false, ""connected_similar_user_id"": null}, ""is_possible_impersonator_threads"": {""is_unconnected_impersonator"": false, ""connected_similar_user_id"": null}}","""Laura""",false,"""laugespinosag""","""""","""""","""3211357007931534240_275692038""","""275692038""",true,"""https://scontent-yyz1-1.cdninstagram.com/v/t51.2885-19/387703824_1053158232528403_7328272884387366184_n.jpg?stp=dst-jpg_s150x150&_nc_ht=scontent-yyz1-1.cdninstagram.com&_nc_cat=107&_nc_ohc=PCYLYSpbZLEAX-GQcJI&edm=ALB854YBAAAA&ccb=7-5&oh=00_AfCIdn1-Zr2ebe0inHZKabqlpmLgzr2hgjIxSePO8Mp_sQ&oe=65377F10&_nc_sid=ce9561""",false,"""275692038""","""275692038""",0,[],0,false,"""17841401321144307"""
false,"{""is_possible_scammer"": false, ""is_possible_impersonator"": {""is_unconnected_impersonator"": false, ""connected_similar_user_id"": null}, ""is_possible_impersonator_threads"": {""is_unconnected_impersonator"": false, ""connected_similar_user_id"": null}}","""Ross""",false,"""rociobelen_tr""","""""","""""","""3113142789718209831_527306672""","""527306672""",true,"""https://scontent-yyz1-1.cdninstagram.com/v/t51.2885-19/350095329_584417610445419_1066941747617695284_n.jpg?stp=dst-jpg_s150x150&_nc_ht=scontent-yyz1-1.cdninstagram.com&_nc_cat=103&_nc_ohc=QmTk7yZkv3EAX8JULWk&edm=ALB854YBAAAA&ccb=7-5&oh=00_AfC6Mbr1PoHJ9Q8crKmDozE0aHADRk3tWhNJAltwxOWk9w&oe=65379A1F&_nc_sid=ce9561""",false,"""527306672""","""527306672""",0,[],0,false,"""17841400320168239"""
false,"{""is_possible_scammer"": false, ""is_possible_impersonator"": {""is_unconnected_impersonator"": false, ""connected_similar_user_id"": null}, ""is_possible_impersonator_threads"": {""is_unconnected_impersonator"": false, ""connected_similar_user_id"": null}}","""Jasmine Bédard""",false,"""jasminebed""","""""","""""","""3191902621065070648_1520605740""","""1520605740""",true,"""https://scontent-yyz1-1.cdninstagram.com/v/t51.2885-19/378074219_308485271768593_1175527261460883252_n.jpg?stp=dst-jpg_s150x150&_nc_ht=scontent-yyz1-1.cdninstagram.com&_nc_cat=101&_nc_ohc=cEjogUjan5YAX-XLJgf&edm=ALB854YBAAAA&ccb=7-5&oh=00_AfAwnf_9KTob64gQwpbIz_mRTi6k8VcNlro2NgFIEsQflQ&oe=6536DE64&_nc_sid=ce9561""",false,"""1520605740""","""1520605740""",0,[],0,false,"""17841400892223759"""
false,"{""is_possible_scammer"": false, ""is_possible_impersonator"": {""is_unconnected_impersonator"": false, ""connected_similar_user_id"": null}, ""is_possible_impersonator_threads"": {""is_unconnected_impersonator"": false, ""connected_similar_user_id"": null}}","""Nelly Bilodeau ✨""",false,"""nelly_bilodeau""","""""","""""","""3189872196917957931_1599256541""","""1599256541""",true,"""https://scontent-yyz1-1.cdninstagram.com/v/t51.2885-19/377519355_816793896857112_6679335930774243753_n.jpg?stp=dst-jpg_s150x150&_nc_ht=scontent-yyz1-1.cdninstagram.com&_nc_cat=100&_nc_ohc=XSCNqyC9CP8AX-WVNmM&edm=ALB854YBAAAA&ccb=7-5&oh=00_AfBSPoeAypW2lTFwc4fglFu1iMXjF59jzTLCAPko4_D8tw&oe=653642B1&_nc_sid=ce9561""",false,"""1599256541""","""1599256541""",0,[],0,false,"""17841400736254988"""
false,"{""is_possible_scammer"": false, ""is_possible_impersonator"": {""is_unconnected_impersonator"": false, ""connected_similar_user_id"": null}, ""is_possible_impersonator_threads"": {""is_unconnected_impersonator"": false, ""connected_similar_user_id"": null}}","""Louis Lemay""",false,"""louis.lemay""","""""","""""","""3022294085587823879_1995856883""","""1995856883""",true,"""https://scontent-yyz1-1.cdninstagram.com/v/t51.2885-19/326827050_152722454240485_631489583129809347_n.jpg?stp=dst-jpg_s150x150&_nc_ht=scontent-yyz1-1.cdninstagram.com&_nc_cat=101&_nc_ohc=p95Wt0iDDB8AX_bHccf&edm=ALB854YBAAAA&ccb=7-5&oh=00_AfBAYBaGw7SbkqLLT8FGVDXJVzVn-kd7Gq0HWGwCKhO-mw&oe=65366025&_nc_sid=ce9561""",false,"""1995856883""","""1995856883""",0,[],0,false,"""17841401946499482"""
false,"{""is_possible_scammer"": false, ""is_possible_impersonator"": {""is_unconnected_impersonator"": false, ""connected_similar_user_id"": null}, ""is_possible_impersonator_threads"": {""is_unconnected_impersonator"": false, ""connected_similar_user_id"": null}}","""Dylan Robitaille""",false,"""dylan.robitaille""","""""","""""","""2523492227423330083_318276185""","""318276185""",true,"""https://scontent-yyz1-1.cdninstagram.com/v/t51.2885-19/157250789_5135209453187131_8884718746927840645_n.jpg?stp=dst-jpg_s150x150&_nc_ht=scontent-yyz1-1.cdninstagram.com&_nc_cat=107&_nc_ohc=7QEdE21JeMEAX9xEWDI&edm=ALB854YBAAAA&ccb=7-5&oh=00_AfBFYXopOwb58VtugV6nbXGfWKashkJHdlk1AcPcnXY83g&oe=65376631&_nc_sid=ce9561""",false,"""318276185""","""318276185""",0,[],0,false,"""17841400125554973"""
false,"{""is_possible_scammer"": false, ""is_possible_impersonator"": {""is_unconnected_impersonator"": false, ""connected_similar_user_id"": null}, ""is_possible_impersonator_threads"": {""is_unconnected_impersonator"": false, ""connected_similar_user_id"": null}}","""em  ◡̈""",false,"""independentlovers""","""""","""""","""2611384133547304315_8049906017""","""8049906017""",false,"""https://scontent-yyz1-1.cdninstagram.com/v/t51.2885-19/213194549_509633583582653_190162416467985526_n.jpg?stp=dst-jpg_s150x150&_nc_ht=scontent-yyz1-1.cdninstagram.com&_nc_cat=105&_nc_ohc=FNaFSqqaCnQAX93hovP&edm=ALB854YBAAAA&ccb=7-5&oh=00_AfCYQUH5Yq8dUTmJ20RUirelRxiduykyyNWF2Mf0E23Dfg&oe=65367690&_nc_sid=ce9561""",false,"""8049906017""","""8049906017""",0,[],0,false,"""17841407980526238"""
false,"{""is_possible_scammer"": false, ""is_possible_impersonator"": {""is_unconnected_impersonator"": false, ""connected_similar_user_id"": null}, ""is_possible_impersonator_threads"": {""is_unconnected_impersonator"": false, ""connected_similar_user_id"": null}}","""Shandra AinMelk Zarate""",false,"""shandraaz""","""""","""""","""3128196992488577979_1920864012""","""1920864012""",true,"""https://scontent-yyz1-1.cdninstagram.com/v/t51.2885-19/354756795_1476197259817906_4735166264340161035_n.jpg?stp=dst-jpg_s150x150&_nc_ht=scontent-yyz1-1.cdninstagram.com&_nc_cat=110&_nc_ohc=pTmo8RORd9gAX8AZwYp&edm=ALB854YBAAAA&ccb=7-5&oh=00_AfA4EtBt0W7yFpxHh9IYSQ6vadEJ3WOEBSkUo4ep7GrQeA&oe=65366A32&_nc_sid=ce9561""",false,"""1920864012""","""1920864012""",0,[],0,false,"""17841401920360108"""
false,"{""is_possible_scammer"": false, ""is_possible_impersonator"": {""is_unconnected_impersonator"": false, ""connected_similar_user_id"": null}, ""is_possible_impersonator_threads"": {""is_unconnected_impersonator"": false, ""connected_similar_user_id"": null}}","""Pénélope Blouin""",false,"""pepeblou00""","""""","""""","""2732575214799782952_338013001""","""338013001""",true,"""https://scontent-yyz1-1.cdninstagram.com/v/t51.2885-19/269719993_338752001044454_8846830561145203662_n.jpg?stp=dst-jpg_s150x150&_nc_ht=scontent-yyz1-1.cdninstagram.com&_nc_cat=102&_nc_ohc=bdZ7aCCY5wgAX8GkLrB&edm=ALB854YBAAAA&ccb=7-5&oh=00_AfDROSTJlDC6POh76CrnlzJoYtH48dHGg6hBUTBp3Ox3Lg&oe=6536452A&_nc_sid=ce9561""",false,"""338013001""","""338013001""",0,[],0,false,"""17841400870035281"""
false,"{""is_possible_scammer"": false, ""is_possible_impersonator"": {""is_unconnected_impersonator"": false, ""connected_similar_user_id"": null}, ""is_possible_impersonator_threads"": {""is_unconnected_impersonator"": false, ""connected_similar_user_id"": null}}","""Marie-Louise Therrien""",false,"""marielouisetherrien""","""""","""""","""2896179469280206990_24329826398""","""24329826398""",true,"""https://scontent-yyz1-1.cdninstagram.com/v/t51.2885-19/296735206_168143939087598_5934791693445511312_n.jpg?stp=dst-jpg_s150x150&_nc_ht=scontent-yyz1-1.cdninstagram.com&_nc_cat=106&_nc_ohc=4xD_YkRw5d0AX82NLpx&edm=ALB854YBAAAA&ccb=7-5&oh=00_AfC8fLKP2MSeSqLt6eHoWK86ZvNEvFKvFmesbAZPaa8tUw&oe=6537E498&_nc_sid=ce9561""",false,"""24329826398""","""24329826398""",0,[],0,false,"""17841424311951228"""
false,"{""is_possible_scammer"": false, ""is_possible_impersonator"": {""is_unconnected_impersonator"": false, ""connected_similar_user_id"": null}, ""is_possible_impersonator_threads"": {""is_unconnected_impersonator"": false, ""connected_similar_user_id"": null}}","""Krystel Guenette""",false,"""kry_g_07""","""""","""""","""3178158849810543421_6750669665""","""6750669665""",true,"""https://scontent-yyz1-1.cdninstagram.com/v/t51.2885-19/370023545_6556529051051184_8698465496017697929_n.jpg?stp=dst-jpg_s150x150&_nc_ht=scontent-yyz1-1.cdninstagram.com&_nc_cat=100&_nc_ohc=DcP5JPSAvngAX_rCC6r&edm=ALB854YBAAAA&ccb=7-5&oh=00_AfAzZCfmKChZYXARRcvpwUSs5ijvySOkVzKLPHxBX1ghEA&oe=6536831A&_nc_sid=ce9561""",false,"""6750669665""","""6750669665""",0,[],0,false,"""17841406889953833"""
false,"{""is_possible_scammer"": false, ""is_possible_impersonator"": {""is_unconnected_impersonator"": false, ""connected_similar_user_id"": null}, ""is_possible_impersonator_threads"": {""is_unconnected_impersonator"": false, ""connected_similar_user_id"": null}}","""""",false,"""anna.alberro""","""""","""""","""3109258585041092407_7549497740""","""7549497740""",true,"""https://scontent-yyz1-1.cdninstagram.com/v/t51.2885-19/348474743_256180397086898_5737399016350588938_n.jpg?stp=dst-jpg_s150x150&_nc_ht=scontent-yyz1-1.cdninstagram.com&_nc_cat=102&_nc_ohc=pY8nzB5HxJwAX8SYvAg&edm=ALB854YBAAAA&ccb=7-5&oh=00_AfDq1QiAKm76WH9CuvyVp3PGa_VkKIbSrJlMM7nh1Nlgtw&oe=65370286&_nc_sid=ce9561""",false,"""7549497740""","""7549497740""",0,[],0,false,"""17841407492213687"""
false,"{""is_possible_scammer"": false, ""is_possible_impersonator"": {""is_unconnected_impersonator"": false, ""connected_similar_user_id"": null}, ""is_possible_impersonator_threads"": {""is_unconnected_impersonator"": false, ""connected_similar_user_id"": null}}","""Maya 👐🏻""",false,"""mayagandey""","""""","""""","""3039648923107704184_1254834722""","""1254834722""",true,"""https://scontent-yyz1-1.cdninstagram.com/v/t51.2885-19/330968126_1375195209895952_1035179526288228152_n.jpg?stp=dst-jpg_s150x150&_nc_ht=scontent-yyz1-1.cdninstagram.com&_nc_cat=108&_nc_ohc=72CqqBCvTOQAX9ORMvP&edm=ALB854YBAAAA&ccb=7-5&oh=00_AfDbLy5vVtWl1VGxbKysdBFDxM-Mb9AWWyNJEzy9JyQKWQ&oe=65363272&_nc_sid=ce9561""",false,"""1254834722""","""1254834722""",0,[],0,false,"""17841401521679606"""
false,"{""is_possible_scammer"": false, ""is_possible_impersonator"": {""is_unconnected_impersonator"": false, ""connected_similar_user_id"": null}, ""is_possible_impersonator_threads"": {""is_unconnected_impersonator"": false, ""connected_similar_user_id"": null}}","""kéti""",false,"""ketiajutras""","""""","""""","""3204776722393931717_1507179531""","""1507179531""",true,"""https://scontent-yyz1-1.cdninstagram.com/v/t51.2885-19/385216339_323462537005286_1144276357335828341_n.jpg?stp=dst-jpg_s150x150&_nc_ht=scontent-yyz1-1.cdninstagram.com&_nc_cat=102&_nc_ohc=pByhkbHMOSwAX-mPfJg&edm=ALB854YBAAAA&ccb=7-5&oh=00_AfAbjgcHB5tBq733AkTv_UGThbBd_PvjKNrRmnPxok4X7Q&oe=6536A6D9&_nc_sid=ce9561""",false,"""1507179531""","""1507179531""",0,[],0,false,"""17841401305953549"""
false,"{""is_possible_scammer"": false, ""is_possible_impersonator"": {""is_unconnected_impersonator"": false, ""connected_similar_user_id"": null}, ""is_possible_impersonator_threads"": {""is_unconnected_impersonator"": false, ""connected_similar_user_id"": null}}","""Laurie Charette""",false,"""lauriecharette""","""""","""""","""3198962304183675754_215924454""","""215924454""",true,"""https://scontent-yyz1-1.cdninstagram.com/v/t51.2885-19/382924552_1070133093996492_737701457381816109_n.jpg?stp=dst-jpg_s150x150&_nc_ht=scontent-yyz1-1.cdninstagram.com&_nc_cat=100&_nc_ohc=G7JQ1Wg9JgYAX9ndT0u&edm=ALB854YBAAAA&ccb=7-5&oh=00_AfC-LqBUmIwNwYbtsfO_-ASG1gLBCGeAZw4g28P9yH5svg&oe=65368D0E&_nc_sid=ce9561""",false,"""215924454""","""215924454""",0,[],0,false,"""17841401573623373"""
false,"{""is_possible_scammer"": false, ""is_possible_impersonator"": {""is_unconnected_impersonator"": false, ""connected_similar_user_id"": null}, ""is_possible_impersonator_threads"": {""is_unconnected_impersonator"": false, ""connected_similar_user_id"": null}}","""Oleks""",false,"""oleks_izmaylova""","""""","""""","""2372130969177970068_4215103362""","""4215103362""",true,"""https://scontent-yyz1-1.cdninstagram.com/v/t51.2885-19/117305783_3140895426030305_3483853279639810629_n.jpg?stp=dst-jpg_s150x150&_nc_ht=scontent-yyz1-1.cdninstagram.com&_nc_cat=105&_nc_ohc=epYi8slq4d4AX8vMEhv&edm=ALB854YBAAAA&ccb=7-5&oh=00_AfBweHCTBKNMM72LcTUlBrS1p3BLP6fautqE8rykJh8rjA&oe=6536C1C2&_nc_sid=ce9561""",false,"""4215103362""","""4215103362""",0,[],0,false,"""17841404300876887"""
false,"{""is_possible_scammer"": false, ""is_possible_impersonator"": {""is_unconnected_impersonator"": false, ""connected_similar_user_id"": null}, ""is_possible_impersonator_threads"": {""is_unconnected_impersonator"": false, ""connected_similar_user_id"": null}}","""Jeanne Lessard""",false,"""jeanne_laisse""","""""","""""","""3217062559273102324_446461915""","""446461915""",true,"""https://scontent-yyz1-1.cdninstagram.com/v/t51.2885-19/394095541_713483174140086_2794017267415629756_n.jpg?stp=dst-jpg_s150x150&_nc_ht=scontent-yyz1-1.cdninstagram.com&_nc_cat=106&_nc_ohc=G9Gi-kzddAAAX8assjY&edm=ALB854YBAAAA&ccb=7-5&oh=00_AfDmv4yvlbVAsdbgP1qg6kQ7YI_23srUF1Jfp5F-p2100g&oe=6537D5BB&_nc_sid=ce9561""",false,"""446461915""","""446461915""",0,[],0,false,"""17841401857456975"""
false,"{""is_possible_scammer"": false, ""is_possible_impersonator"": {""is_unconnected_impersonator"": false, ""connected_similar_user_id"": null}, ""is_possible_impersonator_threads"": {""is_unconnected_impersonator"": false, ""connected_similar_user_id"": null}}","""لمياء🧞‍♀️""",false,"""lamiaa_chamoumi""","""""","""""","""2890958090714056046_406822267""","""406822267""",true,"""https://scontent-yyz1-1.cdninstagram.com/v/t51.2885-19/295935527_175751328261279_6106754426131513086_n.jpg?stp=dst-jpg_s150x150&_nc_ht=scontent-yyz1-1.cdninstagram.com&_nc_cat=103&_nc_ohc=JuJoZ1uhtfAAX_656Tu&edm=ALB854YBAAAA&ccb=7-5&oh=00_AfBX4Dm_mjscS_nQ5_oiafYGzkgDV_GTZN0kEz0F2BBc5A&oe=65365EBB&_nc_sid=ce9561""",false,"""406822267""","""406822267""",0,[],0,false,"""17841401148016356"""
false,"{""is_possible_scammer"": false, ""is_possible_impersonator"": {""is_unconnected_impersonator"": false, ""connected_similar_user_id"": null}, ""is_possible_impersonator_threads"": {""is_unconnected_impersonator"": false, ""connected_similar_user_id"": null}}","""yeah""",false,"""maggiewhitmore""","""""","""""","""2302876184571942216_2500596909""","""2500596909""",true,"""https://scontent-yyz1-1.cdninstagram.com/v/t51.2885-19/95666450_175453887031314_6670360162336768000_n.jpg?stp=dst-jpg_s150x150&_nc_ht=scontent-yyz1-1.cdninstagram.com&_nc_cat=106&_nc_ohc=K0pQH5XjVygAX8AMhkf&edm=ALB854YBAAAA&ccb=7-5&oh=00_AfCZEL-n7W6ZXebpRWVa0XL2zkGoxfGr6lbHYeW89Wqo0g&oe=6536D4D5&_nc_sid=ce9561""",false,"""2500596909""","""2500596909""",0,[],0,false,"""17841402547282574"""
false,"{""is_possible_scammer"": false, ""is_possible_impersonator"": {""is_unconnected_impersonator"": false, ""connected_similar_user_id"": null}, ""is_possible_impersonator_threads"": {""is_unconnected_impersonator"": false, ""connected_similar_user_id"": null}}","""Audrey D'Amours""",false,"""damoursaudrey""","""""","""""","""3197125941599497376_6254350664""","""6254350664""",true,"""https://scontent-yyz1-1.cdninstagram.com/v/t51.2885-19/380681852_3532530843741420_7394920847530227661_n.jpg?stp=dst-jpg_s150x150&_nc_ht=scontent-yyz1-1.cdninstagram.com&_nc_cat=100&_nc_ohc=lNul0ISgZCoAX8nHWMx&edm=ALB854YBAAAA&ccb=7-5&oh=00_AfDp4LqKz9agjuxf9G-wbvDbHRRndu8RzKlZgp-KxN9jBA&oe=653772C4&_nc_sid=ce9561""",false,"""6254350664""","""6254350664""",0,[],0,false,"""17841406439921793"""
false,"{""is_possible_scammer"": false, ""is_possible_impersonator"": {""is_unconnected_impersonator"": false, ""connected_similar_user_id"": null}, ""is_possible_impersonator_threads"": {""is_unconnected_impersonator"": false, ""connected_similar_user_id"": null}}","""AMINE ZERBAN""",false,"""amine_zerban""","""""","""""","""3148607148275656773_4236792392""","""4236792392""",true,"""https://scontent-yyz1-1.cdninstagram.com/v/t51.2885-19/361395425_1016886019672070_3184238106156610026_n.jpg?stp=dst-jpg_s150x150&_nc_ht=scontent-yyz1-1.cdninstagram.com&_nc_cat=102&_nc_ohc=T-9Latc6knAAX-Ki0oE&edm=ALB854YBAAAA&ccb=7-5&oh=00_AfCSGMnYNUTZuVMWajo75ncMpgWQWxS3psjZWz-5W6VQmw&oe=65364259&_nc_sid=ce9561""",false,"""4236792392""","""4236792392""",0,[],0,false,"""17841404091779599"""
false,"{""is_possible_scammer"": false, ""is_possible_impersonator"": {""is_unconnected_impersonator"": false, ""connected_similar_user_id"": null}, ""is_possible_impersonator_threads"": {""is_unconnected_impersonator"": false, ""connected_similar_user_id"": null}}","""Marianne Martel""",false,"""marimartel_""","""""","""""","""3181659459566640562_397073946""","""397073946""",true,"""https://scontent-yyz1-1.cdninstagram.com/v/t51.2885-19/373209905_323194923512095_7712942940758572295_n.jpg?stp=dst-jpg_s150x150&_nc_ht=scontent-yyz1-1.cdninstagram.com&_nc_cat=107&_nc_ohc=UEJ1ERj3B2wAX-Myv00&edm=ALB854YBAAAA&ccb=7-5&oh=00_AfDFxY9GtowY-sGQf07pb-iBBVyfQc-5EyXbYBwygMf3eA&oe=65377BEF&_nc_sid=ce9561""",false,"""397073946""","""397073946""",0,[],0,false,"""17841400538386204"""
false,"{""is_possible_scammer"": false, ""is_possible_impersonator"": {""is_unconnected_impersonator"": false, ""connected_similar_user_id"": null}, ""is_possible_impersonator_threads"": {""is_unconnected_impersonator"": false, ""connected_similar_user_id"": null}}","""Elena Pohl""",false,"""elena.pohl""","""""","""""","""2892445062786567401_2104186756""","""2104186756""",true,"""https://scontent-yyz1-1.cdninstagram.com/v/t51.2885-19/295854579_906193144117309_5252799942163878439_n.jpg?stp=dst-jpg_s150x150&_nc_ht=scontent-yyz1-1.cdninstagram.com&_nc_cat=101&_nc_ohc=uGCeCRVPtLAAX8_3rFp&edm=ALB854YBAAAA&ccb=7-5&oh=00_AfBgwkepjTjisFfWuIqAQ3oaNNuZ7ugjnsT8AqelovL4KA&oe=653791B9&_nc_sid=ce9561""",false,"""2104186756""","""2104186756""",0,[],0,false,"""17841402002703023"""
false,"{""is_possible_scammer"": false, ""is_possible_impersonator"": {""is_unconnected_impersonator"": false, ""connected_similar_user_id"": null}, ""is_possible_impersonator_threads"": {""is_unconnected_impersonator"": false, ""connected_similar_user_id"": null}}","""K̠a̠t̠e̠ L̠e̠w̠i̠s̠""",false,"""lewkate13""","""""","""""","""3087682963110508037_612236649""","""612236649""",true,"""https://scontent-yyz1-1.cdninstagram.com/v/t51.2885-19/342763609_184466864426441_7746827738961193770_n.jpg?stp=dst-jpg_s150x150&_nc_ht=scontent-yyz1-1.cdninstagram.com&_nc_cat=105&_nc_ohc=2WTdGWZHU6QAX81Cusq&edm=ALB854YBAAAA&ccb=7-5&oh=00_AfAwE63TPCLuQCMyenZ9C1bFDrkSoRHDzSdqtuxVaEdx2g&oe=653660DD&_nc_sid=ce9561""",false,"""612236649""","""612236649""",0,[],0,false,"""17841400379479566"""
false,"{""is_possible_scammer"": false, ""is_possible_impersonator"": {""is_unconnected_impersonator"": false, ""connected_similar_user_id"": null}, ""is_possible_impersonator_threads"": {""is_unconnected_impersonator"": false, ""connected_similar_user_id"": null}}","""Anne Lacroix""",false,"""_annelacroix_""","""""","""""","""2096972251022706595_15461463429""","""15461463429""",true,"""https://scontent-yyz1-1.cdninstagram.com/v/t51.2885-19/66409762_2448209738579572_1837364885852258304_n.jpg?stp=dst-jpg_s150x150&_nc_ht=scontent-yyz1-1.cdninstagram.com&_nc_cat=104&_nc_ohc=ZnBFAGnk2FcAX8e3rPI&edm=ALB854YBAAAA&ccb=7-5&oh=00_AfAAwW2v3eJPwaBArJk3l4VC2TN035utTAPxG8b5QvFxBg&oe=6537DDFC&_nc_sid=ce9561""",false,"""15461463429""","""15461463429""",0,[],0,false,"""17841415582882682"""
false,"{""is_possible_scammer"": false, ""is_possible_impersonator"": {""is_unconnected_impersonator"": false, ""connected_similar_user_id"": null}, ""is_possible_impersonator_threads"": {""is_unconnected_impersonator"": false, ""connected_similar_user_id"": null}}","""Marika Goulet""",false,"""_marikagoulet""","""""","""""","""3115878690160599317_348495609""","""348495609""",true,"""https://scontent-yyz1-1.cdninstagram.com/v/t51.2885-19/350544758_801570584918023_2732450640761605789_n.jpg?stp=dst-jpg_s150x150&_nc_ht=scontent-yyz1-1.cdninstagram.com&_nc_cat=107&_nc_ohc=SYegof4WcYwAX91A6w-&edm=ALB854YBAAAA&ccb=7-5&oh=00_AfAgBT1mvKAwUkWfjMPNBpA3fKGP1pEUj6NtjjI6Zzsz-g&oe=65371D90&_nc_sid=ce9561""",false,"""348495609""","""348495609""",0,[],0,false,"""17841400468275445"""
false,"{""is_possible_scammer"": false, ""is_possible_impersonator"": {""is_unconnected_impersonator"": false, ""connected_similar_user_id"": null}, ""is_possible_impersonator_threads"": {""is_unconnected_impersonator"": false, ""connected_similar_user_id"": null}}","""ᵇᵉᶜᵏʸ""",false,"""beehasik""","""""","""""","""3184611394775107874_351919972""","""351919972""",true,"""https://scontent-yyz1-1.cdninstagram.com/v/t51.2885-19/374530745_1061659981493055_5704472917595539004_n.jpg?stp=dst-jpg_s150x150&_nc_ht=scontent-yyz1-1.cdninstagram.com&_nc_cat=103&_nc_ohc=ykPKTzpSX80AX_D-nl5&edm=ALB854YBAAAA&ccb=7-5&oh=00_AfB6p6qIuV_AyEJjoxJPlMzwW6XunYYnXrcMl6XwdpSkEg&oe=65366680&_nc_sid=ce9561""",false,"""351919972""","""351919972""",0,[],0,false,"""17841401439165498"""
false,"{""is_possible_scammer"": false, ""is_possible_impersonator"": {""is_unconnected_impersonator"": false, ""connected_similar_user_id"": null}, ""is_possible_impersonator_threads"": {""is_unconnected_impersonator"": false, ""connected_similar_user_id"": null}}","""Allyson Grenier""",false,"""ally_grenier""","""""","""""","""2409976130112976814_4686508753""","""4686508753""",true,"""https://scontent-yyz1-1.cdninstagram.com/v/t51.2885-19/120482522_1020594825050030_3057873533722469402_n.jpg?stp=dst-jpg_s150x150&_nc_ht=scontent-yyz1-1.cdninstagram.com&_nc_cat=102&_nc_ohc=p8e5GuZpOSgAX-_Xl9W&edm=ALB854YBAAAA&ccb=7-5&oh=00_AfDFjjJV_w8Oc2pCtkpua35qs71fWOlgix0QnBJ5Nc_tOQ&oe=65363E67&_nc_sid=ce9561""",false,"""4686508753""","""4686508753""",0,[],0,false,"""17841404702605813"""
false,"{""is_possible_scammer"": false, ""is_possible_impersonator"": {""is_unconnected_impersonator"": false, ""connected_similar_user_id"": null}, ""is_possible_impersonator_threads"": {""is_unconnected_impersonator"": false, ""connected_similar_user_id"": null}}","""Jasmine""",false,"""jas.gren""","""""","""""","""2346112363340400791_6699312224""","""6699312224""",true,"""https://scontent-yyz1-1.cdninstagram.com/v/t51.2885-19/106544922_804908193377062_6244525831487288388_n.jpg?stp=dst-jpg_s150x150&_nc_ht=scontent-yyz1-1.cdninstagram.com&_nc_cat=110&_nc_ohc=IZ5s9EhRYmUAX8Yzov5&edm=ALB854YBAAAA&ccb=7-5&oh=00_AfA953ZumtStyFEHwOudc4XkPhwgT9Ijk_pw2K4-PhDyag&oe=65362262&_nc_sid=ce9561""",false,"""6699312224""","""6699312224""",0,[],0,false,"""17841406486747414"""
false,"{""is_possible_scammer"": false, ""is_possible_impersonator"": {""is_unconnected_impersonator"": false, ""connected_similar_user_id"": null}, ""is_possible_impersonator_threads"": {""is_unconnected_impersonator"": false, ""connected_similar_user_id"": null}}","""Jade""",false,"""o.jade_210""","""""","""""","""3194720804046132706_592271588""","""592271588""",true,"""https://scontent-yyz1-1.cdninstagram.com/v/t51.2885-19/379934867_1072205937141624_5641099243307514250_n.jpg?stp=dst-jpg_s150x150&_nc_ht=scontent-yyz1-1.cdninstagram.com&_nc_cat=100&_nc_ohc=ZLMOaJKgrdYAX-gXAim&edm=ALB854YBAAAA&ccb=7-5&oh=00_AfBjYWY2JYHNPR8F5Xul7ijlWBrLmspzeL9Jf1WhLhaWpw&oe=6537270E&_nc_sid=ce9561""",false,"""592271588""","""592271588""",0,[],0,false,"""17841400467649254"""
false,"{""is_possible_scammer"": false, ""is_possible_impersonator"": {""is_unconnected_impersonator"": false, ""connected_similar_user_id"": null}, ""is_possible_impersonator_threads"": {""is_unconnected_impersonator"": false, ""connected_similar_user_id"": null}}","""hannekelangeveld""",false,"""hannekelangeveld""","""""","""""","""2923802292496618182_445936155""","""445936155""",true,"""https://scontent-yyz1-1.cdninstagram.com/v/t51.2885-19/305915399_143418574758986_4142843635908573958_n.jpg?stp=dst-jpg_s150x150&_nc_ht=scontent-yyz1-1.cdninstagram.com&_nc_cat=102&_nc_ohc=m23BUf-OO5kAX8k0GY_&edm=ALB854YBAAAA&ccb=7-5&oh=00_AfBUMZOfo43Ug39RBdy02G8fqnysDoieXfYlzeI_u8_pSw&oe=65367DEA&_nc_sid=ce9561""",false,"""445936155""","""445936155""",0,[],0,false,"""17841401444656967"""
false,"{""is_possible_scammer"": false, ""is_possible_impersonator"": {""is_unconnected_impersonator"": false, ""connected_similar_user_id"": null}, ""is_possible_impersonator_threads"": {""is_unconnected_impersonator"": false, ""connected_similar_user_id"": null}}","""K O R A L Y D E S B I E N S""",false,"""_kkoorr""","""""","""""","""3170348192709043735_511070521""","""511070521""",true,"""https://scontent-yyz1-1.cdninstagram.com/v/t51.2885-19/367512133_305456698557161_59831086802612203_n.jpg?stp=dst-jpg_s150x150&_nc_ht=scontent-yyz1-1.cdninstagram.com&_nc_cat=105&_nc_ohc=SaJhUE7rFJMAX8jaKrr&edm=ALB854YBAAAA&ccb=7-5&oh=00_AfBpuEZrehWZOmYRmF3WG2lPm0cEkGLFjysP1DoLeiLljA&oe=6537697E&_nc_sid=ce9561""",false,"""511070521""","""511070521""",0,[],0,false,"""17841400915637985"""
false,"{""is_possible_scammer"": false, ""is_possible_impersonator"": {""is_unconnected_impersonator"": false, ""connected_similar_user_id"": null}, ""is_possible_impersonator_threads"": {""is_unconnected_impersonator"": false, ""connected_similar_user_id"": null}}","""Gabrielle Nadeau""",false,"""gabrielle_nadeau""","""""","""""","""3118566394484688337_146105168""","""146105168""",true,"""https://scontent-yyz1-1.cdninstagram.com/v/t51.2885-19/351176798_984373866315907_6867847468183850914_n.jpg?stp=dst-jpg_s150x150&_nc_ht=scontent-yyz1-1.cdninstagram.com&_nc_cat=107&_nc_ohc=A_NRJmaR1BwAX98MUPT&edm=ALB854YBAAAA&ccb=7-5&oh=00_AfDThobxIIryc9wHzf51O18cEJtq7NnogSE7tDoA03sMog&oe=65373BA6&_nc_sid=ce9561""",false,"""146105168""","""146105168""",0,[],0,false,"""17841401715042282"""
false,"{""is_possible_scammer"": false, ""is_possible_impersonator"": {""is_unconnected_impersonator"": false, ""connected_similar_user_id"": null}, ""is_possible_impersonator_threads"": {""is_unconnected_impersonator"": false, ""connected_similar_user_id"": null}}","""Netanya Lauzon""",false,"""netanyalau""","""""","""""","""2924689720887277697_673662988""","""673662988""",true,"""https://scontent-yyz1-1.cdninstagram.com/v/t51.2885-19/306280767_579659933666287_5131109694994296751_n.jpg?stp=dst-jpg_s150x150&_nc_ht=scontent-yyz1-1.cdninstagram.com&_nc_cat=107&_nc_ohc=SscnvcVkvMYAX9Hiqkh&edm=ALB854YBAAAA&ccb=7-5&oh=00_AfBQqcHY4tkcvvfpkzZFRohHnw9eBLOocpN0PeJGWW3_WQ&oe=6535FCA7&_nc_sid=ce9561""",false,"""673662988""","""673662988""",0,[],0,false,"""17841401889650525"""
false,"{""is_possible_scammer"": false, ""is_possible_impersonator"": {""is_unconnected_impersonator"": false, ""connected_similar_user_id"": null}, ""is_possible_impersonator_threads"": {""is_unconnected_impersonator"": false, ""connected_similar_user_id"": null}}","""Netanya Lauzon""",false,"""netanyalau""","""""","""""","""2924689720887277697_673662988""","""673662988""",true,"""https://scontent-yyz1-1.cdninstagram.com/v/t51.2885-19/306280767_579659933666287_5131109694994296751_n.jpg?stp=dst-jpg_s150x150&_nc_ht=scontent-yyz1-1.cdninstagram.com&_nc_cat=107&_nc_ohc=SscnvcVkvMYAX9Hiqkh&edm=ALB854YBAAAA&ccb=7-5&oh=00_AfBQqcHY4tkcvvfpkzZFRohHnw9eBLOocpN0PeJGWW3_WQ&oe=6535FCA7&_nc_sid=ce9561""",false,"""673662988""","""673662988""",0,[],0,false,"""17841401889650525"""
false,"{""is_possible_scammer"": false, ""is_possible_impersonator"": {""is_unconnected_impersonator"": false, ""connected_similar_user_id"": null}, ""is_possible_impersonator_threads"": {""is_unconnected_impersonator"": false, ""connected_similar_user_id"": null}}","""Annika Bradley""",false,"""annika_bradley""","""""","""""","""3110994645576393995_288777613""","""288777613""",true,"""https://scontent-yyz1-1.cdninstagram.com/v/t51.2885-19/349033174_6268452383271064_5927459297992893489_n.jpg?stp=dst-jpg_s150x150&_nc_ht=scontent-yyz1-1.cdninstagram.com&_nc_cat=104&_nc_ohc=NkOkFKkVpcgAX8VOWcz&edm=ALB854YBAAAA&ccb=7-5&oh=00_AfC6fNbWiHbkBAy2xxvrVLlOoh4rBUZbxzXZHaVpWZ9OKw&oe=65366605&_nc_sid=ce9561""",false,"""288777613""","""288777613""",0,[],0,false,"""17841400288394512"""
false,"{""is_possible_scammer"": false, ""is_possible_impersonator"": {""is_unconnected_impersonator"": false, ""connected_similar_user_id"": null}, ""is_possible_impersonator_threads"": {""is_unconnected_impersonator"": false, ""connected_similar_user_id"": null}}","""marguerite!!""",false,"""marg.mnr""","""""","""""","""3136615363444382921_8166387821""","""8166387821""",true,"""https://scontent-yyz1-1.cdninstagram.com/v/t51.2885-19/356926862_1194572627881114_1231011662181632578_n.jpg?stp=dst-jpg_s150x150&_nc_ht=scontent-yyz1-1.cdninstagram.com&_nc_cat=110&_nc_ohc=DiICll78OpAAX_7_TrN&edm=ALB854YBAAAA&ccb=7-5&oh=00_AfAlgnp7qc-AWj2Y0cv6QJqFpWx64KjKi3YQwyu5ansKVQ&oe=6537363D&_nc_sid=ce9561""",false,"""8166387821""","""8166387821""",0,[],0,false,"""17841408274630798"""
false,"{""is_possible_scammer"": false, ""is_possible_impersonator"": {""is_unconnected_impersonator"": false, ""connected_similar_user_id"": null}, ""is_possible_impersonator_threads"": {""is_unconnected_impersonator"": false, ""connected_similar_user_id"": null}}","""Janika""",false,"""janika.beausoleil""","""""","""""","""2660628749617559854_2308616565""","""2308616565""",true,"""https://scontent-yyz1-1.cdninstagram.com/v/t51.2885-19/241544770_153773110249514_1517186213605288026_n.jpg?stp=dst-jpg_s150x150&_nc_ht=scontent-yyz1-1.cdninstagram.com&_nc_cat=102&_nc_ohc=OuQFRmrjGo0AX8KHtvE&edm=ALB854YBAAAA&ccb=7-5&oh=00_AfAi6wHXupieoxDIv7F_DfLVcvwt0MTNRNP2_LKdw54_cQ&oe=65379C8B&_nc_sid=ce9561""",false,"""2308616565""","""2308616565""",0,[],0,false,"""17841402176968577"""
false,"{""is_possible_scammer"": false, ""is_possible_impersonator"": {""is_unconnected_impersonator"": false, ""connected_similar_user_id"": null}, ""is_possible_impersonator_threads"": {""is_unconnected_impersonator"": false, ""connected_similar_user_id"": null}}","""Marie-anna Charland""",false,"""mar1eanna""","""""","""""","""2839108657671130977_277286530""","""277286530""",true,"""https://scontent-yyz1-1.cdninstagram.com/v/t51.2885-19/281135406_1426385404448191_8454309471759718560_n.jpg?stp=dst-jpg_s150x150&_nc_ht=scontent-yyz1-1.cdninstagram.com&_nc_cat=107&_nc_ohc=749Bi-FeN3UAX_tjMWF&edm=ALB854YBAAAA&ccb=7-5&oh=00_AfAF4pXXEWhwDOCuXgGGWirWPVFAnIH8uZ8IKCEtCRPSRg&oe=65365E9D&_nc_sid=ce9561""",false,"""277286530""","""277286530""",0,[],0,false,"""17841401155904332"""
false,"{""is_possible_scammer"": false, ""is_possible_impersonator"": {""is_unconnected_impersonator"": false, ""connected_similar_user_id"": null}, ""is_possible_impersonator_threads"": {""is_unconnected_impersonator"": false, ""connected_similar_user_id"": null}}","""KD""",false,"""sogreenelephant""","""""","""""","""1651200126398866601_185846919""","""185846919""",true,"""https://scontent-yyz1-1.cdninstagram.com/v/t51.2885-19/23596055_128449114503178_1689856025072500736_n.jpg?stp=dst-jpg_s150x150&_nc_ht=scontent-yyz1-1.cdninstagram.com&_nc_cat=110&_nc_ohc=RjV8Bv2eWHgAX9cTbnd&edm=ALB854YBAAAA&ccb=7-5&oh=00_AfDko-BcKS3_k9SxWxRh9SV1tQWVEkyhZMm_b72jZ0ge4g&oe=6536A27B&_nc_sid=ce9561""",false,"""185846919""","""185846919""",0,[],0,false,"""17841401647572903"""
false,"{""is_possible_scammer"": false, ""is_possible_impersonator"": {""is_unconnected_impersonator"": false, ""connected_similar_user_id"": null}, ""is_possible_impersonator_threads"": {""is_unconnected_impersonator"": false, ""connected_similar_user_id"": null}}","""Jade""",false,"""_jadepetit_""","""""","""""","""2942708568076857159_6858039433""","""6858039433""",true,"""https://scontent-yyz1-1.cdninstagram.com/v/t51.2885-19/310442020_2958948130918398_4972122385901576730_n.jpg?stp=dst-jpg_s150x150&_nc_ht=scontent-yyz1-1.cdninstagram.com&_nc_cat=106&_nc_ohc=NRdMXrhROU4AX92En7q&edm=ALB854YBAAAA&ccb=7-5&oh=00_AfCh9ZZ2eat60qEiuNkS0OcYgjITZGB9_9o8MYu_xZfLsA&oe=65360DC8&_nc_sid=ce9561""",false,"""6858039433""","""6858039433""",0,[],0,false,"""17841406943007254"""
false,"{""is_possible_scammer"": false, ""is_possible_impersonator"": {""is_unconnected_impersonator"": false, ""connected_similar_user_id"": null}, ""is_possible_impersonator_threads"": {""is_unconnected_impersonator"": false, ""connected_similar_user_id"": null}}","""Georgia 🌿 LaPierre""",false,"""georgia.lapierre""","""""","""""","""3157725520091379077_285176979""","""285176979""",true,"""https://scontent-yyz1-1.cdninstagram.com/v/t51.2885-19/363507858_247580838091421_8256765642736167691_n.jpg?stp=dst-jpg_s150x150&_nc_ht=scontent-yyz1-1.cdninstagram.com&_nc_cat=105&_nc_ohc=pq22kvU1KhYAX-emk-c&edm=ALB854YBAAAA&ccb=7-5&oh=00_AfDz7NT-XJyXKLEBtKg_2CuzLfJqpsYphaz3GnDaTHRoYQ&oe=65361F96&_nc_sid=ce9561""",false,"""285176979""","""285176979""",0,[],0,false,"""17841401709374455"""
false,"{""is_possible_scammer"": false, ""is_possible_impersonator"": {""is_unconnected_impersonator"": false, ""connected_similar_user_id"": null}, ""is_possible_impersonator_threads"": {""is_unconnected_impersonator"": false, ""connected_similar_user_id"": null}}","""AmÉlie""",false,"""amelielanglois""","""""","""""","""3191783137381895378_182312743""","""182312743""",true,"""https://scontent-yyz1-1.cdninstagram.com/v/t51.2885-19/378603397_860764912248213_8644444811134305295_n.jpg?stp=dst-jpg_s150x150&_nc_ht=scontent-yyz1-1.cdninstagram.com&_nc_cat=109&_nc_ohc=DJBAefDl8GQAX-qXoHT&edm=ALB854YBAAAA&ccb=7-5&oh=00_AfCE4PpDBzB96cozkOqP9Me1plKNxAAy3qRcf7nDUKVMjQ&oe=6536EF70&_nc_sid=ce9561""",false,"""182312743""","""182312743""",0,[],0,false,"""17841401222292848"""
false,"{""is_possible_scammer"": false, ""is_possible_impersonator"": {""is_unconnected_impersonator"": false, ""connected_similar_user_id"": null}, ""is_possible_impersonator_threads"": {""is_unconnected_impersonator"": false, ""connected_similar_user_id"": null}}","""drea""",false,"""andrearuizbb""","""""","""""","""3094857620674822070_1144129737""","""1144129737""",true,"""https://scontent-yyz1-1.cdninstagram.com/v/t51.2885-19/344508499_1396552537807235_7899005267897183471_n.jpg?stp=dst-jpg_s150x150&_nc_ht=scontent-yyz1-1.cdninstagram.com&_nc_cat=111&_nc_ohc=LaolHdcERooAX9-qNIW&edm=ALB854YBAAAA&ccb=7-5&oh=00_AfCmTHY6DjWnCoO0tTzpPaQy1tKYhcY8L0SvAAybJiVtlg&oe=6537D093&_nc_sid=ce9561""",false,"""1144129737""","""1144129737""",0,[],0,false,"""17841400052127877"""
false,"{""is_possible_scammer"": false, ""is_possible_impersonator"": {""is_unconnected_impersonator"": false, ""connected_similar_user_id"": null}, ""is_possible_impersonator_threads"": {""is_unconnected_impersonator"": false, ""connected_similar_user_id"": null}}","""Alec Simoneau""",false,"""4lec21""","""""","""""","""2895590527661235709_3486321970""","""3486321970""",true,"""https://scontent-yyz1-1.cdninstagram.com/v/t51.2885-19/296791379_178911217944012_4848114296610143259_n.jpg?stp=dst-jpg_s150x150&_nc_ht=scontent-yyz1-1.cdninstagram.com&_nc_cat=100&_nc_ohc=gS7mMeog4-oAX-tXwU-&edm=ALB854YBAAAA&ccb=7-5&oh=00_AfBCmXUicjUnL13pWrEuHhZD5rsm3Ci01I9nGZglze4gkw&oe=6536A371&_nc_sid=ce9561""",false,"""3486321970""","""3486321970""",0,[],0,false,"""17841403419115790"""
false,"{""is_possible_scammer"": false, ""is_possible_impersonator"": {""is_unconnected_impersonator"": false, ""connected_similar_user_id"": null}, ""is_possible_impersonator_threads"": {""is_unconnected_impersonator"": false, ""connected_similar_user_id"": null}}","""ORIANA""",false,"""orianaaz""","""""","""""","""3216721366987920902_277062972""","""277062972""",true,"""https://scontent-yyz1-1.cdninstagram.com/v/t51.2885-19/393631953_1061560005188418_3315058630735183652_n.jpg?stp=dst-jpg_s150x150&_nc_ht=scontent-yyz1-1.cdninstagram.com&_nc_cat=106&_nc_ohc=LWmcolG423QAX_z44ma&edm=ALB854YBAAAA&ccb=7-5&oh=00_AfBMPFIcAOli6NquiCF1hdSG0fgxkPJT1txl_1QMGEFupA&oe=653719CA&_nc_sid=ce9561""",false,"""277062972""","""277062972""",0,[],0,false,"""17841400209164329"""
false,"{""is_possible_scammer"": false, ""is_possible_impersonator"": {""is_unconnected_impersonator"": false, ""connected_similar_user_id"": null}, ""is_possible_impersonator_threads"": {""is_unconnected_impersonator"": false, ""connected_similar_user_id"": null}}","""Aurélie Julien""",false,"""aureliejulien11""","""""","""""","""2954377657316842986_684657373""","""684657373""",true,"""https://scontent-yyz1-1.cdninstagram.com/v/t51.2885-19/312132841_398719202457572_3117974509745513219_n.jpg?stp=dst-jpg_s150x150&_nc_ht=scontent-yyz1-1.cdninstagram.com&_nc_cat=108&_nc_ohc=rKKaTkiG8hwAX-17rf-&edm=ALB854YBAAAA&ccb=7-5&oh=00_AfD_xE9xLVZhT9GoHPBUgNRPb0XBRINHqyc0rpMdvuAUtw&oe=6536AD03&_nc_sid=ce9561""",false,"""684657373""","""684657373""",0,[],0,false,"""17841401481200697"""
false,"{""is_possible_scammer"": false, ""is_possible_impersonator"": {""is_unconnected_impersonator"": false, ""connected_similar_user_id"": null}, ""is_possible_impersonator_threads"": {""is_unconnected_impersonator"": false, ""connected_similar_user_id"": null}}","""Mackenzie Paul""",false,"""mightymackk""","""""","""""","""2996700918381560748_971093702""","""971093702""",true,"""https://scontent-yyz1-1.cdninstagram.com/v/t51.2885-19/320528272_893081758350510_7424979220736063458_n.jpg?stp=dst-jpg_s150x150&_nc_ht=scontent-yyz1-1.cdninstagram.com&_nc_cat=106&_nc_ohc=845ueCR8pWIAX90y9RL&edm=ALB854YBAAAA&ccb=7-5&oh=00_AfB-BhQM6ikXO0bQn8YsB7ViwXRXqF1YDtkH98AXPd5OEA&oe=6536468A&_nc_sid=ce9561""",false,"""971093702""","""971093702""",0,[],0,false,"""17841400651075173"""
false,"{""is_possible_scammer"": false, ""is_possible_impersonator"": {""is_unconnected_impersonator"": false, ""connected_similar_user_id"": null}, ""is_possible_impersonator_threads"": {""is_unconnected_impersonator"": false, ""connected_similar_user_id"": null}}","""""",false,"""nadeigeroy""","""""","""""","""3210860913313189490_519581373""","""519581373""",true,"""https://scontent-yyz1-1.cdninstagram.com/v/t51.2885-19/390993329_154384024419141_1159810744791835181_n.jpg?stp=dst-jpg_s150x150&_nc_ht=scontent-yyz1-1.cdninstagram.com&_nc_cat=109&_nc_ohc=5zKJA3VuXM4AX8ITN3o&edm=ALB854YBAAAA&ccb=7-5&oh=00_AfD4qtu2xLkhffGk8dGL19tdmjMWn6X05aVWMV4OQWRm3w&oe=6537201F&_nc_sid=ce9561""",false,"""519581373""","""519581373""",0,[],0,false,"""17841400881198118"""
false,"{""is_possible_scammer"": false, ""is_possible_impersonator"": {""is_unconnected_impersonator"": false, ""connected_similar_user_id"": null}, ""is_possible_impersonator_threads"": {""is_unconnected_impersonator"": false, ""connected_similar_user_id"": null}}","""Zainab 🦋""",false,"""zainablawal_""","""""","""""","""3082839039393037343_2948571905""","""2948571905""",true,"""https://scontent-yyz1-1.cdninstagram.com/v/t51.2885-19/341348793_1907308196282520_3181564510996985928_n.jpg?stp=dst-jpg_s150x150&_nc_ht=scontent-yyz1-1.cdninstagram.com&_nc_cat=100&_nc_ohc=3isOirG8egwAX-ZXX9v&edm=ALB854YBAAAA&ccb=7-5&oh=00_AfChcuFUF5mVUUXjc8f5CDk27ozvqsHOBR0qQSU0RDsORw&oe=65365DD1&_nc_sid=ce9561""",false,"""2948571905""","""2948571905""",0,[],0,false,"""17841402997158571"""
false,"{""is_possible_scammer"": false, ""is_possible_impersonator"": {""is_unconnected_impersonator"": false, ""connected_similar_user_id"": null}, ""is_possible_impersonator_threads"": {""is_unconnected_impersonator"": false, ""connected_similar_user_id"": null}}","""krissy 👹""",false,"""gorillagripkris""","""""","""""","""3187659758777384183_7025762272""","""7025762272""",true,"""https://scontent-yyz1-1.cdninstagram.com/v/t51.2885-19/375653938_3677591135787466_5055131340511154716_n.jpg?stp=dst-jpg_s150x150&_nc_ht=scontent-yyz1-1.cdninstagram.com&_nc_cat=110&_nc_ohc=4_uJPxWzAzIAX9WwKGs&edm=ALB854YBAAAA&ccb=7-5&oh=00_AfDhF7Y7XSwBfp6FN3MRD5yJV4YJL9XcEvbnnV-GsRbTWQ&oe=6536D00A&_nc_sid=ce9561""",false,"""7025762272""","""7025762272""",0,[],0,false,"""17841407028168220"""
false,"{""is_possible_scammer"": false, ""is_possible_impersonator"": {""is_unconnected_impersonator"": false, ""connected_similar_user_id"": null}, ""is_possible_impersonator_threads"": {""is_unconnected_impersonator"": false, ""connected_similar_user_id"": null}}","""Sara""",false,"""saroucool""","""""","""""","""2571609405471489001_300232081""","""300232081""",true,"""https://scontent-yyz1-1.cdninstagram.com/v/t51.2885-19/183781858_1271014053295176_6438998882005597028_n.jpg?stp=dst-jpg_s150x150&_nc_ht=scontent-yyz1-1.cdninstagram.com&_nc_cat=100&_nc_ohc=oRgCu60f4yUAX8lcTjA&edm=ALB854YBAAAA&ccb=7-5&oh=00_AfD6UQRP6FyC4o2TlYTNp4tJ1ChLyRF4FFktKyhfDzXhFw&oe=653610E4&_nc_sid=ce9561""",false,"""300232081""","""300232081""",0,[],0,false,"""17841400242434691"""
false,"{""is_possible_scammer"": false, ""is_possible_impersonator"": {""is_unconnected_impersonator"": false, ""connected_similar_user_id"": null}, ""is_possible_impersonator_threads"": {""is_unconnected_impersonator"": false, ""connected_similar_user_id"": null}}","""Inspire""",false,"""inspiretobetter""","""""","""""","""3107597028755179894_15400657822""","""15400657822""",true,"""https://scontent-yyz1-1.cdninstagram.com/v/t51.2885-19/348621148_264885242777805_63618542363032253_n.jpg?stp=dst-jpg_s150x150&_nc_ht=scontent-yyz1-1.cdninstagram.com&_nc_cat=109&_nc_ohc=Zyf7TYPCkEsAX9dWcxP&edm=ALB854YBAAAA&ccb=7-5&oh=00_AfANhYqWKzn0YMyavHS-UvBgR_IASQvLsKMCFi66YpParg&oe=6536F4D0&_nc_sid=ce9561""",false,"""15400657822""","""15400657822""",0,[],0,false,"""17841415414665082"""
false,"{""is_possible_scammer"": false, ""is_possible_impersonator"": {""is_unconnected_impersonator"": false, ""connected_similar_user_id"": null}, ""is_possible_impersonator_threads"": {""is_unconnected_impersonator"": false, ""connected_similar_user_id"": null}}","""Marie-Jeanne Dostie""",false,"""marie_dostie""","""""","""""","""2969387247204948587_314270781""","""314270781""",true,"""https://scontent-yyz1-1.cdninstagram.com/v/t51.2885-19/315010363_1201603887427143_6786978083713925069_n.jpg?stp=dst-jpg_s150x150&_nc_ht=scontent-yyz1-1.cdninstagram.com&_nc_cat=103&_nc_ohc=H_GSUIhsoncAX-GiV5o&edm=ALB854YBAAAA&ccb=7-5&oh=00_AfC-eR4imAYyFqjPOxAjitXq9TPt3iQ17b9EfKB_xez62A&oe=6537B1BE&_nc_sid=ce9561""",false,"""314270781""","""314270781""",0,[],0,false,"""17841400923434910"""
false,"{""is_possible_scammer"": false, ""is_possible_impersonator"": {""is_unconnected_impersonator"": false, ""connected_similar_user_id"": null}, ""is_possible_impersonator_threads"": {""is_unconnected_impersonator"": false, ""connected_similar_user_id"": null}}","""Chocolate Socrates""",false,"""chocolate_socrates""","""""","""""","""3134351263113495977_1670538165""","""1670538165""",false,"""https://scontent-yyz1-1.cdninstagram.com/v/t51.2885-19/356260004_800084661732538_4269861641092073098_n.jpg?stp=dst-jpg_s150x150&_nc_ht=scontent-yyz1-1.cdninstagram.com&_nc_cat=110&_nc_ohc=GMuBEnFqsh4AX_yO4Fd&edm=ALB854YBAAAA&ccb=7-5&oh=00_AfCRtI5BL3enRmXaWYE9HjTtSS79fQNCe7wEN3_sqKzigw&oe=65367091&_nc_sid=ce9561""",false,"""1670538165""","""1670538165""",0,[],0,false,"""17841400304976102"""
false,"{""is_possible_scammer"": false, ""is_possible_impersonator"": {""is_unconnected_impersonator"": false, ""connected_similar_user_id"": null}, ""is_possible_impersonator_threads"": {""is_unconnected_impersonator"": false, ""connected_similar_user_id"": null}}","""Story Templates""",false,"""storytemps""","""""","""""","""1727727601399600754_7217958704""","""7217958704""",false,"""https://scontent-yyz1-1.cdninstagram.com/v/t51.2885-19/28157249_954270078053919_3520873898449043456_n.jpg?stp=dst-jpg_s150x150&_nc_ht=scontent-yyz1-1.cdninstagram.com&_nc_cat=103&_nc_ohc=CtsGTenpFWwAX9_c4Vl&edm=ALB854YBAAAA&ccb=7-5&oh=00_AfArV_ofQOQg7d4qvFmjgntrHdn7QejR8THMxFWYDYokkA&oe=6536673C&_nc_sid=ce9561""",false,"""7217958704""","""7217958704""",0,[],0,false,"""17841407401122244"""
false,"{""is_possible_scammer"": false, ""is_possible_impersonator"": {""is_unconnected_impersonator"": false, ""connected_similar_user_id"": null}, ""is_possible_impersonator_threads"": {""is_unconnected_impersonator"": false, ""connected_similar_user_id"": null}}","""Lili""",false,"""liliane_marsh""","""""","""""","""3202807451485669356_3469870041""","""3469870041""",true,"""https://scontent-yyz1-1.cdninstagram.com/v/t51.2885-19/383071317_694480048839925_3365947568569794910_n.jpg?stp=dst-jpg_s150x150&_nc_ht=scontent-yyz1-1.cdninstagram.com&_nc_cat=101&_nc_ohc=t-7Hyaa58BEAX-PomV-&edm=ALB854YBAAAA&ccb=7-5&oh=00_AfBx98k6kUVda1OKV7cFt72Psjxi7KmHKoBdzhl_jzjrwg&oe=6537A918&_nc_sid=ce9561""",false,"""3469870041""","""3469870041""",0,[],0,false,"""17841403541243733"""
false,"{""is_possible_scammer"": false, ""is_possible_impersonator"": {""is_unconnected_impersonator"": false, ""connected_similar_user_id"": null}, ""is_possible_impersonator_threads"": {""is_unconnected_impersonator"": false, ""connected_similar_user_id"": null}}","""Lorie Nkurunziza""",false,"""lorie.nk""","""""","""""","""2932707207423838328_17707089979""","""17707089979""",true,"""https://scontent-yyz1-1.cdninstagram.com/v/t51.2885-19/307996087_1447874522381659_9099116216961313626_n.jpg?stp=dst-jpg_s150x150&_nc_ht=scontent-yyz1-1.cdninstagram.com&_nc_cat=107&_nc_ohc=SuowJ5Q8wFYAX_L0bq7&edm=ALB854YBAAAA&ccb=7-5&oh=00_AfD9RgPva68bdOru7t77oVOQt-UJ-KbOF8ZNK1Yv0mRzRA&oe=65376F67&_nc_sid=ce9561""",false,"""17707089979""","""17707089979""",0,[],0,false,"""17841417579393386"""
false,"{""is_possible_scammer"": false, ""is_possible_impersonator"": {""is_unconnected_impersonator"": false, ""connected_similar_user_id"": null}, ""is_possible_impersonator_threads"": {""is_unconnected_impersonator"": false, ""connected_similar_user_id"": null}}","""Louis-simon Lamirande""",false,"""louis_lamirande""","""""","""""","""2379470194369991732_8485676141""","""8485676141""",false,"""https://scontent-yyz1-1.cdninstagram.com/v/t51.2885-19/117889939_2750857791839227_1852718023795695869_n.jpg?stp=dst-jpg_s150x150&_nc_ht=scontent-yyz1-1.cdninstagram.com&_nc_cat=107&_nc_ohc=kztZVv3xsz4AX9WUq52&edm=ALB854YBAAAA&ccb=7-5&oh=00_AfDzK2icXSzLQwGazOhq9O8sMu4SK7OfqztCqOudxLZFUg&oe=65378CD6&_nc_sid=ce9561""",false,"""8485676141""","""8485676141""",0,[],0,false,"""17841408524240709"""
false,"{""is_possible_scammer"": false, ""is_possible_impersonator"": {""is_unconnected_impersonator"": false, ""connected_similar_user_id"": null}, ""is_possible_impersonator_threads"": {""is_unconnected_impersonator"": false, ""connected_similar_user_id"": null}}","""faith""",false,"""faithtillsagh""","""""","""""","""2811970928805744743_3914336767""","""3914336767""",true,"""https://scontent-yyz1-1.cdninstagram.com/v/t51.2885-19/277952703_396381231956356_864011498073815916_n.jpg?stp=dst-jpg_s150x150&_nc_ht=scontent-yyz1-1.cdninstagram.com&_nc_cat=104&_nc_ohc=9ZxlcRCyfAAAX9Xx5pW&edm=ALB854YBAAAA&ccb=7-5&oh=00_AfD-Rp8R1LLxTv-ifJ6gWvRpHIlqcuSfTp9zJB3Yrb4tFw&oe=6537A7FC&_nc_sid=ce9561""",false,"""3914336767""","""3914336767""",0,[],0,false,"""17841403863019292"""
false,"{""is_possible_scammer"": false, ""is_possible_impersonator"": {""is_unconnected_impersonator"": false, ""connected_similar_user_id"": null}, ""is_possible_impersonator_threads"": {""is_unconnected_impersonator"": false, ""connected_similar_user_id"": null}}","""Lisa""",false,"""feminist.lisa""","""""","""""","""1866142176373605917_6946509566""","""6946509566""",false,"""https://scontent-yyz1-1.cdninstagram.com/v/t51.2885-19/40807560_317909592308618_3097720676631445504_n.jpg?stp=dst-jpg_s150x150&_nc_ht=scontent-yyz1-1.cdninstagram.com&_nc_cat=102&_nc_ohc=HigB2d38p9MAX-XMzPA&edm=ALB854YBAAAA&ccb=7-5&oh=00_AfAZnewCnjXtX51k8J-YfwpIlnYLfsQaALs8YyE4dgiZnw&oe=653763C9&_nc_sid=ce9561""",false,"""6946509566""","""6946509566""",0,[],0,false,"""17841406887008313"""
false,"{""is_possible_scammer"": false, ""is_possible_impersonator"": {""is_unconnected_impersonator"": false, ""connected_similar_user_id"": null}, ""is_possible_impersonator_threads"": {""is_unconnected_impersonator"": false, ""connected_similar_user_id"": null}}","""""",false,"""jocko_private""","""""","""""","""2893586290005609678_54182261732""","""54182261732""",true,"""https://scontent-yyz1-1.cdninstagram.com/v/t51.2885-19/296121499_779411680150143_3449746684072841745_n.jpg?stp=dst-jpg_s150x150&_nc_ht=scontent-yyz1-1.cdninstagram.com&_nc_cat=103&_nc_ohc=hXCIFtgeSuwAX8zZqvR&edm=ALB854YBAAAA&ccb=7-5&oh=00_AfDGaRv5W5EgbmYv36ZCazjABSspHp9D8dRevXsfcO8Hhw&oe=65363502&_nc_sid=ce9561""",false,"""54182261732""","""54182261732""",0,[],0,false,"""17841454171982782"""
false,"{""is_possible_scammer"": false, ""is_possible_impersonator"": {""is_unconnected_impersonator"": false, ""connected_similar_user_id"": null}, ""is_possible_impersonator_threads"": {""is_unconnected_impersonator"": false, ""connected_similar_user_id"": null}}","""L Y S.""",false,"""alv.ss.a""","""""","""""","""2136818939389633221_436671170""","""436671170""",false,"""https://scontent-yyz1-1.cdninstagram.com/v/t51.2885-19/70780815_402059533844653_1162811311050981376_n.jpg?stp=dst-jpg_s150x150&_nc_ht=scontent-yyz1-1.cdninstagram.com&_nc_cat=101&_nc_ohc=C3sXirL7FZgAX9x_ZJl&edm=ALB854YBAAAA&ccb=7-5&oh=00_AfBxnu9yukbz6s_pazU9POwTGFFkxc3YQ6exb2GnzIKPDg&oe=653698C8&_nc_sid=ce9561""",false,"""436671170""","""436671170""",0,[],0,false,"""17841401895106822"""
false,"{""is_possible_scammer"": false, ""is_possible_impersonator"": {""is_unconnected_impersonator"": false, ""connected_similar_user_id"": null}, ""is_possible_impersonator_threads"": {""is_unconnected_impersonator"": false, ""connected_similar_user_id"": null}}","""Words of Jupiter""",false,"""words_of_jupiter""","""""","""""","""2343824108850449461_434564812""","""434564812""",false,"""https://scontent-yyz1-1.cdninstagram.com/v/t51.2885-19/106031831_1218466281821240_3198227748131396039_n.jpg?stp=dst-jpg_s150x150&_nc_ht=scontent-yyz1-1.cdninstagram.com&_nc_cat=108&_nc_ohc=JDdaDyYvXyQAX9Pe9mR&edm=ALB854YBAAAA&ccb=7-5&oh=00_AfAij9zbFYFIPsj4RoQnBrDGXntprVRyfDCGdOLH-vGW5g&oe=65369C3A&_nc_sid=ce9561""",false,"""434564812""","""434564812""",0,[],0,false,"""17841400144366790"""
false,"{""is_possible_scammer"": false, ""is_possible_impersonator"": {""is_unconnected_impersonator"": false, ""connected_similar_user_id"": null}, ""is_possible_impersonator_threads"": {""is_unconnected_impersonator"": false, ""connected_similar_user_id"": null}}","""Mack and Amanda""",false,"""macmandasfinsta""","""""","""""","""2421967412456678416_10146917359""","""10146917359""",true,"""https://scontent-yyz1-1.cdninstagram.com/v/t51.2885-19/121577088_171675291287934_2578396230943634893_n.jpg?stp=dst-jpg_s150x150&_nc_ht=scontent-yyz1-1.cdninstagram.com&_nc_cat=106&_nc_ohc=yS6LERdbiq8AX_wyhT1&edm=ALB854YBAAAA&ccb=7-5&oh=00_AfDqscuO2sOZbMb05k8i8OwjHWhWv45EqPnpIhKNj0Zwug&oe=6536AB4F&_nc_sid=ce9561""",false,"""10146917359""","""10146917359""",0,[],0,false,"""17841410240778364"""
false,"{""is_possible_scammer"": false, ""is_possible_impersonator"": {""is_unconnected_impersonator"": false, ""connected_similar_user_id"": null}, ""is_possible_impersonator_threads"": {""is_unconnected_impersonator"": false, ""connected_similar_user_id"": null}}","""Justine Bergeron""",false,"""ju.s.ti.n.e""","""""","""""","""3162799114290831000_223738153""","""223738153""",true,"""https://scontent-yyz1-1.cdninstagram.com/v/t51.2885-19/364949610_3438362249808599_4251639461550308007_n.jpg?stp=dst-jpg_s150x150&_nc_ht=scontent-yyz1-1.cdninstagram.com&_nc_cat=111&_nc_ohc=gxS2cM2rElgAX9qP7lj&edm=ALB854YBAAAA&ccb=7-5&oh=00_AfA_AbbSmBeGMXKeOV5S58CGTaxMurfFMJCP5pluoaUROQ&oe=6537872E&_nc_sid=ce9561""",false,"""223738153""","""223738153""",0,[],0,false,"""17841401744593495"""
false,"{""is_possible_scammer"": false, ""is_possible_impersonator"": {""is_unconnected_impersonator"": false, ""connected_similar_user_id"": null}, ""is_possible_impersonator_threads"": {""is_unconnected_impersonator"": false, ""connected_similar_user_id"": null}}","""Marvin Movie""",false,"""marvinmovie""","""""","""""","""2322574842476856582_12320496882""","""12320496882""",false,"""https://scontent-yyz1-1.cdninstagram.com/v/t51.2885-19/101426425_253593805978869_408293150369513472_n.jpg?stp=dst-jpg_s150x150&_nc_ht=scontent-yyz1-1.cdninstagram.com&_nc_cat=109&_nc_ohc=1huViWSIfckAX_obf0z&edm=ALB854YBAAAA&ccb=7-5&oh=00_AfD27GMPsbC5P3jmY9J26mwel83qUCrRcuUclFH7MM-yeg&oe=6536C6BA&_nc_sid=ce9561""",false,"""12320496882""","""12320496882""",0,[],0,false,"""17841412266470062"""
false,"{""is_possible_scammer"": false, ""is_possible_impersonator"": {""is_unconnected_impersonator"": false, ""connected_similar_user_id"": null}, ""is_possible_impersonator_threads"": {""is_unconnected_impersonator"": false, ""connected_similar_user_id"": null}}","""The Catwalk Italia - TCI""",false,"""thecatwalkitalia""","""""","""""","""1269596475322533283_1347343072""","""1347343072""",false,"""https://scontent-yyz1-1.cdninstagram.com/v/t51.2885-19/43914948_322334921687500_136513014357557248_n.jpg?stp=dst-jpg_s150x150&_nc_ht=scontent-yyz1-1.cdninstagram.com&_nc_cat=104&_nc_ohc=kwozjKwLr-YAX-dgnGC&edm=ALB854YBAAAA&ccb=7-5&oh=00_AfCJW86iAk2JTaTdL4KJY3NWR1-ciKGsB5YKxr-DPTu9RQ&oe=65373ADF&_nc_sid=ce9561""",false,"""1347343072""","""1347343072""",0,[],0,false,"""17841400452181052"""
false,"{""is_possible_scammer"": false, ""is_possible_impersonator"": {""is_unconnected_impersonator"": false, ""connected_similar_user_id"": null}, ""is_possible_impersonator_threads"": {""is_unconnected_impersonator"": false, ""connected_similar_user_id"": null}}","""Gabrielle""",false,"""gabe.grenier""","""""","""""","""1988229113227271244_2718579730""","""2718579730""",true,"""https://scontent-yyz1-1.cdninstagram.com/v/t51.2885-19/51457477_356183808303807_1996287115414994944_n.jpg?stp=dst-jpg_s150x150&_nc_ht=scontent-yyz1-1.cdninstagram.com&_nc_cat=103&_nc_ohc=cigxYO5MFbUAX9dFEfP&edm=ALB854YBAAAA&ccb=7-5&oh=00_AfDj9k8B3D-FBtW6zyCZfAon2KVM6BQQ0pvLHnK_8abp5g&oe=6536F7A7&_nc_sid=ce9561""",false,"""2718579730""","""2718579730""",0,[],0,false,"""17841402751909822"""
false,"{""is_possible_scammer"": false, ""is_possible_impersonator"": {""is_unconnected_impersonator"": false, ""connected_similar_user_id"": null}, ""is_possible_impersonator_threads"": {""is_unconnected_impersonator"": false, ""connected_similar_user_id"": null}}","""Audrey-anne Pomerleau""",false,"""audreypomerleau_""","""""","""""","""2541003218103496439_1116573226""","""1116573226""",true,"""https://scontent-yyz1-1.cdninstagram.com/v/t51.2885-19/166938323_804606003496641_5770454199030027093_n.jpg?stp=dst-jpg_s150x150&_nc_ht=scontent-yyz1-1.cdninstagram.com&_nc_cat=109&_nc_ohc=3luTKFk9xVkAX-ValIU&edm=ALB854YBAAAA&ccb=7-5&oh=00_AfC6cC818VnShn5XChl9GwbMgZFssLQP6QZi4oEaJmVSug&oe=65362792&_nc_sid=ce9561""",false,"""1116573226""","""1116573226""",0,[],0,false,"""17841400876797446"""
false,"{""is_possible_scammer"": false, ""is_possible_impersonator"": {""is_unconnected_impersonator"": false, ""connected_similar_user_id"": null}, ""is_possible_impersonator_threads"": {""is_unconnected_impersonator"": false, ""connected_similar_user_id"": null}}","""""",false,"""priyaquotes""","""""","""""","""1452226865812338987_1587155525""","""1587155525""",true,"""https://scontent-yyz1-1.cdninstagram.com/v/t51.2885-19/16465644_418681781811311_1636582144086114304_a.jpg?stp=dst-jpg_s150x150&_nc_ht=scontent-yyz1-1.cdninstagram.com&_nc_cat=111&_nc_ohc=mUNaQ0j85VEAX9o2Ai4&edm=ALB854YBAAAA&ccb=7-5&oh=00_AfC_S71nWCP2Q6WTCz4cQarntq7vaLujEW5L-Vu3vLZmVg&oe=6537C3A6&_nc_sid=ce9561""",false,"""1587155525""","""1587155525""",0,[],0,false,"""17841400585774799"""
